filename,split,Bareland_gt_reg,Bareland_ps_reg,Rangeland_gt_reg,Rangeland_ps_reg,Developed_gt_reg,Developed_ps_reg,Road_gt_reg,Road_ps_reg,Tree_gt_reg,Tree_ps_reg,Water_gt_reg,Water_ps_reg,Agriculture_gt_reg,Agriculture_ps_reg,Building_gt_reg,Building_ps_reg,gt_regions,ps_regions,frag_ratio
svaneti_60.tif,train,0,0,7,42,10,113,0,0,134,74,0,6,5,9,0,1,156,245,1.57
kagera_31.tif,train,0,0,123,223,50,284,0,17,431,163,0,4,34,47,45,57,683,795,1.16
ica_35.tif,train,0,0,81,32,522,246,4,32,159,73,1,0,0,0,67,73,834,456,0.55
lohur_24.tif,train,0,0,310,138,162,239,1,40,172,82,12,7,24,40,51,42,732,588,0.80
daressalaam_72.tif,train,0,1,385,154,198,308,4,22,274,182,0,0,6,7,85,58,952,732,0.77
tonga_32.tif,train,0,4,56,217,39,225,2,8,70,212,4,22,0,9,43,50,214,747,3.49
lodzkie_9.tif,train,0,0,13,107,2,28,1,12,23,38,0,2,10,31,9,10,58,228,3.93
western_24.tif,train,53,117,84,279,21,97,1,7,213,115,40,136,0,0,0,8,412,759,1.84
aachen_56.tif,train,0,0,320,183,114,303,4,44,154,158,0,0,0,1,247,167,839,856,1.02
ica_12.tif,train,10,1,61,31,36,27,2,7,164,78,0,0,2,0,135,120,410,264,0.64
malopolskie_19.tif,train,0,0,45,70,19,103,1,3,101,12,0,3,15,29,14,39,195,259,1.33
mahe_31.tif,train,0,4,300,334,94,208,5,41,455,334,0,8,0,0,70,81,924,1010,1.09
accra_57.tif,train,0,0,32,44,11,17,1,3,53,32,130,36,0,63,0,1,227,196,0.86
paris_52.tif,train,0,0,45,76,88,84,4,9,194,25,2,0,0,8,56,67,389,269,0.69
kampala_5.tif,train,0,0,189,135,181,222,2,37,106,153,4,11,0,2,108,100,590,660,1.12
shanghai_25.tif,train,0,0,0,106,9,33,3,8,8,1,0,31,0,1,12,28,32,208,6.50
vegas_44.tif,train,0,0,33,47,17,29,3,15,80,18,0,0,0,0,1,1,134,110,0.82
duesseldorf_55.tif,train,0,0,167,233,219,321,4,48,344,210,14,0,7,10,154,138,909,960,1.06
kagera_57.tif,train,0,0,174,178,33,81,1,12,217,74,0,7,8,6,23,44,456,402,0.88
bielefeld_43.tif,train,0,0,275,381,324,387,2,35,401,173,9,0,0,0,147,158,1158,1134,0.98
paris_11.tif,train,0,0,46,68,92,80,3,9,52,30,0,1,0,8,54,48,247,244,0.99
mahe_12.tif,train,9,0,63,96,33,38,1,16,48,57,3,15,0,7,15,23,172,252,1.47
chisinau_56.tif,train,0,0,40,12,115,108,10,62,133,145,1,0,0,0,43,71,342,398,1.16
ulaanbaatar_43.tif,train,1,0,198,176,93,52,3,55,29,84,3,3,0,14,185,138,512,522,1.02
lodzkie_17.tif,train,0,0,4,51,5,46,1,23,13,48,0,4,6,11,7,8,36,191,5.31
kagera_30.tif,train,0,0,152,256,85,348,5,24,488,221,1,3,28,16,71,77,830,945,1.14
zachodniopomorskie_8.tif,train,0,0,20,22,6,6,2,1,11,2,3,8,0,0,3,1,45,40,0.89
slaskie_36.tif,train,0,0,29,23,1,83,6,25,194,96,3,4,0,1,28,24,261,256,0.98
santiago_41.tif,train,0,0,340,46,198,223,1,5,154,57,0,0,0,0,42,88,735,419,0.57
lubuskie_5.tif,train,0,0,53,68,3,3,1,20,14,27,0,1,0,14,1,1,72,134,1.86
vienna_70.tif,train,0,0,77,70,105,172,3,57,108,32,0,2,0,0,35,45,328,378,1.15
tokyo_49.tif,train,0,0,5,314,90,136,1,109,194,117,0,0,15,14,227,143,532,833,1.57
sechura_32.tif,train,11,0,69,103,217,90,1,18,326,139,2,6,0,0,44,82,670,438,0.65
kyoto_63.tif,train,0,0,125,165,262,165,2,86,291,207,3,0,29,36,147,185,859,844,0.98
austin_43.tif,train,0,0,143,244,483,298,11,19,266,102,1,0,0,0,89,94,993,757,0.76
lima_46.tif,train,6,6,0,130,32,77,3,26,284,2,1,19,0,56,11,13,337,329,0.98
malopolskie_30.tif,train,0,0,17,86,6,22,1,17,9,14,1,23,10,22,2,9,46,193,4.20
wielkopolskie_22.tif,train,0,0,118,93,90,167,3,16,154,69,1,1,0,0,60,70,426,416,0.98
vienna_13.tif,train,0,0,65,72,77,114,2,32,77,43,0,0,0,3,26,42,247,306,1.24
monrovia_38.tif,train,0,0,311,164,100,179,4,26,132,136,0,31,0,2,118,112,665,650,0.98
zanzibar_27.tif,train,0,0,100,178,37,89,0,11,148,106,0,3,24,24,7,24,316,435,1.38
muenster_7.tif,train,0,0,48,95,5,14,5,24,66,24,0,12,23,6,10,12,157,187,1.19
monrovia_22.tif,train,0,11,95,114,13,86,0,15,131,53,534,46,0,1,8,7,781,333,0.43
aachen_4.tif,train,1,0,93,116,66,105,6,48,55,54,2,0,0,8,24,30,247,361,1.46
zanzibar_130.tif,train,0,12,27,87,31,94,5,4,565,282,0,20,0,28,73,30,701,557,0.79
dowa_10.tif,train,0,0,27,1,80,138,1,29,40,9,11,0,0,0,357,225,516,402,0.78
tokyo_70.tif,train,0,0,490,474,648,316,15,125,578,192,25,0,11,2,817,260,2584,1369,0.53
muenster_5.tif,train,0,0,835,452,1080,637,35,85,598,315,2,0,0,1,276,225,2826,1715,0.61
shanghai_29.tif,train,0,0,4,23,23,84,0,7,13,7,0,12,0,34,31,32,71,199,2.80
slaskie_17.tif,train,0,0,15,31,2,8,0,6,18,14,0,0,0,3,3,2,38,64,1.68
tyrolw_60.tif,train,0,0,34,86,10,32,3,26,41,35,0,3,2,3,11,19,101,204,2.02
muenster_62.tif,train,0,0,218,314,90,291,10,32,192,152,3,4,9,14,84,78,606,885,1.46
ulaanbaatar_3.tif,train,21,0,301,166,114,55,7,54,36,34,8,45,0,0,192,94,679,448,0.66
duesseldorf_11.tif,train,0,0,403,371,247,301,7,99,423,266,0,0,0,1,189,172,1269,1210,0.95
kitsap_27.tif,train,0,0,269,266,207,81,6,38,430,225,0,0,0,0,123,147,1035,757,0.73
ica_19.tif,train,0,0,173,47,135,115,2,13,192,129,2,2,0,0,77,88,581,394,0.68
christchurch_3.tif,train,0,0,50,42,27,49,7,20,28,18,0,0,0,2,1,1,113,132,1.17
sechura_21.tif,train,6,17,58,60,54,10,4,33,167,87,0,7,0,0,34,61,323,275,0.85
lohur_5.tif,train,0,0,434,257,102,258,4,22,261,161,0,0,46,45,77,92,924,835,0.90
baybay_66.tif,train,0,0,210,379,166,359,4,18,274,114,2,12,5,9,84,97,745,988,1.33
piura_31.tif,train,0,0,162,67,404,126,8,25,206,128,1,0,0,4,62,89,843,439,0.52
shanghai_30.tif,train,0,0,52,21,27,26,2,15,73,15,0,2,0,14,9,12,163,105,0.64
shanghai_32.tif,train,0,0,0,46,39,51,3,23,13,20,1,5,0,22,21,16,77,183,2.38
mahe_40.tif,train,2,1,115,74,10,45,0,13,24,16,2,6,0,0,7,8,160,163,1.02
tokyo_29.tif,train,0,0,49,129,390,146,6,97,187,86,0,0,0,41,113,94,745,593,0.80
chincha_5.tif,train,0,0,85,101,121,125,2,26,158,149,2,6,8,10,70,92,446,509,1.14
mahe_44.tif,train,2,0,152,109,98,171,4,41,204,105,3,1,0,2,39,51,502,480,0.96
abancay_22.tif,train,0,0,91,209,253,310,3,20,167,149,0,0,0,0,69,74,583,762,1.31
tokyo_17.tif,train,0,0,23,244,176,103,11,92,105,85,0,0,17,27,429,168,761,719,0.94
malopolskie_33.tif,train,2,0,11,131,3,61,1,12,63,30,2,46,9,12,6,17,97,309,3.19
ulaanbaatar_36.tif,train,0,0,143,141,326,71,7,32,16,39,1,37,0,25,192,176,685,521,0.76
kyoto_59.tif,train,0,0,79,84,293,112,10,85,203,107,1,0,4,10,212,191,802,589,0.73
tyrolw_38.tif,train,0,0,123,49,11,51,3,17,19,14,0,11,9,10,4,3,169,155,0.92
shanghai_52.tif,train,0,0,95,12,87,73,4,13,184,34,0,5,0,0,27,36,397,173,0.44
koeln_33.tif,train,0,0,263,323,165,223,31,119,287,150,0,3,0,15,58,87,804,920,1.14
aachen_31.tif,train,0,0,346,187,241,224,5,97,451,139,1,0,0,0,133,114,1177,761,0.65
tokyo_44.tif,train,0,0,110,308,269,272,7,111,204,105,2,1,24,19,666,183,1282,999,0.78
kitsap_29.tif,train,0,0,17,61,15,1,0,1,6,6,5,3,0,0,5,5,48,77,1.60
santiago_18.tif,train,0,0,526,167,384,283,8,59,231,178,1,0,0,0,73,134,1223,821,0.67
zanzibar_18.tif,train,0,0,124,137,11,101,5,8,356,183,0,7,26,19,18,14,540,469,0.87
ngaoundere_69.tif,train,0,0,56,245,96,244,9,45,172,142,0,0,57,42,104,103,494,821,1.66
chiclayo_7.tif,train,3,24,211,160,93,80,4,8,165,187,1,14,6,14,41,34,524,521,0.99
duesseldorf_22.tif,train,0,0,480,181,405,337,15,63,318,149,6,1,0,1,114,115,1338,847,0.63
muenster_70.tif,train,0,0,27,87,14,22,5,11,50,25,4,0,11,6,10,13,121,164,1.36
christchurch_47.tif,train,0,0,21,65,0,69,1,31,34,37,1,9,2,21,2,6,61,238,3.90
muenster_63.tif,train,0,0,15,91,0,10,15,12,31,23,5,26,11,14,0,10,77,186,2.42
vegas_23.tif,train,0,0,77,77,30,33,5,4,162,46,10,0,0,0,37,30,321,190,0.59
tyrolw_21.tif,train,0,0,96,189,230,160,6,62,178,120,2,1,0,4,88,104,600,640,1.07
abancay_15.tif,train,0,0,174,99,207,134,2,15,198,192,2,0,0,0,96,98,679,538,0.79
ngaoundere_40.tif,train,48,0,195,251,110,88,4,33,363,89,0,0,16,56,144,122,880,639,0.73
tokyo_39.tif,train,0,0,201,211,216,160,6,76,357,70,0,5,0,6,53,84,833,612,0.73
baybay_47.tif,train,0,0,115,114,34,89,10,7,77,50,0,0,6,13,23,24,265,297,1.12
swietokrzyskie_39.tif,train,0,0,26,17,8,31,1,15,42,19,0,0,5,13,15,13,97,108,1.11
shanghai_45.tif,train,0,0,7,22,14,14,1,9,56,6,0,0,0,3,4,6,82,60,0.73
duesseldorf_48.tif,train,9,0,206,118,299,146,7,48,205,97,0,0,0,0,35,53,761,462,0.61
chiclayo_16.tif,train,0,1,104,140,19,67,2,7,173,111,0,5,11,42,1,3,310,376,1.21
bielefeld_49.tif,train,0,0,72,202,15,59,7,39,1038,39,0,0,0,0,15,15,1147,354,0.31
ica_27.tif,train,14,80,139,205,40,41,1,15,329,132,0,0,9,6,35,25,567,504,0.89
lodzkie_15.tif,train,5,0,78,155,15,155,1,16,56,67,0,2,7,21,27,35,189,451,2.39
zanzibar_75.tif,train,103,0,17,227,0,128,0,0,134,89,10,24,0,98,0,0,264,566,2.14
western_6.tif,train,71,103,223,177,0,58,0,4,278,111,37,118,0,0,0,6,609,577,0.95
zanzibar_22.tif,train,0,0,18,116,5,89,0,5,124,171,0,0,4,96,5,14,156,491,3.15
sechura_5.tif,train,0,0,62,28,119,173,1,19,89,76,0,0,0,3,29,67,300,366,1.22
chisinau_28.tif,train,0,0,220,55,155,178,19,42,145,94,0,0,0,0,29,57,568,426,0.75
rosario_9.tif,train,0,0,113,93,86,161,2,21,153,109,1,0,1,2,18,25,374,411,1.10
zanzibar_54.tif,train,0,30,267,583,0,534,0,0,38,111,0,57,0,5,0,0,305,1320,4.33
melbourne_60.tif,train,0,0,89,116,39,86,9,32,78,82,0,0,0,1,17,31,232,348,1.50
svaneti_50.tif,train,0,0,63,183,12,151,11,71,174,34,0,27,7,2,32,30,299,498,1.67
dortmund_60.tif,train,0,0,510,332,208,382,18,75,292,177,21,0,0,7,178,152,1227,1125,0.92
malopolskie_26.tif,train,0,0,35,68,3,39,5,15,37,31,3,14,8,11,4,13,95,191,2.01
duesseldorf_40.tif,train,0,0,105,85,38,134,27,27,178,58,0,0,8,20,22,24,378,348,0.92
lodzkie_14.tif,train,0,0,6,63,3,25,1,7,17,25,0,3,14,15,3,5,44,143,3.25
rotterdam_45.tif,train,0,0,22,111,83,69,50,61,2,9,0,16,3,12,16,28,176,306,1.74
abancay_29.tif,train,0,0,99,134,81,256,3,22,136,111,0,0,6,24,76,85,401,632,1.58
kyoto_16.tif,train,0,0,163,150,127,162,1,65,202,135,2,11,27,35,157,130,679,688,1.01
piura_3.tif,train,1,61,197,194,119,104,9,13,154,137,10,49,14,9,97,83,601,650,1.08
coxsbazar_21.tif,train,0,0,70,136,54,115,2,25,171,68,1,5,17,19,68,67,383,435,1.14
ulaanbaatar_6.tif,train,0,1,89,212,70,131,1,37,0,30,0,67,1,37,106,105,267,620,2.32
chisinau_6.tif,train,0,0,25,6,108,74,7,34,64,71,0,0,0,0,12,59,216,244,1.13
zanzibar_78.tif,train,12,0,142,42,50,86,7,10,468,285,0,9,0,7,31,15,710,454,0.64
sechura_3.tif,train,0,0,125,51,77,86,1,26,128,68,0,6,0,0,39,55,370,292,0.79
rio_32.tif,train,0,0,22,60,13,74,3,11,60,26,0,0,0,0,26,28,124,199,1.60
coxsbazar_71.tif,train,0,0,18,64,10,16,1,4,10,39,0,3,5,4,11,2,55,132,2.40
chincha_48.tif,train,0,0,7,21,109,162,1,13,11,26,1,0,0,3,48,73,177,298,1.68
zanzibar_26.tif,train,0,0,112,130,13,113,3,33,388,140,0,8,14,25,30,30,560,479,0.86
aachen_37.tif,train,0,0,484,74,290,214,12,26,390,94,0,0,2,2,104,100,1282,510,0.40
zanzibar_131.tif,train,3,2,183,208,119,236,40,22,1021,319,0,1,0,14,221,111,1587,913,0.58
zanzibar_85.tif,train,0,3,335,30,8,98,3,5,1636,7,1,24,0,0,11,4,1994,171,0.09
viru_33.tif,train,0,0,197,174,163,135,6,23,132,94,0,6,9,18,27,17,534,467,0.87
zanzibar_118.tif,train,0,3,59,101,98,220,6,23,613,257,0,1,0,0,184,105,960,710,0.74
kyoto_37.tif,train,0,0,125,184,23,120,1,46,21,24,4,3,14,22,38,30,226,429,1.90
ica_34.tif,train,0,0,155,25,357,240,14,33,165,83,0,1,0,0,55,59,746,441,0.59
rotterdam_9.tif,train,0,0,91,248,221,278,11,33,472,227,1,2,0,5,162,142,958,935,0.98
viru_21.tif,train,0,0,120,54,393,114,3,37,151,131,1,0,1,1,62,126,731,463,0.63
abancay_50.tif,train,0,0,103,146,157,192,3,17,145,159,0,2,0,5,109,89,517,610,1.18
tokyo_20.tif,train,0,0,126,198,440,130,9,161,176,51,0,0,10,0,825,188,1586,728,0.46
khartoum_20.tif,train,0,1,0,29,50,96,8,27,54,54,0,3,0,10,39,20,151,240,1.59
melbourne_25.tif,train,0,0,307,201,145,197,9,42,97,196,0,10,0,0,29,59,587,705,1.20
muenster_14.tif,train,0,0,594,536,513,686,16,127,649,398,9,0,0,0,178,185,1959,1932,0.99
swietokrzyskie_23.tif,train,0,0,39,63,29,69,1,22,39,27,1,0,50,15,13,15,172,211,1.23
lohur_34.tif,train,0,0,83,68,45,61,2,14,44,24,7,2,5,23,10,9,196,201,1.03
baybay_58.tif,train,0,0,185,234,0,18,0,1,107,22,0,0,0,0,1,1,293,276,0.94
paris_38.tif,train,0,0,18,30,39,31,3,10,176,9,0,0,0,10,21,32,257,122,0.47
khartoum_21.tif,train,5,5,0,21,9,22,3,4,7,4,0,18,0,1,6,9,30,84,2.80
svaneti_45.tif,train,0,0,166,61,6,42,5,19,189,83,0,16,10,23,3,3,379,247,0.65
paris_70.tif,train,0,0,38,95,75,89,1,11,76,33,0,0,0,8,44,49,234,285,1.22
chisinau_66.tif,train,0,0,302,142,101,114,1,30,164,114,0,1,0,2,26,66,594,469,0.79
kitsap_26.tif,train,0,0,283,258,169,84,6,19,423,195,0,0,0,0,121,123,1002,679,0.68
aachen_21.tif,train,0,0,239,264,147,253,5,46,276,190,0,1,2,10,200,154,869,918,1.06
coxsbazar_54.tif,train,0,3,36,84,3,19,0,4,10,17,6,24,5,5,1,1,61,157,2.57
sechura_31.tif,train,5,0,140,83,85,51,3,33,278,107,0,9,0,4,43,71,554,358,0.65
pomorskie_32.tif,train,0,0,156,117,67,225,2,19,167,78,2,2,5,10,141,125,540,576,1.07
rio_12.tif,train,0,0,34,43,67,59,2,9,103,50,0,0,0,0,39,42,245,203,0.83
pisco_33.tif,train,20,78,91,92,32,51,0,1,64,23,3,58,6,7,0,0,216,310,1.44
kitsap_14.tif,train,0,0,183,359,131,253,5,15,266,186,2,0,0,0,124,153,711,966,1.36
bielefeld_56.tif,train,0,0,186,245,124,298,5,47,458,104,0,0,0,1,124,122,897,817,0.91
melbourne_34.tif,train,0,0,233,214,478,200,4,31,96,179,2,5,0,2,200,115,1013,746,0.74
tokyo_31.tif,train,0,0,25,159,198,69,13,101,321,32,2,2,0,1,70,81,629,445,0.71
chincha_18.tif,train,0,0,156,66,164,83,3,16,324,134,1,2,0,0,81,105,729,406,0.56
kyoto_35.tif,train,0,0,18,93,6,8,2,5,5,44,7,5,1,5,11,8,50,168,3.36
ngaoundere_3.tif,train,26,3,312,127,181,94,2,42,234,174,41,12,28,41,211,167,1035,660,0.64
monrovia_51.tif,train,0,0,75,76,63,60,3,16,50,25,5,3,0,12,26,70,222,262,1.18
tonga_62.tif,train,0,0,551,438,128,578,7,33,163,364,2,1,0,0,121,122,972,1536,1.58
bielefeld_34.tif,train,0,0,49,206,13,37,4,16,141,24,2,1,2,2,8,10,219,296,1.35
tonga_65.tif,train,6,1,351,171,144,216,4,20,149,171,30,5,0,0,56,89,740,673,0.91
rotterdam_31.tif,train,0,0,47,107,147,172,20,50,108,85,7,9,0,18,165,60,494,501,1.01
zanzibar_111.tif,train,6,0,111,214,6,133,0,5,188,97,3,3,0,1,60,28,374,481,1.29
kagera_27.tif,train,0,0,39,183,7,234,3,4,467,153,0,2,62,68,29,41,607,685,1.13
tonga_47.tif,train,0,0,247,350,169,428,4,14,314,284,0,8,0,3,105,116,839,1203,1.43
baybay_36.tif,train,0,0,584,341,147,224,5,20,141,47,0,1,21,10,49,55,947,698,0.74
santiago_70.tif,train,0,0,341,269,97,280,16,66,128,72,9,3,0,2,42,116,633,808,1.28
christchurch_5.tif,train,0,0,308,525,110,363,4,38,200,228,10,9,0,0,93,121,725,1284,1.77
christchurch_64.tif,train,1,0,72,57,19,93,1,22,25,14,1,29,0,8,16,19,135,242,1.79
swietokrzyskie_26.tif,train,0,0,4,21,0,4,0,3,10,14,0,0,1,5,1,0,16,47,2.94
accra_43.tif,train,0,0,59,54,24,73,2,10,103,257,0,0,0,0,20,22,208,416,2.00
dhaka_46.tif,train,0,0,105,471,258,531,4,32,165,263,6,10,0,0,66,65,604,1372,2.27
ulaanbaatar_46.tif,train,0,0,160,35,133,13,2,35,0,74,0,0,0,7,320,224,615,388,0.63
dowa_15.tif,train,0,0,60,75,337,132,1,40,56,35,0,0,5,8,428,145,887,435,0.49
baybay_7.tif,train,0,0,112,198,4,64,1,6,125,70,0,3,6,12,14,9,262,362,1.38
baybay_39.tif,train,0,0,24,26,23,7,0,1,24,15,0,0,1,3,5,3,77,55,0.71
zanzibar_17.tif,train,0,0,99,93,0,5,5,5,316,70,0,0,9,19,3,0,432,192,0.44
zanzibar_113.tif,train,2,0,97,290,25,162,1,7,292,129,5,4,0,5,64,30,486,627,1.29
chisinau_59.tif,train,0,0,131,41,110,145,9,57,129,115,0,0,0,1,29,43,408,402,0.99
viru_5.tif,train,0,0,68,30,147,142,1,26,127,98,0,0,0,2,44,71,387,369,0.95
paris_50.tif,train,0,0,40,71,72,91,2,7,138,17,0,0,0,19,53,37,305,242,0.79
piura_25.tif,train,0,0,102,150,4,132,0,30,149,99,2,9,23,56,2,3,282,479,1.70
shanghai_7.tif,train,0,0,45,83,56,59,6,34,78,50,0,0,0,6,22,48,207,280,1.35
chiclayo_28.tif,train,0,0,63,193,52,92,4,26,82,81,1,19,19,24,29,22,250,457,1.83
tyrolw_61.tif,train,0,0,37,141,45,73,1,23,95,53,1,4,8,20,20,27,207,341,1.65
aachen_30.tif,train,0,0,373,178,255,252,4,33,195,167,2,0,0,2,161,136,990,768,0.78
daressalaam_94.tif,train,0,0,458,130,329,409,8,41,357,282,17,1,0,0,164,116,1333,979,0.73
kagera_15.tif,train,0,0,263,364,86,478,21,24,194,106,0,5,20,9,83,86,667,1072,1.61
kitsap_39.tif,train,0,0,209,318,99,276,4,32,371,154,1,0,0,0,88,105,772,885,1.15
christchurch_50.tif,train,0,0,119,112,123,244,4,27,207,107,1,2,0,4,28,34,482,530,1.10
vegas_19.tif,train,0,6,3,20,4,6,3,4,366,14,0,8,0,0,8,12,384,70,0.18
chisinau_40.tif,train,0,0,169,46,100,144,4,26,81,90,0,0,0,0,36,58,390,364,0.93
malopolskie_1.tif,train,0,0,10,11,0,16,1,3,17,16,1,3,1,30,1,1,31,80,2.58
wielkopolskie_26.tif,train,0,0,13,30,12,65,2,43,9,12,0,0,1,20,9,4,46,174,3.78
bielefeld_42.tif,train,0,0,296,210,164,493,5,26,268,220,8,0,0,8,224,192,965,1149,1.19
kampala_6.tif,train,0,0,226,266,271,456,11,57,249,242,0,3,0,12,125,109,882,1145,1.30
podkarpackie_7.tif,train,0,0,0,12,0,0,0,10,4,5,0,0,1,4,1,0,6,31,5.17
shanghai_40.tif,train,2,0,15,73,75,77,5,24,62,37,2,3,0,18,65,20,226,252,1.12
muenster_68.tif,train,0,0,36,84,20,29,3,28,71,42,0,0,11,8,12,10,153,201,1.31
maputo_14.tif,train,0,0,54,76,477,254,9,51,164,195,3,13,0,2,253,94,960,685,0.71
aachen_64.tif,train,0,0,35,81,26,108,11,42,28,29,1,1,4,9,2,16,107,286,2.67
baybay_8.tif,train,0,0,353,321,73,183,2,6,161,40,0,4,4,10,30,29,623,593,0.95
kagera_36.tif,train,0,0,51,200,95,305,1,18,583,153,0,1,15,19,51,55,796,751,0.94
baybay_13.tif,train,0,0,239,184,46,84,1,19,145,23,0,4,10,25,31,26,472,365,0.77
shanghai_28.tif,train,0,0,43,101,31,43,2,10,151,13,0,0,0,0,18,11,245,178,0.73
kagera_66.tif,train,0,0,102,185,84,213,11,12,129,131,0,2,4,2,46,48,376,593,1.58
svaneti_54.tif,train,0,0,28,25,52,62,2,10,126,33,0,1,6,13,17,16,231,160,0.69
austin_45.tif,train,1,0,222,156,155,177,12,31,216,82,0,0,0,0,24,23,630,469,0.74
baybay_2.tif,train,0,0,282,324,221,347,5,27,243,148,0,2,3,5,80,77,834,930,1.12
pomorskie_38.tif,train,0,0,137,213,36,200,10,47,67,59,0,0,4,8,72,77,326,604,1.85
bogota_3.tif,train,0,0,136,263,152,284,6,60,163,177,0,5,0,1,34,96,491,886,1.80
ica_9.tif,train,0,0,93,97,225,188,1,8,360,204,0,0,0,0,83,70,762,567,0.74
piura_45.tif,train,9,8,326,250,160,141,3,16,328,245,1,6,0,63,73,57,900,786,0.87
zanzibar_19.tif,train,0,0,40,117,18,131,0,6,376,201,0,1,15,49,10,7,459,512,1.12
monrovia_57.tif,train,5,6,133,171,73,236,1,9,261,202,0,56,17,48,64,58,554,786,1.42
lubuskie_7.tif,train,0,0,26,19,2,5,1,13,105,30,3,8,1,13,1,0,139,88,0.63
accra_65.tif,train,0,0,138,240,122,314,6,51,374,232,0,0,0,2,105,107,745,946,1.27
kitsap_15.tif,train,0,0,192,206,87,422,4,9,183,133,0,0,0,0,121,149,587,919,1.57
pomorskie_24.tif,train,0,0,5,38,4,16,2,2,90,12,1,42,0,1,13,9,115,120,1.04
monrovia_34.tif,train,0,0,343,430,94,495,17,23,221,174,0,6,7,7,129,122,811,1257,1.55
pomorskie_18.tif,train,0,0,61,120,21,109,7,43,53,31,2,2,15,23,25,26,184,354,1.92
abancay_37.tif,train,0,0,148,195,333,199,6,26,246,126,1,1,10,31,133,100,877,678,0.77
chicago_27.tif,train,1,0,63,33,41,49,10,40,97,49,0,0,0,1,32,46,244,218,0.89
zanzibar_44.tif,train,0,1,126,193,0,116,0,3,143,45,0,9,6,4,21,17,296,388,1.31
duesseldorf_7.tif,train,0,0,195,94,85,110,12,15,180,77,4,0,7,8,35,30,518,334,0.64
daressalaam_73.tif,train,0,0,212,174,159,286,5,39,335,236,0,0,15,7,75,90,801,832,1.04
koeln_59.tif,train,0,1,543,291,317,327,12,76,252,164,15,14,27,2,134,107,1300,982,0.76
western_15.tif,train,38,35,264,161,26,87,1,5,212,105,26,62,0,6,4,2,571,463,0.81
rio_10.tif,train,0,0,12,19,21,26,4,8,2,2,0,0,0,0,17,10,56,65,1.16
slaskie_14.tif,train,0,0,25,60,8,18,3,14,75,60,2,0,0,5,4,12,117,169,1.44
daressalaam_23.tif,train,0,0,286,73,225,357,20,22,366,240,2,0,0,0,288,112,1187,804,0.68
bielefeld_53.tif,train,0,0,188,128,588,396,8,62,220,91,0,1,0,2,31,50,1035,730,0.71
podkarpackie_14.tif,train,0,0,15,38,10,49,1,11,52,51,1,2,1,8,19,22,99,181,1.83
slaskie_12.tif,train,1,0,22,38,1,11,0,8,44,34,2,0,1,6,1,1,72,98,1.36
wielkopolskie_33.tif,train,0,0,96,65,21,128,2,13,82,33,0,0,3,3,34,32,238,274,1.15
piura_36.tif,train,0,1,123,168,23,76,1,41,141,151,3,5,24,45,2,9,317,496,1.56
rotterdam_25.tif,train,0,0,23,80,70,146,18,64,99,85,7,5,0,6,41,69,258,455,1.76
aachen_10.tif,train,0,0,176,78,41,53,10,21,160,46,1,0,8,6,16,12,412,216,0.52
baybay_26.tif,train,6,12,45,260,106,168,2,9,76,77,9,11,0,2,63,88,307,627,2.04
kagera_24.tif,train,1,0,64,167,12,218,9,17,171,83,0,1,0,14,22,32,279,532,1.91
melbourne_20.tif,train,0,1,111,170,378,284,29,75,112,336,2,15,0,3,80,81,712,965,1.36
tokyo_52.tif,train,5,0,128,278,197,222,5,85,257,91,2,2,27,58,272,87,893,823,0.92
kagera_7.tif,train,22,0,123,311,40,377,6,15,206,154,0,3,12,6,93,115,502,981,1.95
shanghai_60.tif,train,0,0,3,12,6,18,1,21,9,0,3,5,0,2,5,26,27,84,3.11
chicago_25.tif,train,0,0,176,58,151,97,10,29,159,133,10,0,0,0,376,163,882,480,0.54
chiclayo_12.tif,train,0,0,64,141,19,97,2,35,89,102,9,3,9,38,12,9,204,425,2.08
chicago_46.tif,train,3,0,119,87,46,75,12,25,61,49,0,0,0,0,71,59,312,295,0.95
daressalaam_121.tif,train,0,0,192,128,178,273,8,52,380,342,0,0,6,5,201,167,965,967,1.00
pisco_31.tif,train,16,9,76,102,49,77,1,27,111,51,3,34,2,36,6,31,264,367,1.39
melbourne_45.tif,train,0,1,294,162,237,113,16,46,215,235,2,25,0,0,54,70,818,652,0.80
chisinau_29.tif,train,0,0,103,29,73,126,8,38,110,101,0,7,0,0,17,50,311,351,1.13
khartoum_19.tif,train,0,0,3,54,10,51,2,26,40,67,0,3,0,0,30,38,85,239,2.81
daressalaam_38.tif,train,0,0,182,311,189,383,10,61,339,286,86,1,0,0,306,133,1112,1175,1.06
pisco_50.tif,train,0,8,89,56,72,55,1,19,134,28,4,27,0,3,21,23,321,219,0.68
dolnoslaskie_11.tif,train,0,0,47,51,1,68,1,8,35,32,0,0,7,27,14,17,105,203,1.93
baybay_4.tif,train,0,0,191,227,47,120,11,17,87,49,0,5,5,31,45,47,386,496,1.28
koeln_1.tif,train,0,0,831,365,461,403,22,52,522,249,0,1,3,4,247,192,2086,1266,0.61
austin_1.tif,train,1,0,76,51,24,82,9,13,76,51,2,1,0,2,0,1,188,201,1.07
chicago_48.tif,train,0,0,113,69,74,78,3,19,59,28,1,0,0,6,53,67,303,267,0.88
sechura_15.tif,train,1,4,143,35,103,30,5,19,13,27,1,9,0,0,52,72,318,196,0.62
christchurch_24.tif,train,0,0,134,86,50,151,2,22,432,40,25,1,26,16,14,25,683,341,0.50
lambayeque_9.tif,train,0,0,49,13,309,344,2,12,79,58,0,0,0,0,58,70,497,497,1.00
santiago_2.tif,train,0,0,183,336,272,342,8,27,271,232,0,0,0,0,125,185,859,1122,1.31
lodzkie_6.tif,train,0,0,1,46,0,3,0,14,14,45,0,1,1,17,1,1,17,127,7.47
bielefeld_39.tif,train,0,0,176,194,286,264,9,42,256,141,3,0,4,9,81,90,815,740,0.91
aachen_47.tif,train,0,0,141,68,39,83,11,11,406,24,3,0,45,12,40,26,685,224,0.33
kagera_39.tif,train,0,0,59,347,98,342,1,8,67,115,0,4,12,20,53,62,290,898,3.10
wielkopolskie_16.tif,train,0,0,50,50,26,36,10,15,56,17,0,0,1,12,26,24,169,154,0.91
daressalaam_54.tif,train,0,0,8,53,344,611,6,57,184,403,4,0,0,0,721,53,1267,1177,0.93
lohur_40.tif,train,0,0,220,152,70,123,2,24,95,52,0,0,34,26,43,46,464,423,0.91
ngaoundere_55.tif,train,0,1,81,213,99,104,1,21,69,149,15,16,4,77,77,67,346,648,1.87
swietokrzyskie_1.tif,train,0,0,8,20,1,7,0,9,31,15,0,0,4,15,1,0,45,66,1.47
vegas_31.tif,train,1,0,0,57,3,15,1,5,87,4,0,2,0,0,10,10,102,93,0.91
swietokrzyskie_18.tif,train,0,0,29,27,2,14,0,12,12,4,14,1,6,7,1,1,64,66,1.03
chicago_42.tif,train,4,0,206,287,133,201,8,44,138,180,2,0,0,0,191,85,682,797,1.17
muenster_27.tif,train,0,0,280,386,180,377,23,76,333,213,1,2,2,1,103,82,922,1137,1.23
tonga_8.tif,train,0,0,377,215,142,340,1,33,291,196,35,46,0,0,91,100,937,930,0.99
dortmund_53.tif,train,0,0,494,333,263,355,15,48,364,178,13,0,16,4,166,141,1331,1059,0.80
muenster_4.tif,train,0,0,198,191,61,135,2,58,144,72,2,0,2,24,47,43,456,523,1.15
viru_37.tif,train,0,0,64,110,33,53,1,13,222,76,7,10,22,20,19,16,368,298,0.81
piura_14.tif,train,11,0,53,114,204,128,1,27,366,152,7,22,1,42,26,35,669,520,0.78
chicago_45.tif,train,0,0,111,84,63,59,7,30,159,67,0,0,0,0,67,92,407,332,0.82
malopolskie_23.tif,train,0,0,18,45,0,0,5,4,6,19,0,10,0,0,2,3,31,81,2.61
tonga_9.tif,train,0,0,80,184,102,391,2,12,55,190,0,10,0,3,71,87,310,877,2.83
rotterdam_43.tif,train,2,0,36,53,104,24,4,31,6,20,5,5,0,24,20,54,177,211,1.19
viru_40.tif,train,29,40,57,142,5,78,0,11,237,140,8,39,13,7,4,9,353,466,1.32
swietokrzyskie_35.tif,train,0,0,26,38,3,23,2,3,27,17,0,0,6,9,8,33,72,123,1.71
koeln_37.tif,train,0,0,126,194,207,177,11,108,133,97,1,0,1,3,40,51,519,630,1.21
tyrolw_65.tif,train,2,0,27,96,7,53,2,8,29,24,1,9,4,15,1,5,73,210,2.88
piura_47.tif,train,0,0,195,23,266,216,5,18,96,99,0,0,0,0,47,83,609,439,0.72
duesseldorf_65.tif,train,1,0,28,40,18,44,1,40,35,25,1,4,9,3,13,14,106,170,1.60
mazowieckie_18.tif,train,0,0,2,18,4,45,2,8,28,8,0,0,3,11,7,8,46,98,2.13
kitsap_9.tif,train,0,0,115,180,101,157,6,37,192,116,0,0,0,0,48,61,462,551,1.19
chicago_34.tif,train,0,0,11,5,76,101,3,27,32,10,0,0,0,0,39,51,161,194,1.20
bielefeld_29.tif,train,0,0,106,337,65,170,2,39,326,98,0,0,1,1,105,89,605,734,1.21
piura_13.tif,train,108,45,533,324,14,63,1,9,570,241,4,18,0,6,0,0,1230,706,0.57
muenster_13.tif,train,0,0,410,292,224,288,23,79,228,148,0,1,0,0,145,126,1030,934,0.91
viru_16.tif,train,0,0,213,90,415,68,11,36,188,139,0,3,8,20,56,111,891,467,0.52
coxsbazar_28.tif,train,0,0,82,176,26,8,8,22,79,101,12,1,0,5,0,3,207,316,1.53
tyrolw_43.tif,train,0,0,122,113,103,99,1,22,79,39,0,8,14,12,37,43,356,336,0.94
pointenoire_1.tif,train,0,0,26,1,171,200,2,54,108,36,0,0,0,0,71,75,378,366,0.97
coxsbazar_78.tif,train,6,0,236,392,55,239,8,44,121,63,4,10,14,15,75,65,519,828,1.60
monrovia_36.tif,train,0,10,130,231,55,242,6,21,162,106,65,87,17,25,43,56,478,778,1.63
dhaka_31.tif,train,0,2,20,28,18,32,4,18,11,20,2,36,0,0,8,15,63,151,2.40
paris_67.tif,train,0,0,13,15,22,49,6,6,40,20,0,0,0,2,11,34,92,126,1.37
rotterdam_44.tif,train,0,0,14,141,52,44,9,49,14,35,0,6,0,34,34,104,123,413,3.36
lambayeque_7.tif,train,0,0,60,10,245,238,3,13,221,109,0,2,0,0,30,52,559,424,0.76
vienna_18.tif,train,0,0,140,135,100,126,2,30,151,67,0,0,0,13,20,59,413,430,1.04
bogota_2.tif,train,0,0,190,202,145,319,12,91,174,216,0,0,0,0,89,80,610,908,1.49
austin_21.tif,train,0,0,3,9,68,97,6,22,64,33,0,0,0,0,22,50,163,211,1.29
christchurch_45.tif,train,0,0,65,64,127,190,7,18,262,156,1,16,0,0,2,4,464,448,0.97
kyoto_53.tif,train,5,0,115,246,159,147,6,48,154,170,6,13,17,34,87,83,549,741,1.35
kyoto_64.tif,train,0,0,123,114,706,193,5,109,279,240,0,0,3,1,742,258,1858,915,0.49
mahe_4.tif,train,12,2,62,186,16,80,7,55,30,46,12,19,0,0,14,22,153,410,2.68
paris_61.tif,train,0,0,42,39,23,98,1,22,49,21,0,0,0,13,27,38,142,231,1.63
khartoum_44.tif,train,0,2,3,35,21,46,2,13,44,20,0,7,0,2,19,33,89,158,1.78
chisinau_26.tif,train,0,0,283,180,105,174,6,30,190,136,0,1,0,0,28,47,612,568,0.93
lambayeque_10.tif,train,0,0,56,24,319,252,1,14,134,98,1,0,0,0,55,92,566,480,0.85
paris_4.tif,train,0,0,21,63,39,116,1,18,128,23,1,1,0,30,29,59,219,310,1.42
dortmund_38.tif,train,0,0,524,332,299,345,18,24,343,89,1,5,16,20,100,81,1301,896,0.69
ngaoundere_25.tif,train,2,0,115,133,85,216,3,33,178,94,0,0,10,28,55,47,448,551,1.23
rio_56.tif,train,0,0,2,13,6,18,1,2,2,3,0,0,0,15,3,11,14,62,4.43
lodzkie_3.tif,train,0,0,6,72,8,20,5,6,33,50,0,4,6,28,10,17,68,197,2.90
slaskie_23.tif,train,0,0,34,58,8,58,12,14,150,73,0,0,1,10,12,15,217,228,1.05
dhaka_56.tif,train,7,0,46,387,221,385,19,43,181,195,3,14,0,1,39,58,516,1083,2.10
chisinau_41.tif,train,0,0,140,72,216,179,6,10,107,116,0,0,0,0,28,54,497,431,0.87
chiclayo_20.tif,train,13,3,0,18,4,41,2,15,350,95,11,7,0,0,0,1,380,180,0.47
shanghai_43.tif,train,0,0,12,71,73,50,10,16,27,29,6,23,9,17,7,35,144,241,1.67
kagera_51.tif,train,0,5,132,174,43,165,2,21,157,147,0,13,27,35,37,52,398,612,1.54
mazowieckie_26.tif,train,0,0,23,9,0,2,0,0,11,8,0,1,4,4,1,1,39,25,0.64
lambayeque_27.tif,train,0,16,131,179,52,74,2,10,149,141,1,8,5,30,0,2,340,460,1.35
ica_45.tif,train,4,0,77,60,68,16,2,24,182,92,0,0,0,0,56,76,389,268,0.69
kagera_41.tif,train,0,6,165,124,34,138,5,27,156,201,0,15,15,48,24,26,399,585,1.47
austin_10.tif,train,0,0,45,108,98,138,11,24,62,76,4,3,0,0,21,23,241,372,1.54
kagera_56.tif,train,0,0,145,138,74,161,5,15,79,181,0,5,46,53,36,45,385,598,1.55
malopolskie_16.tif,train,0,0,17,43,5,40,3,7,99,25,0,0,4,12,5,7,133,134,1.01
lima_41.tif,train,3,0,0,26,5,73,4,23,0,0,0,0,0,48,21,10,33,180,5.45
lambayeque_14.tif,train,0,0,97,52,146,199,1,12,116,100,0,0,0,0,30,112,390,475,1.22
podlaskie_3.tif,train,0,0,2,34,0,13,0,0,16,19,0,0,7,11,4,5,29,82,2.83
pisco_27.tif,train,5,4,146,123,106,86,1,30,225,90,2,13,6,19,16,30,507,395,0.78
svaneti_66.tif,train,0,0,13,3,4,17,2,29,362,35,3,0,0,0,7,1,391,85,0.22
lima_1.tif,train,3,0,108,89,101,81,1,21,111,79,2,2,2,0,39,57,367,329,0.90
dortmund_1.tif,train,0,0,405,243,250,406,7,25,520,190,11,0,6,6,202,150,1401,1020,0.73
mahe_52.tif,train,0,0,325,186,141,395,7,23,188,109,1,8,0,0,60,64,722,785,1.09
dhaka_37.tif,train,0,0,103,295,254,280,6,34,123,236,19,25,0,1,68,62,573,933,1.63
chisinau_45.tif,train,0,0,384,117,155,154,16,26,214,156,0,0,0,0,44,76,813,529,0.65
daressalaam_70.tif,train,0,0,278,60,618,582,14,59,562,400,0,0,0,0,492,98,1964,1199,0.61
mahe_61.tif,train,0,0,490,236,99,273,8,18,93,95,9,24,0,0,41,47,740,693,0.94
chicago_6.tif,train,0,0,66,92,86,75,19,39,116,96,1,1,0,1,54,51,342,355,1.04
warminsko-mazurskie_8.tif,train,0,0,17,23,8,47,7,4,109,41,4,19,20,8,15,7,180,149,0.83
pisco_37.tif,train,5,26,118,118,17,58,3,15,141,61,0,44,4,28,12,9,300,359,1.20
ica_42.tif,train,19,10,37,41,24,71,3,44,128,128,0,12,2,36,17,37,230,379,1.65
lohur_16.tif,train,0,0,462,467,70,421,2,26,191,197,2,7,55,34,84,143,866,1295,1.50
daressalaam_79.tif,train,0,0,108,105,105,137,2,35,145,141,1,0,0,1,60,101,421,520,1.24
wielkopolskie_6.tif,train,0,0,3,24,3,53,1,6,5,7,0,3,3,6,2,2,17,101,5.94
khartoum_25.tif,train,7,0,16,49,38,55,6,15,41,37,0,2,0,1,33,37,141,196,1.39
chisinau_67.tif,train,0,0,263,171,75,141,6,44,236,87,0,0,0,8,23,41,603,492,0.82
christchurch_67.tif,train,0,0,27,8,0,0,5,1,10,21,6,14,0,0,1,0,49,44,0.90
shanghai_44.tif,train,0,0,0,57,26,43,3,18,36,26,8,14,7,36,22,18,102,212,2.08
lubuskie_10.tif,train,0,0,36,61,11,49,4,30,290,27,2,6,1,26,2,3,346,202,0.58
vienna_8.tif,train,0,0,51,88,16,42,2,57,109,78,0,1,0,5,14,41,192,312,1.62
ulaanbaatar_44.tif,train,0,0,229,78,85,36,3,36,4,100,1,7,0,2,301,199,623,458,0.74
daressalaam_5.tif,train,4,3,53,75,88,83,8,27,109,106,1,5,0,0,95,43,358,342,0.96
chisinau_5.tif,train,0,0,2,5,95,79,14,56,86,99,0,0,4,0,28,63,229,302,1.32
ica_40.tif,train,7,3,162,77,52,27,3,8,146,49,1,13,1,9,13,11,385,197,0.51
coxsbazar_64.tif,train,0,0,169,254,136,133,3,48,41,71,23,2,27,12,72,34,471,554,1.18
khartoum_65.tif,train,0,2,16,52,29,37,3,20,37,70,0,7,0,0,34,28,119,216,1.82
accra_11.tif,train,0,0,0,36,138,146,3,40,76,50,0,16,0,1,65,392,282,681,2.41
tyrolw_4.tif,train,1,0,14,63,5,22,2,9,5,17,1,21,2,5,3,3,33,140,4.24
chiclayo_50.tif,train,0,0,12,42,24,34,2,19,30,19,0,0,6,13,16,14,90,141,1.57
pisco_9.tif,train,0,8,180,85,36,43,2,26,259,97,25,67,16,23,1,2,519,351,0.68
baybay_48.tif,train,0,0,95,107,75,131,1,2,110,44,0,4,4,18,20,26,305,332,1.09
accra_16.tif,train,0,0,103,164,154,100,7,52,201,172,0,1,0,2,151,124,616,615,1.00
monrovia_19.tif,train,0,0,16,49,128,180,1,28,46,74,0,2,0,0,60,101,251,434,1.73
rio_46.tif,train,0,0,6,45,66,58,3,8,57,35,0,0,0,0,16,42,148,188,1.27
daressalaam_76.tif,train,0,1,148,130,352,391,8,30,204,176,31,20,0,1,95,43,838,792,0.95
tokyo_42.tif,train,1,0,182,269,281,163,6,94,354,141,6,3,6,18,384,128,1220,816,0.67
dolnoslaskie_37.tif,train,0,0,17,26,14,4,2,16,140,16,1,13,9,12,0,0,183,87,0.48
bielefeld_32.tif,train,0,0,204,157,135,235,7,25,87,72,0,0,11,15,13,20,457,524,1.15
shanghai_6.tif,train,0,0,1,1,3,41,3,6,0,0,0,1,1,38,3,27,11,114,10.36
pomorskie_8.tif,train,0,0,44,58,11,56,0,18,38,20,3,1,4,20,11,11,111,184,1.66
slaskie_13.tif,train,0,0,129,186,31,194,2,9,173,81,0,0,7,13,38,38,380,521,1.37
vienna_10.tif,train,0,0,40,28,7,33,1,5,38,37,1,18,0,4,0,3,87,128,1.47
zanzibar_3.tif,train,0,1,119,95,9,51,13,10,337,120,0,2,5,42,14,3,497,324,0.65
vienna_56.tif,train,0,0,183,199,114,252,25,63,231,120,7,0,0,0,69,97,629,731,1.16
kagera_1.tif,train,0,0,43,151,10,190,1,14,108,126,0,8,16,32,23,30,201,551,2.74
sechura_35.tif,train,0,0,48,19,99,76,2,13,144,72,0,3,0,3,53,91,346,277,0.80
dortmund_24.tif,train,0,0,484,419,265,482,8,47,292,255,1,1,3,1,238,199,1291,1404,1.09
lambayeque_33.tif,train,0,0,211,131,288,138,2,54,199,155,0,0,9,19,49,138,758,635,0.84
sechura_19.tif,train,3,0,44,38,89,21,2,22,83,64,1,6,0,0,35,45,257,196,0.76
santiago_34.tif,train,0,0,258,108,129,110,22,62,199,93,8,3,0,0,63,94,679,470,0.69
zanzibar_144.tif,train,2,4,177,352,44,273,1,35,597,205,0,3,0,8,167,108,988,988,1.00
vienna_12.tif,train,0,0,342,330,181,370,15,52,173,145,11,0,0,1,85,110,807,1008,1.25
wielkopolskie_19.tif,train,0,0,104,157,55,225,7,21,167,130,2,0,0,1,65,55,400,589,1.47
santiago_37.tif,train,0,0,111,92,82,139,15,49,74,59,0,0,0,0,6,35,288,374,1.30
tonga_12.tif,train,0,2,309,314,107,470,8,31,155,309,1,3,0,0,129,117,709,1246,1.76
melbourne_15.tif,train,0,0,351,305,118,287,6,18,257,372,4,2,0,0,77,74,813,1058,1.30
svaneti_6.tif,train,0,2,217,39,44,16,1,12,46,32,0,76,3,4,2,1,313,182,0.58
ulaanbaatar_20.tif,train,0,0,116,49,85,23,2,29,38,82,4,1,0,0,290,269,535,453,0.85
rotterdam_46.tif,train,0,0,13,93,37,89,4,60,3,8,0,13,0,11,6,37,63,311,4.94
wielkopolskie_10.tif,train,1,0,47,50,24,50,2,5,120,38,0,0,3,17,5,8,202,168,0.83
niamey_9.tif,train,0,0,325,199,258,211,10,49,246,223,0,0,14,2,242,217,1095,901,0.82
dhaka_18.tif,train,0,0,87,134,199,465,7,50,111,167,7,20,0,0,53,63,464,899,1.94
kitsap_50.tif,train,0,0,160,188,57,73,1,7,73,18,1,3,0,0,102,104,394,393,1.00
ngaoundere_49.tif,train,0,8,78,84,67,173,3,28,264,180,0,1,26,33,23,26,461,533,1.16
ngaoundere_38.tif,train,15,2,114,119,151,87,11,23,172,184,7,10,12,28,201,138,683,591,0.87
lima_8.tif,train,9,0,143,191,75,107,2,19,154,141,7,4,1,13,53,81,444,556,1.25
santiago_31.tif,train,0,0,182,368,363,315,11,34,326,168,12,1,0,0,91,183,985,1069,1.09
shanghai_57.tif,train,0,0,28,73,119,37,2,31,73,41,2,7,0,6,66,58,290,253,0.87
shanghai_50.tif,train,0,0,9,38,25,22,1,26,21,8,1,19,0,35,5,28,62,176,2.84
daressalaam_8.tif,train,59,8,81,116,64,247,9,22,287,222,1,0,0,9,61,86,562,710,1.26
christchurch_8.tif,train,0,0,366,292,142,458,3,22,321,228,6,0,0,2,190,166,1028,1168,1.14
daressalaam_39.tif,train,18,0,120,339,694,738,12,85,298,364,8,4,0,0,841,128,1991,1658,0.83
coxsbazar_3.tif,train,0,0,436,361,392,342,9,47,384,253,53,0,3,5,410,242,1687,1250,0.74
dolnoslaskie_36.tif,train,2,14,68,65,19,53,1,11,83,24,2,22,0,0,1,2,176,191,1.09
lima_21.tif,train,0,0,0,0,33,14,5,30,5,2,0,0,0,21,55,58,98,125,1.28
kagera_23.tif,train,0,0,98,131,41,280,12,6,257,116,0,2,12,30,18,35,438,600,1.37
muenster_32.tif,train,0,0,751,552,723,528,31,114,689,282,1,0,2,5,196,157,2393,1638,0.68
malopolskie_9.tif,train,0,0,15,51,5,56,1,13,59,7,0,1,7,16,9,8,96,152,1.58
mahe_33.tif,train,30,0,701,320,260,623,19,35,190,132,0,0,0,1,108,136,1308,1247,0.95
accra_50.tif,train,0,0,123,47,83,52,2,39,425,273,5,2,0,0,361,294,999,707,0.71
chisinau_10.tif,train,0,0,0,42,46,76,1,26,71,75,0,2,0,0,9,17,127,238,1.87
zanzibar_137.tif,train,20,0,372,208,77,338,12,29,1471,210,6,1,0,9,106,102,2064,897,0.43
daressalaam_83.tif,train,0,0,32,31,254,246,12,51,120,129,0,1,0,0,72,49,490,507,1.03
chiangmai_10.tif,train,0,0,350,217,49,145,14,39,103,38,21,75,0,7,21,57,558,578,1.04
rio_48.tif,train,0,0,23,72,85,70,4,10,51,40,0,0,0,0,29,39,192,231,1.20
dolnoslaskie_23.tif,train,0,0,110,82,39,256,2,16,351,118,0,0,10,19,71,66,583,557,0.96
daressalaam_69.tif,train,0,0,158,87,371,678,10,49,418,368,1,0,0,1,529,113,1487,1296,0.87
kagera_28.tif,train,0,0,274,258,74,455,15,13,400,177,0,0,166,15,58,52,987,970,0.98
chiclayo_5.tif,train,1,8,56,26,43,30,3,27,113,131,0,8,0,0,69,77,285,307,1.08
zanzibar_38.tif,train,0,0,81,132,9,68,0,8,219,139,0,0,40,54,3,10,352,411,1.17
bielefeld_31.tif,train,0,0,216,296,173,426,3,53,224,285,3,0,16,4,212,198,847,1262,1.49
dhaka_60.tif,train,0,0,146,305,348,602,12,49,212,309,14,13,0,0,63,57,795,1335,1.68
zanzibar_1.tif,train,0,0,92,208,29,129,15,4,309,112,0,0,0,0,37,25,482,478,0.99
chincha_24.tif,train,0,0,181,102,127,58,3,8,172,84,22,14,6,21,33,75,544,362,0.67
khartoum_39.tif,train,0,3,0,32,15,19,2,16,15,16,0,24,0,8,17,24,49,142,2.90
ngaoundere_66.tif,train,2,1,12,100,202,160,5,28,151,167,0,0,0,0,148,162,520,618,1.19
tonga_63.tif,train,0,0,429,304,129,404,1,28,198,285,3,3,0,0,97,110,857,1134,1.32
piura_26.tif,train,0,0,186,0,293,59,3,23,115,95,0,0,0,2,47,155,644,334,0.52
monrovia_37.tif,train,0,0,335,224,136,271,9,35,251,168,0,2,6,4,134,127,871,831,0.95
slaskie_2.tif,train,0,0,16,21,0,96,0,0,196,38,0,0,3,7,6,6,221,168,0.76
bielefeld_21.tif,train,0,0,128,169,155,141,7,62,252,109,1,0,0,4,34,58,577,543,0.94
santiago_66.tif,train,0,0,133,271,70,324,31,109,93,44,10,5,0,0,45,87,382,840,2.20
swietokrzyskie_36.tif,train,0,0,50,56,13,78,1,10,51,55,0,0,5,10,23,42,143,251,1.76
lima_25.tif,train,1,6,15,2,18,4,1,15,0,8,0,17,0,0,96,43,131,95,0.73
slaskie_6.tif,train,24,1,42,37,3,28,0,6,61,48,1,3,0,0,2,2,133,125,0.94
dortmund_43.tif,train,0,0,429,142,33,79,7,55,50,28,0,3,0,1,15,7,534,315,0.59
aachen_67.tif,train,0,0,29,166,13,37,3,13,19,24,1,2,3,14,9,8,77,264,3.43
santiago_22.tif,train,6,0,81,75,71,168,8,74,135,55,2,7,0,3,12,13,315,395,1.25
ngaoundere_4.tif,train,0,0,70,167,68,137,4,35,144,80,0,1,3,65,47,43,336,528,1.57
mahe_9.tif,train,0,0,208,164,111,167,5,53,171,111,23,4,0,1,25,40,543,540,0.99
santiago_17.tif,train,0,0,63,131,81,128,7,53,99,86,5,3,0,6,36,48,291,455,1.56
lambayeque_48.tif,train,0,2,215,107,189,158,1,30,256,163,0,7,0,13,42,57,703,537,0.76
santiago_44.tif,train,2,0,219,144,100,110,37,41,123,47,20,1,0,1,0,4,501,348,0.69
pisco_12.tif,train,131,86,90,187,0,69,0,0,126,68,5,88,3,0,0,0,355,498,1.40
tokyo_51.tif,train,0,0,189,260,181,162,8,71,224,84,2,1,9,18,129,69,742,665,0.90
ngaoundere_11.tif,train,0,0,309,57,280,104,6,42,243,181,0,0,24,6,205,180,1067,570,0.53
slaskie_1.tif,train,0,0,97,99,38,211,2,12,100,65,0,0,3,9,29,36,269,432,1.61
svaneti_2.tif,train,3,9,139,289,63,260,12,36,158,80,2,62,1,6,49,70,427,812,1.90
muenster_44.tif,train,0,0,79,96,41,111,11,48,93,37,4,6,1,15,28,18,257,331,1.29
ngaoundere_15.tif,train,4,0,163,291,99,229,16,78,247,139,0,3,24,91,85,98,638,929,1.46
dortmund_30.tif,train,0,0,408,362,306,542,17,47,512,222,17,0,0,4,189,157,1449,1334,0.92
daressalaam_16.tif,train,9,10,146,60,490,247,8,58,343,255,1,4,0,0,269,110,1266,744,0.59
wielkopolskie_39.tif,train,0,0,18,26,19,76,1,1,145,25,1,1,5,5,16,12,205,146,0.71
tyrolw_39.tif,train,0,0,78,110,28,42,13,36,51,33,0,1,1,3,8,22,179,247,1.38
lohur_6.tif,train,0,0,44,55,18,62,2,6,23,54,1,3,12,19,11,13,111,212,1.91
rio_55.tif,train,0,0,11,27,39,23,4,6,6,7,0,0,0,0,3,20,63,83,1.32
zanzibar_136.tif,train,0,87,75,75,3,57,0,1,1038,382,0,15,0,1,36,15,1152,633,0.55
chiclayo_38.tif,train,2,3,47,28,18,22,1,17,76,17,3,15,0,2,47,30,194,134,0.69
kujawsko-pomorskie_13.tif,train,0,0,448,139,397,519,8,99,157,45,0,0,0,0,62,54,1072,856,0.80
rio_17.tif,train,0,0,2,5,66,130,3,7,43,25,0,0,0,0,72,27,186,194,1.04
chisinau_35.tif,train,0,0,238,38,137,150,17,60,87,72,0,0,0,0,24,36,503,356,0.71
pomorskie_34.tif,train,0,0,19,86,2,6,12,8,5,37,0,0,0,3,5,4,43,144,3.35
ica_23.tif,train,0,0,17,60,12,39,1,18,72,44,0,0,18,12,6,12,126,185,1.47
tokyo_33.tif,train,5,0,154,313,172,234,9,68,513,151,10,0,18,31,146,137,1027,934,0.91
chiclayo_37.tif,train,7,2,60,61,17,50,2,1,378,92,0,6,0,0,2,2,466,214,0.46
santiago_29.tif,train,0,0,216,199,38,118,2,50,273,46,13,2,0,0,19,39,561,454,0.81
muenster_40.tif,train,0,0,313,252,385,179,11,85,346,177,3,0,3,6,43,52,1104,751,0.68
chicago_26.tif,train,0,0,38,61,29,80,12,36,80,43,0,0,0,1,17,44,176,265,1.51
monrovia_20.tif,train,0,0,105,70,75,174,4,54,38,97,0,2,0,0,62,107,284,504,1.77
slaskie_11.tif,train,0,0,6,41,4,56,2,9,17,19,0,0,21,19,4,14,54,158,2.93
svaneti_28.tif,train,2,0,713,94,8,9,0,2,116,26,1,40,0,7,0,0,840,178,0.21
kyoto_49.tif,train,0,0,101,60,222,35,4,40,291,121,2,1,12,2,124,160,756,419,0.55
rio_25.tif,train,0,0,10,10,11,4,6,18,0,4,0,0,0,0,15,20,42,56,1.33
tyrolw_45.tif,train,0,0,140,160,192,125,8,54,191,112,1,5,25,7,38,85,595,548,0.92
kitsap_7.tif,train,0,0,83,123,34,209,3,27,84,62,1,3,0,3,41,50,246,477,1.94
sechura_33.tif,train,20,0,118,88,110,127,1,45,337,105,5,15,0,12,20,38,611,430,0.70
shanghai_17.tif,train,0,0,22,82,61,75,6,22,52,25,4,3,3,37,50,19,198,263,1.33
accra_4.tif,train,0,0,118,113,620,256,9,90,221,213,1,1,0,4,767,251,1736,928,0.53
duesseldorf_37.tif,train,0,0,74,53,86,101,9,63,86,35,0,0,0,23,15,47,270,322,1.19
rio_1.tif,train,0,0,10,15,13,15,6,2,22,13,0,0,0,1,1,4,52,50,0.96
accra_13.tif,train,0,0,5,58,225,347,2,75,79,71,0,12,0,0,114,232,425,795,1.87
dortmund_54.tif,train,0,0,368,430,670,615,10,55,526,249,14,0,0,4,281,230,1869,1583,0.85
ulaanbaatar_17.tif,train,0,0,150,5,185,11,3,26,41,48,0,0,0,0,351,276,730,366,0.50
khartoum_22.tif,train,3,0,1,13,27,96,6,26,50,75,0,1,0,0,51,26,138,237,1.72
kyoto_54.tif,train,0,0,19,74,167,98,2,37,184,167,0,0,25,4,377,194,774,574,0.74
svaneti_9.tif,train,0,0,237,289,110,276,9,20,192,127,4,9,1,2,68,66,621,789,1.27
zanzibar_9.tif,train,0,0,82,79,42,180,0,0,250,129,0,1,8,40,34,21,416,450,1.08
ica_18.tif,train,0,0,9,40,103,75,2,27,199,144,0,0,0,0,155,203,468,489,1.04
ulaanbaatar_41.tif,train,0,0,162,71,140,17,12,40,35,137,0,0,0,0,291,256,640,521,0.81
mazowieckie_40.tif,train,0,0,27,23,8,25,1,18,73,3,0,0,2,11,2,15,113,95,0.84
ica_8.tif,train,4,0,143,62,115,87,3,13,135,113,1,2,0,9,82,90,483,376,0.78
khartoum_57.tif,train,1,0,0,19,16,23,2,13,10,18,0,14,0,10,7,21,36,118,3.28
coxsbazar_8.tif,train,11,0,153,87,42,2,0,18,86,107,3,6,26,26,2,2,323,248,0.77
viru_30.tif,train,12,17,69,19,179,76,1,21,309,157,0,23,2,2,44,82,616,397,0.64
swietokrzyskie_8.tif,train,0,0,17,45,7,40,5,25,49,38,0,0,8,12,12,9,98,169,1.72
ica_6.tif,train,0,6,215,219,144,190,6,50,164,132,6,45,3,29,47,63,585,734,1.25
tonga_21.tif,train,0,0,137,447,218,509,4,32,627,323,0,0,0,0,121,139,1107,1450,1.31
shanghai_48.tif,train,0,0,15,81,97,52,5,30,11,14,0,1,1,72,165,83,294,333,1.13
baybay_52.tif,train,0,0,97,82,14,39,1,2,71,28,0,0,6,8,9,9,198,168,0.85
soriano_13.tif,train,0,0,127,318,404,451,2,6,177,232,1,1,0,0,139,161,850,1169,1.38
shanghai_61.tif,train,0,0,58,69,69,84,6,20,34,20,1,0,0,12,26,21,194,226,1.16
dortmund_14.tif,train,0,0,620,410,379,436,49,87,308,162,0,0,0,0,162,154,1518,1249,0.82
tyrolw_48.tif,train,0,0,35,98,9,84,1,13,73,40,1,4,0,10,9,14,128,263,2.05
malopolskie_37.tif,train,0,0,11,53,1,13,2,10,10,15,0,8,3,8,2,13,29,120,4.14
mahe_27.tif,train,0,9,88,158,33,84,1,11,95,74,5,41,0,0,21,32,243,409,1.68
muenster_34.tif,train,0,0,495,527,349,562,25,63,466,233,3,0,0,0,207,242,1545,1627,1.05
melbourne_54.tif,train,0,0,120,117,104,142,18,37,148,102,0,2,0,0,7,27,397,427,1.08
koeln_68.tif,train,0,0,565,369,242,307,44,103,265,119,1,6,0,4,86,95,1203,1003,0.83
zanzibar_7.tif,train,0,0,92,102,0,20,8,7,252,92,0,0,9,24,3,1,364,246,0.68
coxsbazar_58.tif,train,0,0,168,208,61,102,4,29,39,53,21,5,30,12,63,48,386,457,1.18
shanghai_22.tif,train,0,0,8,41,14,38,2,12,0,0,0,0,0,23,3,21,27,135,5.00
vienna_1.tif,train,0,0,51,121,141,323,14,33,77,118,0,0,0,0,20,51,303,646,2.13
vienna_68.tif,train,0,0,75,114,66,203,5,86,127,81,2,0,0,1,22,71,297,556,1.87
ngaoundere_45.tif,train,6,14,135,137,266,103,11,22,276,169,5,5,22,10,158,108,879,568,0.65
dolnoslaskie_20.tif,train,0,0,38,49,12,30,3,11,73,34,1,3,3,23,11,12,141,162,1.15
pisco_16.tif,train,0,12,140,127,81,59,1,11,96,49,0,29,40,22,5,3,363,312,0.86
daressalaam_90.tif,train,0,0,30,45,219,290,8,72,242,178,0,0,0,0,123,146,622,731,1.18
monrovia_32.tif,train,0,0,383,338,267,227,14,51,328,256,0,10,1,0,143,148,1136,1030,0.91
slaskie_3.tif,train,0,0,84,70,47,217,1,13,257,113,2,0,4,6,32,43,427,462,1.08
coxsbazar_29.tif,train,0,0,6,14,16,2,0,5,168,111,11,6,0,0,0,0,201,138,0.69
christchurch_69.tif,train,0,0,282,432,400,404,2,13,289,212,4,0,0,0,204,188,1181,1249,1.06
kyoto_3.tif,train,4,0,65,157,158,171,3,55,288,179,15,0,24,4,176,89,733,655,0.89
tonga_66.tif,train,0,0,433,308,193,385,1,22,276,288,1,4,0,0,102,145,1006,1152,1.15
slaskie_29.tif,train,0,0,150,58,42,41,7,34,316,107,1,0,0,19,16,10,532,269,0.51
lima_13.tif,train,1,0,0,3,3,5,1,4,0,0,0,0,0,8,23,8,28,28,1.00
vienna_43.tif,train,0,0,117,114,119,229,52,39,68,67,1,0,0,9,29,43,386,501,1.30
rotterdam_30.tif,train,0,0,27,64,249,162,27,47,108,83,6,7,0,14,43,52,460,429,0.93
viru_1.tif,train,0,0,109,58,169,102,4,28,175,114,11,2,5,18,42,84,515,406,0.79
vegas_22.tif,train,0,0,41,38,38,74,3,9,107,47,8,1,0,0,55,43,252,212,0.84
lohur_19.tif,train,0,0,136,35,100,116,2,18,171,44,0,1,17,25,39,39,465,278,0.60
kujawsko-pomorskie_4.tif,train,0,0,319,219,136,472,2,53,162,201,1,0,0,0,199,142,819,1087,1.33
melbourne_10.tif,train,0,0,13,31,141,86,20,38,44,55,0,0,0,0,27,53,245,263,1.07
kyoto_34.tif,train,0,0,169,382,397,348,19,116,247,162,6,0,1,8,116,68,955,1084,1.14
dhaka_11.tif,train,0,0,49,100,131,325,3,44,81,158,0,6,0,0,67,59,331,692,2.09
shanghai_27.tif,train,0,0,0,7,6,43,1,16,0,0,2,1,0,11,3,56,12,134,11.17
austin_35.tif,train,3,0,168,211,324,355,4,63,165,135,2,0,0,5,90,76,756,845,1.12
pisco_44.tif,train,0,6,190,51,56,79,3,12,104,97,3,3,0,0,67,67,423,315,0.74
dhaka_52.tif,train,0,0,251,204,219,436,2,31,171,264,16,13,0,0,78,54,737,1002,1.36
lima_23.tif,train,1,0,0,0,10,15,1,15,1,0,0,0,0,60,18,21,31,111,3.58
dhaka_4.tif,train,0,0,73,207,220,597,8,29,181,249,7,6,0,0,80,57,569,1145,2.01
tyrolw_66.tif,train,0,0,141,163,205,156,5,16,180,106,0,2,0,0,69,65,600,508,0.85
ulaanbaatar_39.tif,train,0,0,151,14,113,5,6,34,0,41,0,1,0,3,279,289,549,387,0.70
zanzibar_53.tif,train,0,1,76,499,5,247,8,0,338,226,12,7,3,12,3,3,445,995,2.24
ngaoundere_41.tif,train,0,0,116,152,136,121,4,24,169,111,1,1,20,48,63,62,509,519,1.02
kujawsko-pomorskie_5.tif,train,0,0,247,573,191,779,4,53,143,430,1,0,0,0,439,298,1025,2133,2.08
rosario_12.tif,train,0,0,17,24,6,72,1,2,179,96,1,8,1,20,0,4,205,226,1.10
tokyo_6.tif,train,0,0,40,353,189,189,4,114,173,129,7,2,18,22,187,226,618,1035,1.67
bielefeld_47.tif,train,0,0,77,158,69,143,13,41,172,111,2,1,0,2,32,41,365,497,1.36
swietokrzyskie_2.tif,train,0,0,61,64,8,11,9,14,26,38,0,0,15,22,6,5,125,154,1.23
shanghai_54.tif,train,0,0,73,38,108,61,17,27,132,52,0,3,0,0,15,49,345,230,0.67
kyoto_11.tif,train,0,0,321,234,303,219,11,118,517,334,0,0,13,30,386,279,1551,1214,0.78
bielefeld_8.tif,train,0,0,144,384,130,356,4,29,129,238,1,0,2,2,152,139,562,1148,2.04
khartoum_7.tif,train,2,4,2,36,47,34,1,10,21,28,0,35,0,3,22,16,95,166,1.75
tokyo_69.tif,train,0,0,216,438,555,293,11,140,348,173,11,0,7,0,362,228,1510,1272,0.84
daressalaam_96.tif,train,0,0,71,25,228,271,22,27,190,167,62,1,0,4,61,36,634,531,0.84
ngaoundere_27.tif,train,0,0,339,207,228,133,6,38,322,168,34,3,11,23,204,161,1144,733,0.64
chiclayo_39.tif,train,3,7,44,37,80,91,1,14,50,24,1,3,0,8,20,23,199,207,1.04
accra_9.tif,train,0,0,19,8,319,396,4,84,181,187,2,2,0,0,205,77,730,754,1.03
mahe_25.tif,train,13,9,158,112,40,210,4,17,95,64,14,30,0,1,43,51,367,494,1.35
rio_50.tif,train,0,0,1,18,74,64,4,13,46,33,0,0,0,0,11,36,136,164,1.21
ica_43.tif,train,0,5,142,39,469,258,7,27,222,157,4,10,0,0,42,59,886,555,0.63
shanghai_10.tif,train,0,0,62,74,79,110,8,29,81,34,0,1,0,39,29,44,259,331,1.28
rio_66.tif,train,9,1,13,33,0,11,1,1,0,1,0,7,0,0,0,0,23,54,2.35
vegas_25.tif,train,1,0,22,39,20,37,3,14,33,12,0,0,0,0,7,8,86,110,1.28
khartoum_35.tif,train,0,0,4,10,14,19,3,17,61,42,0,4,0,0,26,25,108,117,1.08
lambayeque_39.tif,train,0,0,104,111,27,68,4,18,243,106,0,2,25,43,12,12,415,360,0.87
paris_8.tif,train,1,0,12,41,24,36,3,34,20,10,0,0,0,22,15,40,75,183,2.44
malopolskie_31.tif,train,0,0,22,39,3,30,0,11,7,14,0,5,2,8,10,15,44,122,2.77
ngaoundere_30.tif,train,12,15,51,61,30,114,5,37,109,158,0,3,10,46,12,23,229,457,2.00
chiclayo_24.tif,train,0,0,98,135,33,123,2,34,74,78,15,14,9,27,33,24,264,435,1.65
accra_3.tif,train,0,0,140,257,213,251,14,68,236,238,7,9,0,10,411,223,1021,1056,1.03
tonga_15.tif,train,0,0,80,197,299,487,1,30,683,286,0,10,0,3,90,94,1153,1107,0.96
dolnoslaskie_25.tif,train,2,0,99,90,34,177,6,33,129,84,9,4,4,19,48,61,331,468,1.41
baybay_29.tif,train,0,0,560,587,164,410,9,6,390,97,0,0,10,8,85,88,1218,1196,0.98
ica_48.tif,train,0,0,193,87,208,104,4,12,276,185,0,0,0,0,104,153,785,541,0.69
accra_35.tif,train,1,10,60,54,58,164,1,46,251,79,1,28,0,0,36,50,408,431,1.06
santiago_33.tif,train,0,0,197,66,91,135,5,48,162,103,1,0,0,0,44,102,500,454,0.91
lambayeque_25.tif,train,0,35,64,215,85,123,2,30,210,147,0,33,4,21,13,29,378,633,1.67
pisco_23.tif,train,2,19,108,152,15,102,1,14,207,113,1,53,11,48,16,12,361,513,1.42
christchurch_15.tif,train,0,0,44,32,2,51,3,18,60,20,3,26,0,0,2,4,114,151,1.32
vienna_27.tif,train,0,0,7,32,75,58,30,41,56,3,0,0,0,11,11,31,179,176,0.98
chisinau_36.tif,train,0,0,162,46,69,114,4,52,167,112,0,0,0,0,21,33,423,357,0.84
svaneti_52.tif,train,0,0,30,58,13,87,1,13,116,68,0,0,10,15,13,13,183,254,1.39
podkarpackie_2.tif,train,0,0,81,80,14,31,1,10,50,21,0,0,7,11,10,8,163,161,0.99
christchurch_28.tif,train,0,0,160,210,120,138,11,36,97,51,4,10,2,2,28,26,422,473,1.12
khartoum_38.tif,train,0,0,2,4,24,54,1,8,39,48,0,0,0,0,43,37,109,151,1.39
sechura_6.tif,train,0,8,163,57,37,68,3,37,183,97,0,4,0,0,6,195,392,466,1.19
mazowieckie_21.tif,train,0,0,41,73,18,105,2,8,215,93,0,1,1,1,25,25,302,306,1.01
vegas_45.tif,train,2,0,0,28,3,13,2,10,30,15,0,3,0,9,3,4,40,82,2.05
melbourne_56.tif,train,0,0,194,139,137,149,3,28,147,148,0,1,0,3,20,42,501,510,1.02
abancay_9.tif,train,0,0,282,79,237,287,2,14,222,172,11,0,0,0,49,58,803,610,0.76
christchurch_65.tif,train,0,9,94,204,104,188,1,10,245,153,1,1,1,2,63,61,509,628,1.23
kyoto_58.tif,train,0,0,106,101,566,195,6,90,259,241,9,4,6,12,202,196,1154,839,0.73
malopolskie_17.tif,train,0,0,52,56,19,96,1,18,151,42,2,10,6,15,27,48,258,285,1.10
tyrolw_23.tif,train,2,0,107,176,332,218,3,33,143,88,3,1,0,0,59,55,649,571,0.88
aachen_16.tif,train,0,0,362,322,193,402,7,46,325,206,8,0,0,1,228,216,1123,1193,1.06
chisinau_51.tif,train,0,0,361,175,216,242,15,44,273,141,2,0,10,1,61,82,938,685,0.73
duesseldorf_18.tif,train,0,0,362,247,305,343,4,27,424,154,2,0,0,0,118,112,1215,883,0.73
malopolskie_28.tif,train,0,0,28,56,0,6,0,3,7,2,0,7,0,0,4,5,39,79,2.03
melbourne_14.tif,train,0,0,5,73,123,79,10,58,113,88,0,0,0,0,29,60,280,358,1.28
paris_25.tif,train,0,0,49,93,44,108,2,14,70,35,2,0,0,7,52,48,219,305,1.39
lodzkie_23.tif,train,0,0,13,31,12,22,1,6,40,14,0,5,3,5,5,8,74,91,1.23
rosario_4.tif,train,0,0,282,117,197,149,7,21,310,262,0,0,0,2,193,263,989,814,0.82
kagera_16.tif,train,0,0,258,325,71,432,13,17,192,167,0,4,7,14,64,61,605,1020,1.69
koeln_19.tif,train,0,0,215,302,139,277,7,50,367,179,4,3,7,26,125,130,864,967,1.12
mazowieckie_20.tif,train,0,0,11,36,3,14,5,8,19,4,0,0,6,5,6,6,50,73,1.46
coxsbazar_47.tif,train,12,0,111,93,16,20,0,37,31,34,4,36,6,18,5,8,185,246,1.33
koeln_29.tif,train,0,0,265,284,337,243,6,89,352,176,0,0,0,2,69,71,1029,865,0.84
santiago_58.tif,train,0,0,357,263,161,343,9,60,340,227,10,0,0,0,78,151,955,1044,1.09
chiclayo_33.tif,train,0,10,54,172,37,93,7,36,138,91,3,10,18,21,6,15,263,448,1.70
mahe_2.tif,train,4,12,300,210,94,236,3,23,131,74,1,13,0,0,36,62,569,630,1.11
lubuskie_9.tif,train,0,0,35,35,2,0,1,16,30,32,0,0,0,3,1,0,69,86,1.25
muenster_11.tif,train,0,0,52,68,45,114,15,29,148,35,1,1,6,20,30,26,297,293,0.99
mazowieckie_37.tif,train,0,0,37,41,18,47,4,24,39,20,0,1,12,30,8,9,118,172,1.46
duesseldorf_8.tif,train,0,0,239,197,79,159,4,42,139,111,1,3,4,11,42,55,508,578,1.14
svaneti_62.tif,train,2,0,33,42,8,56,1,5,28,15,1,29,8,24,6,7,87,178,2.05
koeln_4.tif,train,0,0,31,31,5,26,4,21,31,15,1,25,4,7,7,40,83,165,1.99
khartoum_36.tif,train,0,0,0,9,57,142,3,15,32,130,0,0,0,0,70,29,162,325,2.01
koeln_3.tif,train,0,0,144,182,93,169,13,75,229,88,0,0,2,47,38,44,519,605,1.17
daressalaam_7.tif,train,0,0,452,51,376,287,11,27,715,351,5,0,0,0,259,165,1818,881,0.48
melbourne_32.tif,train,0,0,316,149,271,259,22,37,329,281,3,2,0,0,87,75,1028,803,0.78
sechura_22.tif,train,0,2,70,51,43,37,2,23,182,101,0,1,0,0,54,93,351,308,0.88
paris_49.tif,train,0,0,28,65,45,86,7,12,45,22,0,0,0,11,41,41,166,237,1.43
chincha_33.tif,train,0,3,77,153,46,48,2,41,134,107,3,13,5,11,52,47,319,423,1.33
tonga_25.tif,train,0,0,119,105,131,436,2,28,228,253,0,23,1,5,86,88,567,938,1.65
lambayeque_50.tif,train,0,0,40,6,21,9,1,19,32,21,0,10,0,3,32,44,126,112,0.89
niamey_6.tif,train,0,0,61,112,144,95,21,49,171,155,0,1,0,9,207,174,604,595,0.99
piura_39.tif,train,0,0,123,112,4,9,2,49,40,51,7,27,2,8,0,0,178,256,1.44
soriano_6.tif,train,0,0,109,303,279,460,13,39,284,218,2,1,0,0,75,72,762,1093,1.43
coxsbazar_17.tif,train,0,0,177,127,10,11,1,16,274,82,0,3,14,23,1,1,477,263,0.55
santiago_5.tif,train,0,0,539,189,256,247,3,39,256,212,24,0,0,0,108,248,1186,935,0.79
ulaanbaatar_14.tif,train,0,0,164,61,114,15,7,39,51,129,0,0,0,6,336,242,672,492,0.73
niamey_3.tif,train,0,0,91,180,132,73,18,56,207,148,3,0,0,4,250,200,701,661,0.94
dhaka_54.tif,train,0,6,78,136,77,180,7,15,51,109,1,35,0,3,28,65,242,549,2.27
tonga_28.tif,train,0,0,73,203,199,535,7,32,616,311,1,2,0,1,97,115,993,1199,1.21
abancay_4.tif,train,0,0,127,124,165,218,2,25,160,154,0,0,8,0,83,80,545,601,1.10
zanzibar_15.tif,train,0,0,157,194,5,2,0,6,122,17,0,0,0,32,0,2,284,253,0.89
melbourne_30.tif,train,0,0,141,106,199,102,7,24,117,137,0,1,0,1,31,50,495,421,0.85
christchurch_20.tif,train,0,0,12,60,1,181,0,51,5,12,0,0,8,28,29,21,55,353,6.42
accra_52.tif,train,0,0,205,161,200,291,2,32,456,258,0,0,0,0,243,162,1106,904,0.82
coxsbazar_52.tif,train,0,0,127,194,45,93,9,17,43,40,7,17,8,18,50,50,289,429,1.48
accra_5.tif,train,0,0,26,26,321,372,7,67,295,346,0,0,0,0,367,148,1016,959,0.94
accra_39.tif,train,3,0,85,120,65,153,4,28,179,128,1,0,0,0,47,69,384,498,1.30
kagera_64.tif,train,0,1,142,187,25,138,0,15,316,137,0,3,24,47,33,38,540,566,1.05
abancay_5.tif,train,0,0,129,196,107,233,4,54,179,180,0,0,1,0,124,97,544,760,1.40
daressalaam_22.tif,train,2,1,74,61,811,494,18,48,224,293,0,7,0,0,492,59,1621,963,0.59
baybay_25.tif,train,0,7,417,290,111,255,7,17,111,54,2,19,0,1,69,70,717,713,0.99
lubuskie_19.tif,train,0,0,43,52,35,102,1,6,222,59,6,4,0,10,33,39,340,272,0.80
western_1.tif,train,21,17,55,234,29,170,1,9,372,167,12,4,0,4,46,43,536,648,1.21
ngaoundere_34.tif,train,0,35,162,143,87,139,1,9,225,147,0,20,16,79,39,33,530,605,1.14
svaneti_27.tif,train,0,0,145,55,16,5,0,4,28,81,0,15,3,1,3,4,195,165,0.85
monrovia_10.tif,train,0,13,170,246,74,342,10,12,174,194,61,41,21,20,58,66,568,934,1.64
accra_51.tif,train,0,0,15,36,0,6,2,8,299,105,0,0,5,14,1,0,322,169,0.52
vienna_16.tif,train,0,0,29,83,75,122,5,47,40,45,1,0,0,1,13,49,163,347,2.13
piura_10.tif,train,0,0,69,48,259,98,5,28,202,168,0,1,3,3,53,79,591,425,0.72
duesseldorf_41.tif,train,0,0,142,63,222,139,13,34,151,63,0,0,1,0,37,59,566,358,0.63
santiago_36.tif,train,0,0,116,264,204,169,11,40,343,176,0,0,0,0,124,166,798,815,1.02
pomorskie_37.tif,train,0,0,82,55,15,98,4,16,86,43,3,0,9,24,36,42,235,278,1.18
monrovia_71.tif,train,0,0,453,311,259,406,20,29,257,180,31,12,2,13,118,120,1140,1071,0.94
ica_31.tif,train,3,0,4,23,2,31,2,54,5,35,0,0,2,30,8,21,26,194,7.46
ulaanbaatar_23.tif,train,0,0,96,11,73,8,4,41,15,68,0,0,0,5,289,274,477,407,0.85
bielefeld_62.tif,train,0,0,49,93,53,116,3,19,69,40,0,0,11,16,15,15,200,299,1.50
dhaka_40.tif,train,0,0,351,450,371,662,17,33,330,300,11,12,0,0,155,73,1235,1530,1.24
zanzibar_145.tif,train,0,66,39,64,14,84,4,7,531,395,0,11,0,20,45,25,633,672,1.06
khartoum_34.tif,train,0,0,5,50,20,26,1,22,37,53,0,10,0,0,22,30,85,191,2.25
lambayeque_19.tif,train,5,0,66,119,182,164,2,38,118,130,3,1,0,1,64,65,440,518,1.18
wielkopolskie_34.tif,train,0,0,75,57,54,148,3,9,132,33,0,0,1,9,54,48,319,304,0.95
coxsbazar_48.tif,train,0,3,111,177,20,19,0,26,47,48,7,21,10,20,14,13,209,327,1.56
zanzibar_60.tif,train,0,2,588,239,187,214,0,7,236,101,0,9,0,0,5,5,1016,577,0.57
monrovia_73.tif,train,0,8,130,227,58,332,9,17,322,155,24,48,17,32,79,80,639,899,1.41
slaskie_20.tif,train,1,0,13,9,5,49,0,6,76,17,1,4,0,7,8,5,104,97,0.93
santiago_11.tif,train,0,0,349,443,296,448,6,37,349,195,16,0,0,0,130,201,1146,1324,1.16
koeln_49.tif,train,1,0,15,9,3,15,1,5,0,0,0,1,5,1,1,2,26,33,1.27
kagera_55.tif,train,0,0,57,150,46,133,1,29,180,199,0,4,88,29,35,33,407,577,1.42
swietokrzyskie_24.tif,train,0,0,46,25,16,52,2,6,35,20,0,2,2,12,13,11,114,128,1.12
lodzkie_19.tif,train,0,0,22,68,10,34,5,10,24,23,1,7,14,21,8,52,84,215,2.56
muenster_25.tif,train,0,0,54,129,25,79,4,51,71,33,1,0,10,19,15,18,180,329,1.83
dolnoslaskie_3.tif,train,0,0,25,53,7,2,5,27,12,36,4,11,0,19,2,0,55,148,2.69
sechura_50.tif,train,0,0,63,117,204,150,2,16,223,133,9,3,5,3,91,88,597,510,0.85
dortmund_51.tif,train,0,0,192,219,59,215,6,26,122,113,1,0,5,12,74,64,459,649,1.41
mahe_65.tif,train,0,0,359,399,129,396,15,63,240,69,0,28,0,5,74,86,817,1046,1.28
svaneti_40.tif,train,0,0,81,53,32,112,10,14,115,71,0,3,21,26,26,16,285,295,1.04
abancay_48.tif,train,0,0,96,105,222,270,1,18,128,144,0,0,0,4,53,74,500,615,1.23
kagera_32.tif,train,2,0,112,260,73,325,18,6,1032,163,0,0,8,7,80,69,1325,830,0.63
pisco_18.tif,train,43,22,206,92,6,55,0,4,241,36,12,159,4,5,0,0,512,373,0.73
svaneti_24.tif,train,16,0,36,36,46,179,2,14,45,57,1,42,1,30,32,37,179,395,2.21
mazowieckie_4.tif,train,0,0,5,14,6,11,0,22,168,10,0,1,86,8,3,1,268,67,0.25
podkarpackie_10.tif,train,0,0,289,51,14,28,1,2,151,23,18,0,9,16,15,18,497,138,0.28
viru_20.tif,train,0,0,89,50,465,109,9,29,194,137,5,1,4,2,73,123,839,451,0.54
paris_12.tif,train,0,0,63,86,30,99,1,10,67,46,0,0,0,16,36,51,197,308,1.56
kitsap_35.tif,train,0,0,184,276,135,375,1,7,240,145,4,0,0,0,111,112,675,915,1.36
kyoto_15.tif,train,0,0,94,158,240,97,5,68,149,166,1,4,19,38,232,139,740,670,0.91
tokyo_68.tif,train,0,0,158,379,403,229,7,122,352,91,1,0,27,5,485,213,1433,1039,0.73
viru_34.tif,train,0,2,103,279,46,90,1,19,251,184,0,0,14,63,14,20,429,657,1.53
ulaanbaatar_47.tif,train,2,0,44,99,21,68,1,26,52,25,1,25,2,17,71,29,194,289,1.49
rotterdam_2.tif,train,0,0,24,84,65,128,6,45,107,58,5,16,0,13,52,34,259,378,1.46
lohur_39.tif,train,0,0,70,93,35,100,3,10,59,36,0,0,5,21,3,6,175,266,1.52
dowa_18.tif,train,0,0,15,12,120,27,1,27,21,17,0,1,5,8,313,151,475,243,0.51
wielkopolskie_29.tif,train,0,0,231,87,112,255,3,15,510,73,0,0,0,3,72,58,928,491,0.53
rio_18.tif,train,5,0,7,11,10,24,1,1,31,13,2,1,4,1,3,5,63,56,0.89
daressalaam_86.tif,train,0,3,296,189,107,246,9,40,251,133,6,13,1,3,43,74,713,701,0.98
vegas_14.tif,train,0,0,43,51,17,21,1,19,100,44,2,1,0,0,25,35,188,171,0.91
abancay_12.tif,train,0,1,120,68,53,91,6,9,204,100,4,11,0,1,30,34,417,315,0.76
pisco_25.tif,train,4,1,101,77,28,23,1,7,49,33,1,17,8,15,4,2,196,175,0.89
vienna_15.tif,train,0,0,85,63,78,247,6,68,42,29,0,0,0,1,24,43,235,451,1.92
wielkopolskie_12.tif,train,0,0,87,85,40,172,2,4,80,51,0,0,2,3,22,19,233,334,1.43
monrovia_49.tif,train,0,0,135,97,106,371,5,32,122,76,11,6,0,8,89,88,468,678,1.45
maputo_3.tif,train,0,0,54,45,266,302,7,33,228,241,0,0,0,1,252,119,807,741,0.92
tyrolw_44.tif,train,0,0,84,39,6,36,5,5,55,12,0,13,3,2,5,15,158,122,0.77
warminsko-mazurskie_12.tif,train,0,0,22,81,6,69,1,21,75,46,2,3,1,36,3,4,110,260,2.36
chisinau_68.tif,train,0,0,419,210,153,326,8,28,158,106,14,5,0,6,52,77,804,758,0.94
zanzibar_31.tif,train,0,0,317,126,85,37,0,5,204,170,0,0,0,5,4,5,610,348,0.57
vienna_4.tif,train,0,0,71,134,86,108,4,33,147,84,0,0,0,1,23,70,331,430,1.30
abancay_46.tif,train,0,0,75,145,124,189,4,16,165,95,0,5,0,0,96,92,464,542,1.17
zanzibar_33.tif,train,0,0,222,177,28,75,25,12,439,97,0,1,17,8,11,12,742,382,0.51
daressalaam_95.tif,train,0,0,161,157,287,400,10,48,267,291,2,0,0,1,175,123,902,1020,1.13
tokyo_13.tif,train,0,0,36,229,163,203,4,123,149,74,17,0,19,14,722,170,1110,813,0.73
austin_30.tif,train,0,5,154,132,578,140,38,37,121,125,3,1,0,1,44,47,938,488,0.52
abancay_28.tif,train,0,0,46,129,244,249,1,17,130,163,0,0,0,0,115,123,536,681,1.27
tokyo_60.tif,train,0,0,118,251,145,196,9,107,260,64,0,1,26,49,346,92,904,760,0.84
svaneti_44.tif,train,0,0,75,93,83,133,7,29,233,105,0,3,9,14,26,20,433,397,0.92
tokyo_41.tif,train,0,0,331,385,418,231,8,114,460,214,0,0,22,6,733,234,1972,1184,0.60
chincha_8.tif,train,0,0,251,125,147,72,17,29,269,154,126,8,8,16,79,96,897,500,0.56
ngaoundere_31.tif,train,0,0,24,280,123,134,5,47,345,150,4,28,104,49,66,54,671,742,1.11
chicago_11.tif,train,0,0,92,88,122,94,10,38,151,100,0,0,0,0,203,148,578,468,0.81
chisinau_61.tif,train,0,0,92,42,105,185,8,81,106,90,0,2,0,0,22,51,333,451,1.35
aachen_28.tif,train,0,0,2,25,3,21,0,26,1,5,0,1,4,26,3,4,13,108,8.31
zachodniopomorskie_5.tif,train,0,0,32,42,11,10,1,4,56,26,3,32,1,4,1,2,105,120,1.14
zanzibar_64.tif,train,0,0,304,344,38,245,16,12,720,206,0,1,67,52,2,4,1147,864,0.75
vegas_35.tif,train,1,0,13,83,2,35,1,4,296,7,0,7,0,62,1,1,314,199,0.63
accra_7.tif,train,0,0,65,119,273,292,14,70,242,239,6,2,0,3,315,153,915,878,0.96
baybay_61.tif,train,0,0,193,221,66,180,1,3,125,80,0,0,2,9,40,36,427,529,1.24
kyoto_21.tif,train,1,0,82,212,168,236,7,39,338,162,22,1,131,33,169,123,918,806,0.88
santiago_46.tif,train,0,0,25,239,399,204,21,52,207,212,10,0,0,0,89,173,751,880,1.17
monrovia_7.tif,train,0,0,335,217,171,272,13,36,254,197,14,6,2,12,120,140,909,880,0.97
zanzibar_66.tif,train,0,0,181,267,57,185,11,36,326,161,0,13,23,18,17,61,615,741,1.20
soriano_10.tif,train,0,0,165,200,112,585,1,7,183,186,0,0,0,0,140,175,601,1153,1.92
pisco_1.tif,train,6,6,63,114,58,47,1,31,119,99,20,24,7,17,48,31,322,369,1.15
dortmund_10.tif,train,0,0,453,525,366,553,4,40,511,286,15,0,2,3,250,210,1601,1617,1.01
monrovia_64.tif,train,0,0,290,162,153,250,15,53,203,153,0,11,0,1,140,118,801,748,0.93
chisinau_16.tif,train,0,0,204,97,91,142,4,27,145,104,0,0,0,0,43,78,487,448,0.92
chiangmai_4.tif,train,0,0,320,333,188,350,5,36,323,166,6,19,0,5,49,75,891,984,1.10
pisco_26.tif,train,9,16,48,103,25,71,1,11,125,74,1,56,5,14,17,16,231,361,1.56
dolnoslaskie_33.tif,train,0,0,49,62,37,55,4,28,44,21,0,0,2,22,3,4,139,192,1.38
tokyo_59.tif,train,0,0,285,314,154,200,5,96,226,122,1,1,25,27,416,104,1112,864,0.78
rio_42.tif,train,0,0,0,15,71,38,4,11,60,29,7,0,0,0,19,49,161,142,0.88
abancay_7.tif,train,0,0,130,218,154,283,3,22,226,214,0,0,5,2,97,87,615,826,1.34
santiago_69.tif,train,0,0,178,254,83,341,8,88,106,62,13,1,0,2,40,130,428,878,2.05
dhaka_58.tif,train,0,1,52,296,452,506,10,37,199,205,10,16,0,0,120,49,843,1110,1.32
austin_28.tif,train,0,0,70,78,100,123,5,44,80,83,2,0,3,1,51,40,311,369,1.19
chicago_21.tif,train,0,0,120,55,79,102,18,32,242,138,0,0,0,0,238,100,697,427,0.61
chisinau_25.tif,train,0,0,170,117,92,166,26,36,85,76,0,0,0,0,13,35,386,430,1.11
abancay_24.tif,train,0,25,31,56,21,56,2,2,219,108,0,6,2,6,3,55,278,314,1.13
aachen_35.tif,train,0,0,63,186,57,153,2,24,116,117,2,0,6,9,147,105,393,594,1.51
wielkopolskie_14.tif,train,0,0,196,57,112,312,2,19,240,47,0,0,0,3,64,52,614,490,0.80
vegas_49.tif,train,0,0,55,98,52,83,5,17,107,40,0,0,0,1,7,14,226,253,1.12
svaneti_65.tif,train,0,0,6,9,7,99,0,0,368,96,2,10,2,24,2,0,387,238,0.61
bielefeld_59.tif,train,0,0,472,456,417,385,4,45,471,312,17,4,0,1,191,200,1572,1403,0.89
shanghai_55.tif,train,0,0,42,63,94,62,4,37,34,31,1,0,2,65,41,66,218,324,1.49
muenster_24.tif,train,0,0,65,87,17,36,4,12,94,34,3,1,46,25,19,21,248,216,0.87
kitsap_49.tif,train,0,0,13,90,72,55,3,4,38,37,4,3,0,4,11,11,141,204,1.45
austin_25.tif,train,0,0,107,110,92,206,2,35,76,79,0,0,0,0,22,44,299,474,1.59
rio_5.tif,train,0,0,25,55,63,72,1,15,55,51,1,0,0,0,125,49,270,242,0.90
chiclayo_3.tif,train,0,28,2,42,18,59,2,5,238,132,1,12,3,2,29,22,293,302,1.03
santiago_14.tif,train,0,0,244,174,158,199,7,30,197,89,5,0,0,12,49,97,660,601,0.91
abancay_40.tif,train,0,0,33,51,253,338,1,10,70,70,0,0,0,1,77,41,434,511,1.18
shanghai_42.tif,train,0,0,37,53,89,123,10,20,44,32,7,1,0,26,87,28,274,283,1.03
vienna_22.tif,train,0,0,65,135,23,104,1,80,228,77,3,0,0,4,10,22,330,422,1.28
melbourne_26.tif,train,0,0,250,127,291,225,13,42,149,237,0,0,0,0,47,68,750,699,0.93
christchurch_12.tif,train,0,0,518,606,497,562,6,38,429,282,6,0,0,0,174,184,1630,1672,1.03
paris_39.tif,train,0,0,18,40,53,78,4,10,50,30,0,2,0,3,35,48,160,211,1.32
tyrolw_70.tif,train,0,0,49,66,4,10,5,9,27,7,0,11,4,7,4,4,93,114,1.23
mazowieckie_28.tif,train,0,0,4,13,0,5,0,2,77,1,0,0,9,3,1,1,91,25,0.27
chiangmai_8.tif,train,0,0,413,294,133,306,26,70,223,145,0,1,0,0,75,101,870,917,1.05
slaskie_26.tif,train,15,0,76,73,20,124,5,24,124,49,3,25,0,29,19,16,262,340,1.30
coxsbazar_68.tif,train,29,9,290,233,43,167,4,36,251,72,7,16,13,18,29,24,666,575,0.86
shanghai_47.tif,train,0,0,30,28,35,43,1,18,77,3,0,5,0,14,7,17,150,128,0.85
lima_43.tif,train,0,0,0,2,50,21,2,21,242,0,0,0,0,2,156,134,450,180,0.40
rotterdam_50.tif,train,0,0,46,117,123,218,108,47,140,112,9,9,0,7,55,77,481,587,1.22
aachen_59.tif,train,0,0,317,219,189,246,2,50,155,173,13,0,0,2,176,158,852,848,1.00
chiclayo_34.tif,train,0,1,10,198,90,134,2,17,111,104,0,11,18,18,48,53,279,536,1.92
coxsbazar_13.tif,train,0,0,75,50,12,6,0,5,128,41,3,6,11,18,5,4,234,130,0.56
dortmund_40.tif,train,0,0,313,171,255,159,41,82,339,134,1,0,24,1,75,81,1048,628,0.60
rotterdam_6.tif,train,0,0,122,199,161,236,7,36,235,224,2,0,0,2,385,145,912,842,0.92
accra_58.tif,train,0,0,41,1,134,31,3,28,151,12,0,0,24,0,32,56,385,128,0.33
tokyo_48.tif,train,0,0,29,289,161,95,26,131,177,117,0,3,3,0,427,197,823,832,1.01
coxsbazar_26.tif,train,1,0,289,222,73,223,0,43,371,146,4,8,14,21,52,42,804,705,0.88
rio_30.tif,train,1,0,5,12,8,27,0,7,10,9,0,1,0,8,2,3,26,67,2.58
kagera_2.tif,train,0,0,150,157,23,170,3,15,271,126,0,1,23,45,41,43,511,557,1.09
koeln_16.tif,train,0,0,168,297,415,378,49,89,252,216,0,2,0,0,61,90,945,1072,1.13
lambayeque_35.tif,train,0,1,68,203,37,118,2,41,102,141,4,49,10,33,11,33,234,619,2.65
coxsbazar_30.tif,train,0,0,48,97,32,52,8,32,95,107,18,9,9,18,16,17,226,332,1.47
ulaanbaatar_5.tif,train,0,0,178,23,272,20,3,29,52,76,0,0,0,0,265,213,770,361,0.47
ica_21.tif,train,21,0,67,18,34,19,1,23,210,54,0,0,0,1,117,93,450,208,0.46
kagera_4.tif,train,2,0,76,308,61,390,4,12,84,118,0,0,13,24,61,59,301,911,3.03
santiago_20.tif,train,0,0,127,279,366,303,16,31,283,164,4,2,0,2,53,134,849,915,1.08
muenster_50.tif,train,0,0,104,131,111,84,3,46,144,54,0,0,1,3,14,26,377,344,0.91
coxsbazar_9.tif,train,0,0,75,136,0,0,2,9,306,88,4,2,24,11,0,2,411,248,0.60
svaneti_1.tif,train,0,0,66,175,31,174,16,48,326,28,0,10,4,1,18,33,461,469,1.02
vienna_5.tif,train,0,0,114,76,20,56,0,14,65,34,4,23,0,2,0,1,203,206,1.01
dhaka_23.tif,train,0,0,136,168,243,344,1,32,95,176,1,3,0,0,79,88,555,811,1.46
tyrolw_50.tif,train,0,0,209,148,93,123,6,25,259,77,1,2,0,19,48,61,616,455,0.74
kujawsko-pomorskie_3.tif,train,0,0,363,147,155,423,4,69,27,102,1,0,0,0,69,63,619,804,1.30
austin_18.tif,train,0,0,55,101,342,257,14,46,69,74,2,0,0,0,53,52,535,530,0.99
tonga_58.tif,train,0,0,177,451,90,534,2,39,307,357,1,3,0,1,117,134,694,1519,2.19
ngaoundere_48.tif,train,0,0,263,251,278,149,7,28,281,158,0,0,61,44,136,112,1026,742,0.72
aachen_68.tif,train,0,0,71,82,53,107,2,13,198,91,2,0,6,10,65,55,397,358,0.90
abancay_18.tif,train,0,0,51,67,231,155,1,44,113,97,0,0,3,3,102,98,501,464,0.93
sechura_45.tif,train,0,0,27,173,90,122,12,54,191,136,0,0,0,17,60,83,380,585,1.54
tyrolw_68.tif,train,1,0,22,9,4,32,5,4,9,23,1,92,2,2,3,3,47,165,3.51
tonga_39.tif,train,0,2,260,142,43,316,8,24,64,199,0,4,0,26,30,41,405,754,1.86
dowa_8.tif,train,0,0,132,8,239,83,3,53,235,7,0,1,3,4,558,267,1170,423,0.36
mazowieckie_36.tif,train,0,0,38,57,10,83,1,8,160,85,0,0,12,35,18,29,239,297,1.24
ica_26.tif,train,0,120,0,205,21,41,1,6,418,161,0,97,27,14,3,1,470,645,1.37
daressalaam_119.tif,train,0,0,135,144,235,268,13,30,262,193,3,2,4,2,145,96,797,735,0.92
dortmund_8.tif,train,0,0,260,269,162,216,10,30,146,101,20,1,3,5,91,75,692,697,1.01
vienna_45.tif,train,0,0,74,62,80,71,13,76,108,42,0,0,0,17,16,19,291,287,0.99
dowa_22.tif,train,0,0,21,100,125,90,4,59,104,30,1,0,19,71,310,199,584,549,0.94
bogota_1.tif,train,0,0,168,107,115,290,8,26,120,80,0,24,0,0,27,41,438,568,1.30
lima_33.tif,train,0,0,73,40,51,41,6,33,105,70,11,1,0,1,32,47,278,233,0.84
pisco_3.tif,train,0,1,47,53,3,36,2,25,206,59,0,10,12,26,1,1,271,211,0.78
dhaka_53.tif,train,0,0,134,282,170,267,3,18,112,134,1,15,7,23,47,53,474,792,1.67
piura_18.tif,train,5,33,154,195,16,131,1,4,332,312,2,43,76,58,4,5,590,781,1.32
western_12.tif,train,44,95,55,149,3,61,1,6,104,83,13,74,0,0,0,3,220,471,2.14
daressalaam_129.tif,train,0,0,103,0,321,301,11,59,123,112,1,0,0,0,175,24,734,496,0.68
chiangmai_5.tif,train,0,0,386,276,172,378,17,32,213,139,0,3,0,0,53,68,841,896,1.07
slaskie_32.tif,train,0,0,48,29,16,5,2,33,151,97,8,2,0,5,1,0,226,171,0.76
vegas_46.tif,train,0,0,19,69,29,67,2,22,297,60,1,0,0,0,36,72,384,290,0.76
tyrolw_10.tif,train,9,0,99,85,0,25,0,3,747,260,0,0,0,0,0,2,855,375,0.44
lima_17.tif,train,0,2,79,40,34,44,6,18,113,38,2,10,1,5,18,18,253,175,0.69
kitsap_31.tif,train,0,0,106,176,89,167,12,43,182,99,1,1,0,6,82,80,472,572,1.21
vegas_5.tif,train,0,4,0,27,12,17,2,2,49,19,1,4,0,0,8,13,72,86,1.19
muenster_21.tif,train,0,0,538,441,242,562,17,55,472,274,19,1,8,3,198,175,1494,1511,1.01
svaneti_57.tif,train,12,0,56,14,30,62,4,41,354,86,0,5,0,2,10,12,466,222,0.48
vegas_37.tif,train,0,0,0,32,3,8,2,6,55,9,0,2,0,0,3,3,63,60,0.95
kagera_50.tif,train,0,0,277,288,77,198,4,12,281,116,0,4,6,16,59,69,704,703,1.00
tokyo_43.tif,train,3,0,239,331,374,211,9,109,280,104,5,0,23,21,315,158,1248,934,0.75
tokyo_46.tif,train,0,0,130,434,487,262,6,117,359,207,9,5,5,2,289,187,1285,1214,0.94
lohur_13.tif,train,0,0,40,10,8,11,1,1,14,11,0,0,3,2,3,4,69,39,0.57
austin_26.tif,train,0,0,126,63,76,95,7,40,143,59,1,0,0,1,30,41,383,299,0.78
paris_18.tif,train,0,0,17,60,66,58,10,31,33,20,0,0,0,1,27,27,153,197,1.29
vienna_29.tif,train,0,0,37,60,30,69,24,46,54,24,1,0,0,3,20,75,166,277,1.67
vienna_61.tif,train,0,0,109,154,69,191,3,32,61,55,2,9,0,3,4,15,248,459,1.85
christchurch_53.tif,train,0,0,121,90,96,199,10,20,149,66,0,0,0,3,17,20,393,398,1.01
khartoum_47.tif,train,0,2,0,57,23,36,1,28,34,29,0,22,0,6,13,15,71,195,2.75
melbourne_49.tif,train,0,0,92,118,153,130,21,58,95,121,3,1,0,1,28,39,392,468,1.19
paris_42.tif,train,0,0,42,95,38,99,3,11,60,35,0,0,0,0,54,68,197,308,1.56
shanghai_8.tif,train,0,0,36,72,33,41,2,21,50,19,9,14,0,7,11,19,141,193,1.37
koeln_35.tif,train,0,0,239,223,366,291,14,86,284,179,2,0,0,0,50,92,955,871,0.91
podlaskie_2.tif,train,0,0,7,22,0,2,0,0,9,24,0,0,1,12,1,1,18,61,3.39
duesseldorf_49.tif,train,0,0,198,162,119,169,2,51,213,86,6,0,26,58,154,147,718,673,0.94
tyrolw_13.tif,train,0,0,57,144,6,4,0,6,302,9,0,24,0,5,2,2,367,194,0.53
viru_11.tif,train,0,0,329,78,232,67,4,30,296,171,11,2,11,16,106,89,989,453,0.46
chiangmai_11.tif,train,0,1,419,264,70,291,10,29,152,169,2,11,0,6,67,69,720,840,1.17
mahe_17.tif,train,0,12,169,170,86,89,4,17,170,97,3,21,0,0,25,29,457,435,0.95
baybay_10.tif,train,0,0,211,219,285,337,4,26,209,150,1,6,0,1,58,87,768,826,1.08
accra_17.tif,train,0,0,396,35,542,316,7,35,370,288,0,0,0,0,280,231,1595,905,0.57
daressalaam_123.tif,train,0,6,212,108,208,143,8,35,199,187,5,5,1,2,108,82,741,568,0.77
warminsko-mazurskie_1.tif,train,0,0,31,50,4,27,9,12,446,20,3,7,9,7,6,4,508,127,0.25
lambayeque_8.tif,train,0,0,177,198,188,185,2,32,199,193,0,2,0,2,53,93,619,705,1.14
chisinau_30.tif,train,0,0,156,50,98,150,7,53,179,81,0,4,0,0,21,40,461,378,0.82
viru_23.tif,train,0,0,94,86,300,117,4,35,307,173,0,0,0,0,115,132,820,543,0.66
melbourne_17.tif,train,0,1,128,113,138,147,3,36,89,138,0,52,0,1,19,32,377,520,1.38
kinshasa_1.tif,train,0,0,169,260,218,352,31,25,250,219,0,5,7,20,147,142,822,1023,1.24
daressalaam_35.tif,train,2,0,187,142,299,293,8,39,469,287,1,8,0,3,327,132,1293,904,0.70
soriano_5.tif,train,0,0,97,253,179,417,3,23,162,191,0,1,0,2,109,150,550,1037,1.89
chicago_44.tif,train,0,0,214,208,145,171,12,34,143,177,0,0,0,0,251,159,765,749,0.98
baybay_45.tif,train,0,0,103,201,49,99,1,1,93,56,22,1,13,15,32,29,313,402,1.28
zanzibar_117.tif,train,0,11,302,104,70,77,3,23,764,250,0,14,0,14,62,41,1201,534,0.44
ngaoundere_18.tif,train,1,1,127,142,210,131,8,58,160,170,6,13,3,45,158,138,673,698,1.04
daressalaam_62.tif,train,0,0,109,72,815,679,18,75,384,372,22,6,5,0,858,42,2211,1246,0.56
zanzibar_100.tif,train,0,0,392,260,498,420,20,24,392,219,4,20,0,2,301,127,1607,1072,0.67
christchurch_1.tif,train,2,1,96,86,58,129,1,43,156,63,1,8,0,12,24,24,338,366,1.08
dhaka_25.tif,train,0,2,26,149,120,121,8,56,48,96,12,18,0,0,45,93,259,535,2.07
khartoum_4.tif,train,0,0,0,51,53,36,4,20,5,35,0,1,0,20,36,51,98,214,2.18
austin_42.tif,train,0,0,217,243,1181,338,15,11,206,206,1,0,0,0,173,179,1793,977,0.54
lodzkie_7.tif,train,0,0,13,58,0,19,2,6,42,40,0,32,7,58,7,31,71,244,3.44
paris_44.tif,train,0,0,33,36,23,56,1,16,32,21,0,1,0,12,13,14,102,156,1.53
rotterdam_28.tif,train,0,0,26,65,111,148,28,53,92,87,4,3,0,9,40,63,301,428,1.42
kagera_48.tif,train,0,0,58,111,32,226,1,11,279,99,0,1,20,22,27,30,417,500,1.20
chisinau_14.tif,train,0,74,240,278,86,180,7,40,267,154,1,51,0,10,4,12,605,799,1.32
kyoto_67.tif,train,0,0,29,149,129,77,9,59,220,141,15,0,13,15,326,169,741,610,0.82
accra_45.tif,train,0,0,299,72,586,127,5,71,125,134,0,0,0,0,209,170,1224,574,0.47
austin_41.tif,train,0,0,94,85,128,144,33,34,93,61,0,0,0,1,52,44,400,369,0.92
kagera_26.tif,train,0,0,101,311,107,468,6,17,135,200,0,2,34,21,75,77,458,1096,2.39
chisinau_9.tif,train,0,0,84,42,73,105,11,58,146,99,0,0,0,0,23,46,337,350,1.04
dolnoslaskie_22.tif,train,0,0,53,67,39,137,3,30,150,64,0,2,1,53,19,39,265,392,1.48
aachen_6.tif,train,0,0,257,262,201,295,3,65,205,156,0,0,1,7,366,168,1033,953,0.92
pointenoire_9.tif,train,0,0,112,13,172,135,3,27,262,186,0,0,0,0,179,111,728,472,0.65
khartoum_43.tif,train,0,0,0,24,39,111,2,19,56,79,0,0,0,0,42,27,139,260,1.87
lohur_35.tif,train,0,0,97,40,27,22,1,14,31,14,1,0,18,23,8,5,183,118,0.64
pomorskie_30.tif,train,0,0,21,64,22,133,3,19,139,40,2,0,16,28,32,32,235,316,1.34
western_22.tif,train,0,0,80,141,133,67,3,19,189,109,0,0,0,0,243,109,648,445,0.69
sechura_36.tif,train,0,0,50,45,212,82,2,27,158,92,0,0,0,0,39,66,461,312,0.68
accra_53.tif,train,5,0,26,87,0,136,0,1,285,21,39,52,0,59,0,0,355,356,1.00
tonga_36.tif,train,0,0,849,351,195,379,4,23,232,283,14,0,0,0,136,143,1430,1179,0.82
santiago_9.tif,train,0,0,181,154,64,173,8,52,211,121,9,6,0,34,20,66,493,606,1.23
pomorskie_17.tif,train,0,0,83,93,4,61,2,9,22,14,1,18,0,1,46,24,158,220,1.39
monrovia_9.tif,train,0,11,107,315,57,260,5,15,141,119,30,27,0,1,44,50,384,798,2.08
mazowieckie_14.tif,train,0,0,7,10,4,4,0,6,17,5,0,0,7,4,3,4,38,33,0.87
mahe_46.tif,train,1,0,499,277,251,580,7,38,384,264,0,2,0,0,149,158,1291,1319,1.02
kagera_10.tif,train,0,0,284,432,89,628,7,22,231,159,0,4,5,9,93,85,709,1339,1.89
kagera_62.tif,train,0,7,68,234,48,265,0,40,263,152,0,11,26,19,57,68,462,796,1.72
vegas_36.tif,train,0,0,10,37,5,33,3,15,36,11,3,2,2,3,3,20,62,121,1.95
lambayeque_28.tif,train,0,34,237,231,119,116,1,16,301,147,0,42,8,7,2,3,668,596,0.89
santiago_16.tif,train,0,0,58,136,13,47,7,49,65,12,0,4,0,0,5,11,148,259,1.75
bielefeld_28.tif,train,0,0,274,279,165,220,16,78,206,83,1,1,2,0,64,72,728,733,1.01
paris_64.tif,train,0,0,38,66,41,86,10,17,57,39,0,1,0,15,45,39,191,263,1.38
bielefeld_67.tif,train,0,0,39,133,8,30,7,27,334,38,0,2,2,6,9,6,399,242,0.61
sechura_43.tif,train,0,0,53,134,188,152,1,19,144,111,0,0,9,6,86,71,481,493,1.02
ulaanbaatar_2.tif,train,0,0,168,29,185,16,6,20,33,86,2,1,0,0,290,253,684,405,0.59
dortmund_28.tif,train,0,0,366,290,318,330,13,50,332,151,9,1,0,5,108,132,1146,959,0.84
melbourne_5.tif,train,0,0,132,165,121,142,4,46,134,106,0,3,0,1,22,40,413,503,1.22
rotterdam_36.tif,train,0,0,30,81,236,172,35,47,95,82,6,6,0,6,43,60,445,454,1.02
khartoum_23.tif,train,0,0,0,20,92,114,4,16,52,83,0,0,0,2,17,23,165,258,1.56
chiclayo_42.tif,train,27,0,108,178,9,63,1,2,16,22,2,2,0,97,17,9,180,373,2.07
viru_2.tif,train,0,0,56,36,359,190,2,20,127,64,1,1,2,3,48,100,595,414,0.70
lodzkie_24.tif,train,0,0,16,65,2,39,1,19,18,25,0,5,10,14,6,10,53,177,3.34
monrovia_50.tif,train,0,0,103,66,86,407,1,26,112,84,16,7,0,4,99,93,417,687,1.65
monrovia_54.tif,train,0,4,173,105,146,269,1,38,38,82,63,34,0,6,109,73,530,611,1.15
kagera_43.tif,train,0,0,44,96,22,107,3,18,312,230,0,6,29,78,32,30,442,565,1.28
dortmund_26.tif,train,0,0,287,131,128,98,8,38,201,63,17,0,14,26,35,35,690,391,0.57
monrovia_48.tif,train,0,1,157,134,190,276,1,18,55,61,0,2,0,18,91,64,494,574,1.16
zachodniopomorskie_10.tif,train,0,0,29,64,17,82,3,23,229,53,0,0,0,0,24,31,302,253,0.84
kagera_42.tif,train,0,0,36,160,32,265,8,18,373,173,0,1,29,42,37,64,515,723,1.40
podlaskie_6.tif,train,0,0,7,14,0,2,0,0,14,9,0,5,0,4,2,0,23,34,1.48
vegas_12.tif,train,0,0,51,50,45,31,1,8,115,53,9,3,0,0,59,45,280,190,0.68
koeln_46.tif,train,0,0,394,330,652,378,10,48,407,184,6,0,0,3,163,149,1632,1092,0.67
lima_45.tif,train,0,2,0,2,9,4,1,13,35,3,0,5,0,0,74,31,119,60,0.50
aachen_19.tif,train,0,0,204,332,271,306,10,64,254,210,0,0,0,3,176,153,915,1068,1.17
chiclayo_29.tif,train,19,0,105,179,47,115,4,35,93,129,9,44,15,50,14,9,306,561,1.83
western_14.tif,train,27,73,65,243,24,99,1,15,141,64,31,84,0,24,1,14,290,616,2.12
duesseldorf_24.tif,train,0,0,893,250,392,401,15,50,338,229,3,1,0,5,223,243,1864,1179,0.63
zanzibar_105.tif,train,3,9,24,85,31,74,3,7,1587,282,0,17,0,31,49,31,1697,536,0.32
aachen_36.tif,train,0,0,36,78,22,29,2,10,49,20,6,3,16,8,13,12,144,160,1.11
paris_20.tif,train,0,0,51,60,32,84,1,7,59,40,1,0,0,9,35,27,179,227,1.27
rotterdam_41.tif,train,0,0,39,87,277,160,20,64,134,93,13,7,0,15,49,63,532,489,0.92
rotterdam_32.tif,train,0,0,15,55,44,47,7,30,11,23,2,9,0,20,18,57,97,241,2.48
lohur_15.tif,train,0,0,261,320,152,316,4,31,176,191,0,0,90,71,104,132,787,1061,1.35
lodzkie_13.tif,train,0,0,14,49,6,44,1,9,9,32,0,1,2,19,8,56,40,210,5.25
rio_28.tif,train,0,0,9,11,14,113,3,15,45,43,0,0,0,0,64,52,135,234,1.73
mahe_45.tif,train,12,1,209,116,163,262,14,25,200,148,4,9,0,1,57,75,659,637,0.97
rio_62.tif,train,0,0,29,35,13,60,1,5,29,19,2,1,0,1,18,23,92,144,1.57
tyrolw_56.tif,train,0,0,82,127,57,43,5,28,114,86,0,1,3,1,49,59,310,345,1.11
tonga_27.tif,train,0,0,138,346,175,531,10,30,597,393,0,3,0,0,123,150,1043,1453,1.39
tyrolw_33.tif,train,0,0,1,10,0,8,1,1,3,11,0,5,8,8,6,3,19,46,2.42
christchurch_37.tif,train,0,0,427,576,571,516,12,34,491,272,21,1,0,0,165,178,1687,1577,0.93
monrovia_5.tif,train,0,0,236,249,184,387,25,37,196,196,7,8,0,2,138,137,786,1016,1.29
chincha_2.tif,train,0,0,84,38,114,75,4,22,202,98,1,0,11,1,114,173,530,407,0.77
koeln_25.tif,train,0,0,121,162,26,188,5,55,41,23,0,16,2,25,32,37,227,506,2.23
daressalaam_103.tif,train,0,0,188,88,119,146,5,33,338,186,0,3,6,12,71,57,727,525,0.72
chicago_32.tif,train,0,0,0,0,15,79,3,23,0,0,0,0,0,0,19,32,37,134,3.62
mahe_20.tif,train,0,3,24,82,10,28,1,4,19,18,1,24,0,4,0,29,55,192,3.49
ngaoundere_62.tif,train,2,0,111,146,139,48,4,50,345,180,0,0,14,21,191,173,806,618,0.77
soriano_2.tif,train,0,0,128,196,99,356,3,14,285,137,10,1,0,10,82,81,607,795,1.31
chincha_15.tif,train,0,0,35,27,213,140,4,38,122,79,15,0,0,0,52,122,441,406,0.92
dolnoslaskie_34.tif,train,0,0,117,78,27,92,9,57,140,37,0,1,1,30,8,13,302,308,1.02
chisinau_43.tif,train,0,0,312,68,293,196,27,23,186,203,0,0,0,0,48,83,866,573,0.66
mahe_50.tif,train,0,0,182,119,77,121,1,51,147,140,0,0,0,0,85,102,492,533,1.08
coxsbazar_66.tif,train,0,0,76,41,0,5,4,47,13,43,0,50,1,5,0,0,94,191,2.03
lubuskie_13.tif,train,0,0,66,32,25,40,3,12,75,41,5,1,4,44,18,19,196,189,0.96
baybay_38.tif,train,0,0,55,173,30,59,3,4,196,50,0,0,2,13,15,16,301,315,1.05
muenster_52.tif,train,0,0,338,357,502,456,16,46,387,193,2,0,7,6,184,153,1436,1211,0.84
lohur_30.tif,train,0,0,114,103,86,88,5,24,283,37,0,0,18,15,30,30,536,297,0.55
chiclayo_44.tif,train,18,4,19,85,12,65,1,9,18,36,0,8,3,46,8,4,79,257,3.25
muenster_43.tif,train,0,0,395,474,387,513,4,81,621,304,1,0,0,5,161,143,1569,1520,0.97
daressalaam_120.tif,train,0,3,255,94,184,261,8,41,185,149,0,6,0,1,100,83,732,638,0.87
khartoum_8.tif,train,0,0,12,32,19,28,4,10,35,26,1,2,0,10,23,35,94,143,1.52
kyoto_22.tif,train,0,0,483,552,145,449,24,94,511,345,26,1,4,3,486,123,1679,1567,0.93
aachen_2.tif,train,0,0,53,71,21,41,7,25,68,25,6,3,9,7,15,14,179,186,1.04
mazowieckie_2.tif,train,0,0,41,74,13,97,5,17,47,38,0,0,8,13,14,13,128,252,1.97
podkarpackie_6.tif,train,0,0,41,17,9,39,0,3,85,18,0,5,4,16,8,8,147,106,0.72
daressalaam_107.tif,train,3,0,42,57,9,31,1,44,106,42,1,1,0,5,42,99,204,279,1.37
sechura_17.tif,train,1,17,3,30,49,42,2,9,11,8,2,9,0,0,14,25,82,140,1.71
zanzibar_61.tif,train,0,0,125,175,16,100,4,24,281,91,0,4,10,9,11,17,447,420,0.94
vienna_54.tif,train,0,0,319,288,106,437,42,68,139,98,12,0,1,21,93,99,712,1011,1.42
muenster_22.tif,train,0,0,374,267,130,273,7,98,346,235,0,0,0,0,87,94,944,967,1.02
melbourne_41.tif,train,0,0,102,97,333,236,32,29,155,225,0,2,0,0,86,90,708,679,0.96
mahe_6.tif,train,21,0,63,93,10,78,1,6,6,13,0,5,2,1,0,6,103,202,1.96
ulaanbaatar_33.tif,train,0,0,87,66,77,19,5,36,0,74,0,0,0,0,302,235,471,430,0.91
vegas_30.tif,train,0,0,42,61,51,66,2,11,103,27,11,7,0,1,19,26,228,199,0.87
chicago_18.tif,train,0,0,14,19,13,19,3,12,3,1,0,0,0,0,5,5,38,56,1.47
duesseldorf_63.tif,train,0,0,70,45,12,7,3,38,53,24,0,0,10,5,7,7,155,126,0.81
dortmund_46.tif,train,0,0,507,307,454,379,43,73,441,248,7,0,0,2,211,166,1663,1175,0.71
vegas_43.tif,train,0,0,36,37,31,54,6,12,201,53,2,1,0,0,55,49,331,206,0.62
zanzibar_110.tif,train,0,9,269,378,55,316,11,22,394,262,0,3,0,1,198,114,927,1105,1.19
dortmund_31.tif,train,0,0,841,517,523,569,27,64,678,248,13,0,0,0,280,223,2362,1621,0.69
accra_22.tif,train,0,0,343,441,330,416,7,52,289,120,0,0,0,2,151,201,1120,1232,1.10
baybay_63.tif,train,1,0,417,468,237,519,5,19,340,209,2,1,1,2,98,84,1101,1302,1.18
monrovia_55.tif,train,0,0,146,88,259,359,2,33,78,82,7,5,4,0,111,101,607,668,1.10
bielefeld_12.tif,train,0,0,154,226,243,371,2,21,367,225,4,2,5,16,164,134,939,995,1.06
khartoum_53.tif,train,0,0,0,2,18,23,1,33,4,21,0,0,0,0,44,62,67,141,2.10
pisco_48.tif,train,0,10,188,83,81,17,1,7,115,44,0,18,0,0,24,38,409,217,0.53
mahe_29.tif,train,0,9,254,299,126,213,1,12,367,244,0,12,0,3,63,66,811,858,1.06
coxsbazar_20.tif,train,0,0,261,316,260,185,2,44,82,86,27,2,20,27,302,150,954,810,0.85
slaskie_24.tif,train,0,0,108,90,55,221,9,21,312,73,0,0,1,1,34,35,519,441,0.85
chicago_24.tif,train,2,0,77,85,55,100,3,43,177,35,0,1,6,13,44,32,364,309,0.85
rotterdam_48.tif,train,0,0,48,57,175,177,54,68,152,95,9,5,0,10,40,59,478,471,0.99
coxsbazar_5.tif,train,0,0,40,61,4,9,0,19,181,131,0,0,6,10,0,2,231,232,1.00
zanzibar_76.tif,train,0,0,84,112,2,60,0,1,143,90,0,10,7,30,9,11,245,314,1.28
pisco_7.tif,train,0,0,100,102,81,52,1,18,143,78,0,4,9,21,32,60,366,335,0.92
chiclayo_8.tif,train,0,49,6,65,105,96,3,24,356,212,4,6,1,1,80,72,555,525,0.95
abancay_32.tif,train,0,0,77,138,176,106,3,32,173,134,0,0,5,0,93,85,527,495,0.94
khartoum_59.tif,train,1,0,17,62,36,48,1,10,34,42,0,5,0,17,25,45,114,229,2.01
svaneti_11.tif,train,0,0,137,228,16,140,5,15,170,116,0,36,14,28,17,33,359,596,1.66
wielkopolskie_3.tif,train,0,0,19,9,10,11,2,5,48,9,0,0,10,4,5,5,94,43,0.46
aachen_51.tif,train,0,0,234,173,114,273,9,46,236,121,2,0,6,9,120,110,721,732,1.02
kyoto_29.tif,train,0,0,157,534,312,264,10,120,310,215,28,0,0,0,78,104,895,1237,1.38
tokyo_37.tif,train,1,7,175,381,215,197,2,69,167,181,6,10,1,0,315,148,882,993,1.13
ulaanbaatar_28.tif,train,0,0,116,26,61,14,1,21,99,104,0,1,0,0,300,330,577,496,0.86
kujawsko-pomorskie_2.tif,train,0,0,29,43,1,10,21,10,8,51,3,4,8,10,2,1,72,129,1.79
vienna_40.tif,train,0,0,117,121,73,149,1,44,155,67,1,0,0,2,26,70,373,453,1.21
vegas_42.tif,train,3,0,23,13,18,4,1,2,220,5,0,9,0,0,12,18,277,51,0.18
koeln_54.tif,train,0,0,521,488,556,456,35,112,511,250,13,0,0,0,149,154,1785,1460,0.82
bielefeld_15.tif,train,0,0,187,405,202,289,7,48,567,276,2,1,1,4,235,182,1201,1205,1.00
podkarpackie_5.tif,train,0,0,32,34,7,44,1,15,72,23,3,0,4,18,14,12,133,146,1.10
dolnoslaskie_15.tif,train,0,0,30,42,4,41,2,6,63,35,14,1,2,33,6,7,121,165,1.36
rio_27.tif,train,0,0,70,121,145,142,5,15,102,46,7,0,0,1,69,61,398,386,0.97
piura_19.tif,train,0,0,26,9,160,85,3,20,136,83,0,0,0,0,67,103,392,300,0.77
zachodniopomorskie_9.tif,train,3,0,17,45,0,0,0,0,38,31,6,29,0,0,1,0,65,105,1.62
rotterdam_42.tif,train,0,0,41,99,227,165,28,39,98,102,6,4,0,14,37,73,437,496,1.14
dortmund_69.tif,train,0,0,168,131,82,97,4,62,69,26,1,13,2,4,20,20,346,353,1.02
kagera_9.tif,train,0,0,101,239,76,337,3,11,491,125,0,2,16,34,54,77,741,825,1.11
shanghai_9.tif,train,0,0,0,6,3,25,5,9,0,2,0,0,0,5,1,29,9,76,8.44
melbourne_16.tif,train,0,1,56,121,220,189,15,33,144,158,0,17,0,0,26,37,461,556,1.21
western_26.tif,train,5,1,69,215,67,96,1,17,323,188,2,1,2,3,135,106,604,627,1.04
duesseldorf_53.tif,train,0,0,265,234,348,302,2,57,330,205,2,0,2,6,160,143,1109,947,0.85
viru_50.tif,train,0,0,90,166,39,65,1,14,97,121,12,11,4,15,54,83,297,475,1.60
muenster_12.tif,train,0,0,109,94,60,189,5,20,93,51,0,5,57,21,31,28,355,408,1.15
monrovia_11.tif,train,0,0,314,273,157,359,10,26,191,198,0,1,0,0,133,133,805,990,1.23
wielkopolskie_38.tif,train,0,0,31,21,6,8,9,14,48,26,1,0,2,7,3,4,100,80,0.80
kitsap_28.tif,train,0,0,232,196,94,105,7,23,257,127,1,1,0,0,107,95,698,547,0.78
chiclayo_45.tif,train,7,5,88,43,5,42,0,20,0,4,1,39,0,29,2,5,103,187,1.82
aachen_55.tif,train,0,0,299,114,127,219,5,52,577,87,6,1,42,10,161,108,1217,591,0.49
wielkopolskie_28.tif,train,0,0,165,72,67,246,2,6,527,86,0,0,0,2,62,58,823,470,0.57
tonga_1.tif,train,0,0,424,294,178,400,2,8,221,288,0,5,0,0,115,107,940,1102,1.17
kujawsko-pomorskie_11.tif,train,0,0,185,157,152,269,4,61,68,87,0,21,0,1,61,48,470,644,1.37
muenster_37.tif,train,0,0,132,196,214,268,25,70,252,168,1,1,0,0,69,69,693,772,1.11
duesseldorf_30.tif,train,0,0,173,133,99,175,14,51,223,109,0,0,0,1,61,70,570,539,0.95
lohur_1.tif,train,0,0,234,233,91,332,3,29,185,133,0,0,34,34,71,89,618,850,1.38
muenster_20.tif,train,0,0,105,72,15,97,11,23,102,36,5,4,23,20,17,17,278,269,0.97
zanzibar_65.tif,train,0,0,159,261,0,208,14,6,446,172,0,1,46,68,1,2,666,718,1.08
mazowieckie_12.tif,train,0,0,9,24,5,1,0,0,3,3,0,0,2,4,3,3,22,35,1.59
chincha_21.tif,train,0,0,65,93,32,28,1,15,106,91,13,2,13,17,62,62,292,308,1.05
khartoum_2.tif,train,0,0,1,2,67,45,6,22,40,37,0,1,0,0,52,24,166,131,0.79
kampala_3.tif,train,0,0,139,155,419,314,3,33,187,157,13,0,0,7,109,70,870,736,0.85
vienna_17.tif,train,0,0,11,93,20,73,4,39,28,20,0,25,0,16,7,32,70,298,4.26
dowa_1.tif,train,0,0,110,141,189,86,3,34,269,134,1,0,23,54,85,77,680,526,0.77
accra_41.tif,train,0,0,65,172,64,128,3,22,166,96,0,0,0,0,71,81,369,499,1.35
vegas_6.tif,train,0,0,22,21,25,68,2,8,104,48,2,0,0,0,67,27,222,172,0.77
melbourne_55.tif,train,0,0,92,118,62,93,12,47,202,83,0,12,0,5,13,31,381,389,1.02
rio_16.tif,train,0,0,1,15,7,11,1,14,0,4,0,0,0,0,11,28,20,72,3.60
rio_36.tif,train,0,0,18,13,24,42,2,5,9,6,0,0,0,0,6,16,59,82,1.39
christchurch_29.tif,train,0,0,317,553,286,544,6,40,419,291,0,0,0,0,155,145,1183,1573,1.33
zanzibar_68.tif,train,0,0,108,261,11,99,9,11,192,111,0,4,7,9,20,22,347,517,1.49
rotterdam_47.tif,train,0,0,18,91,49,115,5,50,1,10,0,13,0,5,9,30,82,314,3.83
kagera_59.tif,train,0,0,35,177,64,159,4,21,266,116,0,1,139,34,49,46,557,554,0.99
soriano_18.tif,train,0,0,92,154,371,236,1,12,121,101,0,1,0,3,84,97,669,604,0.90
duesseldorf_9.tif,train,2,0,142,135,203,126,13,54,109,67,0,0,0,0,64,65,533,447,0.84
svaneti_70.tif,train,0,0,43,229,16,135,5,25,192,68,0,62,7,1,22,28,285,548,1.92
zanzibar_92.tif,train,0,0,194,324,93,472,1,58,228,309,0,3,0,0,411,197,927,1363,1.47
chincha_13.tif,train,0,0,43,128,76,112,1,19,100,156,0,0,19,28,78,137,317,580,1.83
zanzibar_135.tif,train,4,11,143,165,53,127,56,5,468,250,0,1,8,13,120,60,852,632,0.74
pomorskie_19.tif,train,0,0,15,89,1,24,7,17,109,15,2,7,8,6,6,3,148,161,1.09
melbourne_59.tif,train,1,0,125,227,61,231,6,33,180,160,6,12,0,3,35,44,414,710,1.71
monrovia_1.tif,train,0,0,153,92,123,124,4,39,142,131,0,6,0,0,131,112,553,504,0.91
dhaka_17.tif,train,0,0,34,7,114,389,2,52,90,103,1,0,0,0,39,32,280,583,2.08
lohur_28.tif,train,0,0,350,308,86,353,3,36,163,128,1,9,38,47,95,110,736,991,1.35
duesseldorf_57.tif,train,0,0,352,243,178,253,11,37,324,166,6,0,11,4,127,127,1009,830,0.82
tyrolw_58.tif,train,0,0,19,73,21,20,4,30,9,13,1,19,0,7,13,11,67,173,2.58
western_20.tif,train,59,89,146,170,1,102,3,5,159,112,20,88,0,3,0,9,388,578,1.49
shanghai_70.tif,train,0,0,40,45,54,45,4,17,114,24,2,3,0,0,16,20,230,154,0.67
chiclayo_25.tif,train,0,0,68,77,7,35,3,33,126,16,17,14,13,13,0,0,234,188,0.80
tyrolw_15.tif,train,0,0,111,82,14,29,1,4,40,21,0,10,8,9,12,11,186,166,0.89
christchurch_33.tif,train,0,0,331,427,568,529,2,9,383,281,8,0,0,0,278,236,1570,1482,0.94
khartoum_14.tif,train,0,9,0,26,22,32,5,16,0,22,0,15,0,0,56,35,83,155,1.87
chiclayo_48.tif,train,11,0,6,70,0,65,0,11,33,8,1,15,6,37,0,0,57,206,3.61
kyoto_46.tif,train,0,0,149,122,148,67,5,72,207,156,11,8,12,17,70,64,602,506,0.84
niamey_8.tif,train,0,1,215,253,176,196,7,42,177,161,1,5,0,8,132,128,708,794,1.12
lambayeque_3.tif,train,0,0,382,110,225,121,6,66,245,189,1,0,0,0,64,89,923,575,0.62
lima_16.tif,train,6,0,54,50,48,46,7,23,65,21,0,2,1,0,46,34,227,176,0.78
kitsap_43.tif,train,0,0,34,77,0,1,1,4,79,74,0,1,0,0,0,0,114,157,1.38
dhaka_36.tif,train,0,0,85,348,245,491,5,25,224,228,1,4,2,1,62,100,624,1197,1.92
lohur_31.tif,train,0,0,293,239,97,216,3,24,186,119,0,1,50,60,81,87,710,746,1.05
dolnoslaskie_28.tif,train,0,0,51,80,19,103,10,29,124,49,0,0,11,32,20,23,235,316,1.34
rio_57.tif,train,0,0,27,32,1,29,0,1,17,7,0,1,0,2,13,11,58,83,1.43
chincha_26.tif,train,0,0,109,127,166,114,1,9,126,119,0,0,2,2,97,162,501,533,1.06
chiangmai_6.tif,train,0,3,209,281,135,318,7,15,165,104,0,5,0,3,42,53,558,782,1.40
svaneti_68.tif,train,0,0,214,74,1,27,1,2,76,43,0,19,1,28,0,0,293,193,0.66
chiangmai_12.tif,train,0,5,316,394,100,349,8,33,220,189,2,9,0,0,64,61,710,1040,1.46
svaneti_53.tif,train,5,0,8,27,9,34,2,12,87,29,1,18,15,10,2,2,129,132,1.02
ngaoundere_32.tif,train,0,0,392,307,211,192,5,81,266,102,0,22,63,39,123,121,1060,864,0.82
kitsap_24.tif,train,0,0,402,396,88,118,4,20,341,265,1,0,0,0,156,176,992,975,0.98
muenster_3.tif,train,0,0,176,161,83,126,13,33,78,89,0,0,7,13,50,54,407,476,1.17
zanzibar_55.tif,train,0,60,301,408,0,429,0,0,62,25,40,140,1,6,0,1,404,1069,2.65
chincha_40.tif,train,2,14,49,78,47,13,1,6,41,37,0,9,1,14,14,18,155,189,1.22
daressalaam_32.tif,train,0,0,269,44,602,457,32,68,703,330,0,0,0,0,228,142,1834,1041,0.57
tonga_37.tif,train,0,0,33,97,78,269,2,12,486,193,0,2,1,24,32,44,632,641,1.01
rosario_8.tif,train,1,0,253,339,149,148,5,35,230,251,59,0,0,4,196,228,893,1005,1.13
sechura_8.tif,train,0,0,41,17,53,44,2,23,63,54,0,0,0,0,44,79,203,217,1.07
tokyo_50.tif,train,0,0,43,275,32,194,1,47,441,100,2,5,15,47,31,46,565,714,1.26
dolnoslaskie_16.tif,train,0,0,63,45,10,5,2,8,62,22,0,0,10,8,6,5,153,93,0.61
tonga_29.tif,train,0,0,112,209,48,361,3,17,96,225,1,7,0,7,77,89,337,915,2.72
slaskie_37.tif,train,0,0,80,62,4,49,11,21,45,36,7,11,0,0,7,9,154,188,1.22
swietokrzyskie_6.tif,train,0,0,59,111,25,111,5,23,33,27,0,0,8,12,45,47,175,331,1.89
rotterdam_49.tif,train,0,0,26,62,84,151,10,44,131,107,6,1,0,8,38,67,295,440,1.49
mazowieckie_32.tif,train,0,0,27,43,15,30,1,9,61,49,0,3,0,6,5,8,109,148,1.36
lodzkie_22.tif,train,0,0,5,27,4,16,6,20,5,29,0,8,5,11,2,15,27,126,4.67
kagera_12.tif,train,32,0,74,406,42,354,2,9,388,188,0,3,2,7,123,128,663,1095,1.65
lubuskie_3.tif,train,0,0,25,47,0,6,0,8,9,13,0,4,0,5,1,1,35,84,2.40
christchurch_26.tif,train,0,0,61,145,0,87,9,21,223,52,0,0,3,0,2,3,298,308,1.03
muenster_23.tif,train,0,0,106,481,152,401,24,68,201,140,2,4,7,17,93,80,585,1191,2.04
kitsap_36.tif,train,1,0,72,164,85,211,13,47,72,59,0,0,0,0,58,50,301,531,1.76
kyoto_60.tif,train,0,0,28,53,163,84,6,54,190,119,0,0,22,1,287,224,696,535,0.77
vegas_47.tif,train,0,0,21,34,46,85,3,25,347,48,0,0,0,0,36,54,453,246,0.54
western_21.tif,train,57,132,102,210,24,94,1,6,81,117,23,95,0,0,55,36,343,690,2.01
lubuskie_1.tif,train,0,0,7,74,0,0,1,17,19,27,0,2,0,12,1,1,28,133,4.75
kitsap_1.tif,train,0,0,24,128,48,93,2,28,21,40,3,17,0,7,24,26,122,339,2.78
western_10.tif,train,0,1,164,166,58,66,1,22,193,93,3,5,0,5,107,74,526,432,0.82
dowa_21.tif,train,0,0,33,37,109,75,14,49,114,64,0,0,11,25,423,281,704,531,0.75
piura_30.tif,train,0,0,200,180,85,143,4,35,280,128,0,4,0,24,26,43,595,557,0.94
dortmund_58.tif,train,0,0,224,238,416,381,53,80,376,245,0,0,0,1,67,76,1136,1021,0.90
baybay_65.tif,train,0,0,194,245,33,88,0,1,62,25,0,0,2,3,32,29,323,391,1.21
piura_37.tif,train,0,0,56,99,30,92,0,76,82,89,3,0,9,27,0,1,180,384,2.13
accra_15.tif,train,0,0,39,13,58,140,3,28,71,68,5,5,0,1,72,65,248,320,1.29
zanzibar_95.tif,train,0,0,43,69,23,214,3,8,47,84,2,33,0,4,90,63,208,475,2.28
monrovia_67.tif,train,0,3,263,363,75,460,22,35,201,158,0,5,0,4,118,114,679,1142,1.68
wielkopolskie_23.tif,train,0,0,58,66,15,92,1,12,73,48,0,0,3,3,17,19,167,240,1.44
lodzkie_11.tif,train,2,1,5,43,2,30,1,4,6,41,1,7,2,11,1,47,20,184,9.20
soriano_15.tif,train,0,0,102,280,288,416,2,34,294,210,7,0,0,1,41,57,734,998,1.36
duesseldorf_25.tif,train,0,1,64,85,7,62,8,12,186,62,6,12,7,25,1,0,279,259,0.93
chincha_50.tif,train,0,0,81,94,116,104,2,25,128,106,0,2,1,3,64,102,392,436,1.11
bielefeld_55.tif,train,0,0,376,464,213,414,13,78,370,314,6,0,0,1,199,179,1177,1450,1.23
dowa_16.tif,train,0,0,34,119,64,75,5,10,84,66,0,4,4,4,165,118,356,396,1.11
duesseldorf_38.tif,train,0,0,104,68,226,114,16,31,208,98,0,0,0,0,66,73,620,384,0.62
melbourne_9.tif,train,0,0,83,106,132,145,10,44,96,92,0,2,0,4,42,76,363,469,1.29
ica_20.tif,train,4,0,71,0,14,4,1,16,223,71,6,0,0,0,124,101,443,192,0.43
melbourne_65.tif,train,0,0,245,205,54,140,4,32,157,136,12,5,0,2,11,22,483,542,1.12
bielefeld_16.tif,train,0,0,86,187,27,76,5,19,80,68,1,2,10,13,31,27,240,392,1.63
monrovia_66.tif,train,0,0,351,251,188,341,11,32,200,155,12,47,2,17,109,107,873,950,1.09
paris_2.tif,train,0,0,25,82,103,83,4,19,39,31,0,0,0,5,44,55,215,275,1.28
chisinau_7.tif,train,0,0,27,40,112,122,10,29,82,103,0,1,0,0,18,28,249,323,1.30
piura_32.tif,train,4,0,42,156,74,85,3,18,196,120,0,17,2,17,20,42,341,455,1.33
santiago_45.tif,train,0,0,21,81,38,113,2,42,230,96,4,0,2,19,16,34,313,385,1.23
lubuskie_4.tif,train,0,0,17,37,9,25,1,7,212,44,0,3,8,31,16,16,263,163,0.62
piura_27.tif,train,0,0,172,44,586,315,5,26,103,67,0,0,0,0,80,115,946,567,0.60
chisinau_50.tif,train,0,0,258,151,83,99,12,26,150,119,0,0,3,2,24,32,530,429,0.81
rio_15.tif,train,0,0,12,11,4,3,2,11,0,11,0,0,0,0,15,26,33,62,1.88
dhaka_24.tif,train,0,0,102,202,167,219,6,28,166,192,1,4,2,0,50,79,494,724,1.47
abancay_1.tif,train,0,11,164,112,34,131,1,7,132,143,12,5,3,2,15,19,361,430,1.19
vienna_50.tif,train,0,0,42,59,53,88,16,32,80,37,0,0,0,31,26,38,217,285,1.31
zanzibar_24.tif,train,0,0,133,108,1,4,1,19,611,170,0,0,0,5,0,0,746,306,0.41
svaneti_39.tif,train,0,0,55,30,29,101,2,5,154,104,0,19,7,19,23,19,270,297,1.10
daressalaam_61.tif,train,2,0,19,10,586,891,16,99,303,310,1,6,0,0,272,13,1199,1329,1.11
santiago_35.tif,train,0,0,37,159,151,188,5,48,159,103,3,3,0,3,42,79,397,583,1.47
koeln_45.tif,train,0,0,290,317,222,188,12,87,270,170,13,0,0,17,95,113,902,892,0.99
svaneti_41.tif,train,14,9,110,311,70,220,17,45,353,69,2,41,7,4,26,48,599,747,1.25
zanzibar_108.tif,train,0,20,23,94,45,113,2,9,2218,320,0,27,0,0,90,49,2378,632,0.27
koeln_70.tif,train,0,0,93,83,93,69,34,83,60,48,0,0,0,2,90,151,370,436,1.18
lima_5.tif,train,14,1,151,1,204,170,7,64,164,15,3,11,0,0,51,39,594,301,0.51
zanzibar_13.tif,train,0,0,155,183,12,0,0,5,273,235,0,0,1,55,0,0,441,478,1.08
lodzkie_4.tif,train,0,0,3,44,0,9,0,12,17,22,0,0,3,23,1,1,24,111,4.62
tokyo_19.tif,train,0,0,48,227,234,129,8,107,243,80,1,0,16,5,394,151,944,699,0.74
sechura_24.tif,train,0,0,99,49,97,130,1,14,144,100,0,0,0,0,37,76,378,369,0.98
tokyo_15.tif,train,1,0,35,325,244,195,8,160,225,136,4,0,15,4,846,218,1378,1038,0.75
lambayeque_18.tif,train,0,15,171,115,278,93,1,48,149,136,11,4,0,0,58,64,668,475,0.71
chicago_28.tif,train,0,0,63,66,56,114,6,54,205,147,0,1,0,1,44,62,374,445,1.19
zanzibar_128.tif,train,5,17,191,226,51,203,8,22,1020,356,2,2,0,0,132,85,1409,911,0.65
dolnoslaskie_19.tif,train,0,0,31,84,5,21,1,4,62,37,3,2,8,11,9,7,119,166,1.39
santiago_67.tif,train,3,0,63,143,47,133,3,37,170,76,1,17,0,2,12,27,299,435,1.45
dortmund_4.tif,train,0,0,169,108,51,147,4,16,86,55,5,3,7,13,70,71,392,413,1.05
chisinau_20.tif,train,0,0,40,53,143,149,14,30,98,117,0,0,0,0,31,79,326,428,1.31
zanzibar_77.tif,train,0,2,57,33,29,96,1,8,400,147,0,2,0,3,38,18,525,309,0.59
baybay_12.tif,train,0,0,251,127,48,118,9,17,67,32,0,13,26,17,35,40,436,364,0.83
chiclayo_4.tif,train,10,0,207,200,209,203,2,26,155,153,3,12,2,2,51,62,639,658,1.03
dhaka_10.tif,train,0,0,131,113,196,242,4,39,124,131,5,10,0,0,56,53,516,588,1.14
pisco_36.tif,train,2,23,30,56,7,38,1,4,55,40,1,13,3,2,0,0,99,176,1.78
swietokrzyskie_17.tif,train,0,0,33,62,11,26,3,9,200,48,0,0,14,20,10,10,271,175,0.65
malopolskie_18.tif,train,0,0,3,22,6,38,1,5,79,15,0,0,3,12,15,19,107,111,1.04
chiangmai_16.tif,train,0,0,375,252,56,355,3,31,172,145,0,1,0,0,66,68,672,852,1.27
rotterdam_26.tif,train,0,0,33,55,124,150,16,40,118,94,8,3,0,14,38,81,337,437,1.30
christchurch_56.tif,train,0,0,42,17,32,73,2,13,151,47,0,3,0,1,13,8,240,162,0.68
tonga_55.tif,train,0,0,221,281,212,644,1,18,237,292,0,4,0,0,90,121,761,1360,1.79
daressalaam_122.tif,train,0,1,66,121,30,149,2,11,84,120,23,7,10,16,9,21,224,446,1.99
western_2.tif,train,66,95,60,169,0,46,3,5,216,118,16,111,0,0,0,5,361,549,1.52
santiago_24.tif,train,0,0,273,281,267,235,30,65,225,217,32,0,0,0,124,277,951,1075,1.13
muenster_38.tif,train,0,0,248,407,395,446,19,78,389,258,0,0,0,0,141,128,1192,1317,1.10
dolnoslaskie_17.tif,train,0,0,13,55,2,10,0,1,20,16,0,0,4,4,2,3,41,89,2.17
daressalaam_118.tif,train,0,0,174,215,312,344,12,45,375,271,13,0,16,8,163,159,1065,1042,0.98
abancay_47.tif,train,0,1,72,210,30,222,1,8,443,259,0,0,6,34,48,45,600,779,1.30
dolnoslaskie_26.tif,train,0,0,14,65,2,27,1,34,97,60,0,1,28,37,2,2,144,226,1.57
lambayeque_20.tif,train,1,16,23,71,13,23,1,23,47,78,2,11,0,0,35,33,122,255,2.09
monrovia_4.tif,train,0,0,362,248,193,493,20,24,206,153,0,5,15,36,135,126,931,1085,1.17
sechura_28.tif,train,0,0,97,20,98,66,1,27,117,77,0,0,0,0,60,83,373,273,0.73
aachen_15.tif,train,0,0,156,135,26,108,5,27,73,53,8,3,11,16,28,40,307,382,1.24
chincha_34.tif,train,0,0,61,25,86,36,4,30,61,37,1,1,0,0,76,113,289,242,0.84
baybay_20.tif,train,0,0,366,358,328,479,10,48,368,208,4,20,1,1,103,129,1180,1243,1.05
malopolskie_5.tif,train,0,0,44,63,24,113,2,10,66,28,0,4,4,16,18,51,158,285,1.80
chisinau_47.tif,train,0,0,418,217,186,250,6,14,290,168,5,2,3,0,66,108,974,759,0.78
daressalaam_33.tif,train,20,9,70,78,97,189,11,17,166,193,14,46,0,19,46,26,424,577,1.36
chincha_37.tif,train,2,55,15,112,21,32,2,2,88,98,1,13,4,7,7,6,140,325,2.32
baybay_43.tif,train,0,0,200,149,64,82,10,9,114,53,0,0,7,5,34,33,429,331,0.77
tokyo_30.tif,train,0,0,79,323,197,161,10,109,178,117,0,3,0,1,84,100,548,814,1.49
coxsbazar_34.tif,train,0,0,262,164,26,40,0,72,373,179,16,19,18,13,10,12,705,499,0.71
coxsbazar_27.tif,train,6,0,203,396,41,269,14,33,133,60,5,19,23,19,60,59,485,855,1.76
bielefeld_4.tif,train,0,0,141,161,50,81,16,36,62,33,2,2,4,9,25,22,300,344,1.15
austin_23.tif,train,0,0,81,54,52,62,5,31,62,35,0,0,0,0,22,53,222,235,1.06
mazowieckie_5.tif,train,0,0,25,34,23,59,1,11,23,21,0,0,7,10,12,16,91,151,1.66
swietokrzyskie_22.tif,train,0,0,45,78,16,120,1,19,51,34,0,0,12,21,23,24,148,296,2.00
koeln_39.tif,train,0,0,370,187,74,134,11,64,116,37,1,12,5,12,25,28,602,474,0.79
vienna_66.tif,train,0,0,82,135,166,236,3,53,165,113,2,1,0,0,45,61,463,599,1.29
dolnoslaskie_9.tif,train,0,0,18,52,5,25,7,4,50,38,1,0,2,15,7,10,90,144,1.60
rio_65.tif,train,1,0,40,65,36,51,7,5,36,15,0,2,6,11,16,19,142,168,1.18
kyoto_24.tif,train,0,0,115,108,210,99,11,86,166,129,8,1,8,5,166,149,684,577,0.84
zachodniopomorskie_7.tif,train,0,0,22,39,1,4,5,9,51,28,7,3,0,0,1,1,87,84,0.97
tonga_43.tif,train,0,0,314,403,164,554,1,35,182,358,0,0,0,0,127,133,788,1483,1.88
coxsbazar_79.tif,train,0,0,73,157,43,74,1,8,33,11,0,1,4,4,34,39,188,294,1.56
zanzibar_126.tif,train,0,11,114,97,33,56,0,0,1066,307,1,1,0,1,90,25,1304,498,0.38
kitsap_46.tif,train,0,0,1,201,2,12,0,1,6,6,0,5,0,0,4,3,13,228,17.54
maputo_5.tif,train,0,0,59,49,259,441,7,64,299,311,14,2,0,0,372,123,1010,990,0.98
chicago_10.tif,train,0,0,205,107,176,140,17,47,171,140,0,0,0,0,141,105,710,539,0.76
ulaanbaatar_37.tif,train,19,28,31,43,16,144,3,20,1,4,0,63,0,0,35,18,105,320,3.05
baybay_55.tif,train,0,0,265,393,86,204,3,13,106,61,0,3,6,2,51,47,517,723,1.40
santiago_6.tif,train,0,0,381,165,343,237,3,47,375,270,11,0,0,0,168,194,1281,913,0.71
mazowieckie_22.tif,train,1,0,15,27,7,43,2,7,25,14,0,5,6,15,5,8,61,119,1.95
svaneti_59.tif,train,6,4,15,130,2,157,0,7,196,154,0,8,1,7,1,22,221,489,2.21
chincha_20.tif,train,2,0,124,127,51,63,3,25,235,131,14,0,49,51,47,79,525,476,0.91
accra_67.tif,train,0,0,96,40,152,35,6,44,217,197,0,0,0,0,253,233,724,549,0.76
melbourne_3.tif,train,0,0,142,175,125,219,6,33,128,143,0,5,0,1,25,52,426,628,1.47
baybay_19.tif,train,25,8,97,123,1,31,0,2,116,66,2,63,8,8,0,3,249,304,1.22
lima_44.tif,train,0,0,166,207,71,289,6,59,40,64,0,6,0,12,204,167,487,804,1.65
khartoum_67.tif,train,2,0,0,15,24,16,1,14,36,39,0,2,0,0,35,32,98,118,1.20
austin_40.tif,train,0,0,203,211,797,319,13,16,157,152,1,0,0,0,144,123,1315,821,0.62
chiangmai_14.tif,train,1,3,154,248,21,330,3,24,94,87,2,18,0,9,10,30,285,749,2.63
lambayeque_49.tif,train,0,4,196,112,130,224,4,34,155,165,7,19,2,5,37,69,531,632,1.19
daressalaam_67.tif,train,4,0,180,232,327,514,15,62,347,347,0,3,0,2,148,107,1021,1267,1.24
accra_63.tif,train,0,0,129,11,235,162,4,35,257,153,1,0,0,0,383,143,1009,504,0.50
christchurch_14.tif,train,0,0,50,41,8,57,2,24,29,35,7,4,0,18,9,15,105,194,1.85
viru_26.tif,train,7,1,138,181,103,87,3,25,97,170,25,40,14,57,34,45,421,606,1.44
zanzibar_67.tif,train,0,0,100,249,0,58,11,26,225,49,0,3,23,11,3,11,362,407,1.12
western_11.tif,train,22,34,141,50,1,93,0,1,42,29,6,18,0,0,0,1,212,226,1.07
lambayeque_2.tif,train,0,5,216,124,72,94,3,25,130,116,23,24,1,8,35,63,480,459,0.96
dhaka_63.tif,train,0,0,103,500,307,316,3,22,210,199,4,8,0,1,81,77,708,1123,1.59
melbourne_21.tif,train,0,0,95,120,287,166,9,50,198,241,0,2,0,1,37,50,626,630,1.01
vienna_35.tif,train,0,0,138,164,81,221,20,47,92,66,0,1,0,3,19,37,350,539,1.54
svaneti_29.tif,train,0,0,150,97,37,131,4,26,104,87,10,12,0,0,42,42,347,395,1.14
ngaoundere_35.tif,train,0,0,143,234,96,116,1,40,180,94,1,15,30,56,78,72,529,627,1.19
pisco_5.tif,train,36,71,200,154,0,50,0,0,133,52,6,104,0,0,0,0,375,431,1.15
dolnoslaskie_29.tif,train,0,0,91,98,63,272,3,43,204,100,6,0,0,18,45,62,412,593,1.44
ngaoundere_2.tif,train,0,0,191,211,322,158,15,58,174,122,111,2,10,30,112,133,935,714,0.76
accra_69.tif,train,3,0,21,70,63,70,0,42,10,24,8,20,7,27,0,2,112,255,2.28
accra_46.tif,train,0,0,23,74,3,118,2,26,14,75,6,4,12,138,24,153,84,588,7.00
dhaka_38.tif,train,0,0,90,258,329,634,12,37,165,291,10,9,0,0,75,33,681,1262,1.85
chicago_38.tif,train,0,0,1,2,34,69,10,33,171,11,0,0,0,0,19,68,235,183,0.78
podkarpackie_4.tif,train,0,0,83,53,8,18,1,5,53,33,5,1,3,9,4,6,157,125,0.80
aachen_49.tif,train,0,0,307,107,195,168,6,26,466,140,1,0,7,9,125,89,1107,539,0.49
tokyo_47.tif,train,0,0,143,212,124,196,24,54,225,94,1,3,19,39,106,68,642,666,1.04
soriano_20.tif,train,0,0,186,219,446,575,2,21,148,160,0,1,0,0,127,126,909,1102,1.21
kagera_11.tif,train,0,0,139,246,44,354,4,30,161,135,0,8,18,51,34,46,400,870,2.17
daressalaam_1.tif,train,0,0,84,29,301,254,14,49,201,168,0,0,0,0,247,88,847,588,0.69
dolnoslaskie_40.tif,train,0,0,70,39,5,24,2,6,11,16,0,30,8,21,1,0,97,136,1.40
christchurch_41.tif,train,0,0,445,507,143,536,4,27,329,253,1,0,0,0,209,216,1131,1539,1.36
bielefeld_41.tif,train,0,0,113,146,66,120,7,26,85,89,1,0,4,22,13,22,289,425,1.47
dhaka_6.tif,train,0,3,163,297,283,369,6,18,152,234,12,50,0,1,88,115,704,1087,1.54
zanzibar_70.tif,train,0,1,79,164,31,149,2,16,86,88,0,14,0,2,6,10,204,444,2.18
mahe_22.tif,train,5,3,39,56,25,95,2,11,116,69,3,14,0,2,32,32,222,282,1.27
melbourne_68.tif,train,0,0,104,103,120,110,3,27,77,79,10,16,0,2,19,21,333,358,1.08
swietokrzyskie_21.tif,train,0,0,26,71,22,103,1,9,103,29,0,0,5,13,20,23,177,248,1.40
lima_19.tif,train,0,0,37,0,20,17,2,23,28,4,0,0,0,4,131,121,218,169,0.78
coxsbazar_53.tif,train,11,1,82,96,11,24,0,3,65,14,7,26,4,7,3,9,183,180,0.98
sechura_16.tif,train,1,0,109,25,158,45,2,27,131,31,0,2,0,0,74,84,475,214,0.45
zanzibar_48.tif,train,0,0,175,206,10,164,5,27,220,129,0,0,4,7,16,28,430,561,1.30
mahe_56.tif,train,5,17,187,160,63,143,10,17,80,80,2,65,10,4,18,52,375,538,1.43
chicago_14.tif,train,0,0,334,203,168,142,17,35,298,171,0,0,0,0,150,119,967,670,0.69
dortmund_61.tif,train,22,0,327,512,334,410,22,72,529,267,10,0,0,1,270,199,1514,1461,0.96
christchurch_38.tif,train,0,0,94,102,175,82,7,48,107,74,0,0,0,0,62,77,445,383,0.86
tonga_70.tif,train,0,0,372,405,234,428,1,13,330,310,1,1,0,0,163,150,1101,1307,1.19
daressalaam_112.tif,train,0,0,297,251,248,149,5,48,325,193,44,2,0,18,84,82,1003,743,0.74
swietokrzyskie_31.tif,train,0,0,27,54,7,58,1,13,95,54,0,0,5,5,22,33,157,217,1.38
ngaoundere_26.tif,train,74,0,203,221,163,217,3,50,271,138,19,0,35,46,81,82,849,754,0.89
dhaka_29.tif,train,1,1,51,160,235,186,11,29,124,147,6,17,0,0,60,80,488,620,1.27
kyoto_36.tif,train,3,0,23,161,356,100,6,94,105,127,7,0,28,40,423,151,951,673,0.71
pomorskie_20.tif,train,0,0,68,35,16,56,2,13,26,24,11,22,0,2,36,30,159,182,1.14
viru_36.tif,train,32,0,271,150,21,81,1,24,441,137,11,29,38,27,7,9,822,457,0.56
ulaanbaatar_45.tif,train,0,0,95,93,98,30,6,23,9,29,0,1,0,57,164,150,372,383,1.03
koeln_31.tif,train,2,0,409,233,113,160,19,52,151,77,6,3,3,1,68,50,771,576,0.75
duesseldorf_70.tif,train,0,0,208,142,190,171,12,74,294,85,1,0,0,4,28,31,733,507,0.69
tonga_2.tif,train,12,0,286,307,210,352,2,16,252,241,5,5,0,1,71,92,838,1014,1.21
tokyo_22.tif,train,0,0,49,213,103,149,3,126,114,74,2,0,23,5,806,131,1100,698,0.63
viru_35.tif,train,2,14,136,190,36,55,1,12,298,162,5,16,25,38,10,15,513,502,0.98
pisco_4.tif,train,0,8,132,173,24,53,1,15,344,105,0,35,13,27,27,15,541,431,0.80
melbourne_47.tif,train,0,0,486,87,275,212,19,44,218,181,0,0,0,0,63,93,1061,617,0.58
dortmund_37.tif,train,0,0,86,154,53,151,6,17,79,57,1,0,6,12,13,17,244,408,1.67
daressalaam_41.tif,train,0,0,409,309,734,650,22,44,657,290,7,2,0,0,212,154,2041,1449,0.71
rio_3.tif,train,0,0,63,41,63,52,1,14,62,63,3,0,0,0,89,50,281,220,0.78
coxsbazar_67.tif,train,14,1,79,62,7,8,0,17,11,26,6,20,7,8,0,8,124,150,1.21
dolnoslaskie_35.tif,train,7,2,63,106,13,101,3,29,75,45,4,11,2,7,20,18,187,319,1.71
bielefeld_23.tif,train,0,0,197,378,168,215,3,97,178,276,0,1,0,0,180,180,726,1147,1.58
aachen_63.tif,train,0,0,248,98,97,235,2,25,225,118,2,0,2,7,169,153,745,636,0.85
kyoto_2.tif,train,0,0,305,216,416,335,32,107,354,271,0,0,1,31,380,272,1488,1232,0.83
lima_42.tif,train,3,0,3,2,4,2,2,24,16,1,0,0,0,31,16,13,44,73,1.66
lambayeque_40.tif,train,0,11,6,2,36,11,1,27,155,153,1,1,1,0,83,96,283,301,1.06
daressalaam_34.tif,train,0,0,114,94,301,129,12,48,165,123,0,0,0,1,157,96,749,491,0.66
maputo_15.tif,train,0,0,52,77,241,306,5,35,252,201,0,3,0,0,72,117,622,739,1.19
swietokrzyskie_33.tif,train,0,0,15,57,3,12,1,15,35,55,0,0,13,30,3,5,70,174,2.49
swietokrzyskie_3.tif,train,0,0,11,35,0,14,3,5,64,38,0,0,6,17,2,1,86,110,1.28
daressalaam_37.tif,train,0,0,65,60,1095,487,16,68,321,275,0,0,0,2,254,87,1751,979,0.56
baybay_56.tif,train,1,7,186,141,166,261,4,20,185,105,1,11,3,15,65,62,611,622,1.02
christchurch_34.tif,train,0,0,557,544,126,457,3,51,350,274,3,0,0,0,228,199,1267,1525,1.20
lubuskie_2.tif,train,0,0,6,36,12,18,1,8,202,41,0,0,0,39,14,16,235,158,0.67
aachen_33.tif,train,0,0,287,123,213,162,10,71,114,59,4,0,0,0,159,153,787,568,0.72
tyrolw_52.tif,train,0,0,95,171,76,152,6,32,131,85,0,0,0,6,47,63,355,509,1.43
dhaka_43.tif,train,0,1,59,187,67,183,5,23,60,86,6,8,0,4,24,43,221,535,2.42
monrovia_27.tif,train,0,0,208,233,67,313,1,26,235,197,25,13,9,23,96,86,641,891,1.39
dhaka_50.tif,train,0,0,82,250,254,336,3,46,168,178,14,22,0,0,56,53,577,885,1.53
duesseldorf_60.tif,train,2,0,139,140,26,89,5,57,218,106,0,1,23,11,17,20,430,424,0.99
daressalaam_80.tif,train,0,0,97,189,280,304,30,87,203,198,0,1,2,44,33,83,645,906,1.40
ica_4.tif,train,0,1,191,49,154,168,15,46,179,129,7,5,0,0,65,99,611,497,0.81
coxsbazar_37.tif,train,5,0,116,145,43,42,0,26,93,46,8,13,11,18,14,12,290,302,1.04
lima_27.tif,train,0,0,348,192,182,140,4,20,347,160,14,1,7,7,84,102,986,622,0.63
piura_49.tif,train,2,0,26,74,236,137,5,12,219,132,3,0,3,1,44,54,538,410,0.76
duesseldorf_1.tif,train,15,0,323,454,466,362,7,51,344,241,10,0,1,6,195,174,1361,1288,0.95
rotterdam_4.tif,train,0,0,39,164,74,281,17,64,264,124,5,4,0,18,32,54,431,709,1.65
abancay_33.tif,train,0,1,149,165,167,139,6,51,171,128,0,1,1,3,123,110,617,598,0.97
podlaskie_5.tif,train,0,0,9,39,4,38,0,19,12,14,1,11,5,10,11,11,42,142,3.38
piura_33.tif,train,0,0,106,217,8,46,3,23,139,86,2,2,16,21,0,0,274,395,1.44
monrovia_72.tif,train,0,0,353,370,68,421,24,45,138,154,0,11,4,13,111,109,698,1123,1.61
melbourne_1.tif,train,0,0,130,125,60,192,12,54,97,118,1,18,0,5,11,24,311,536,1.72
rosario_2.tif,train,0,0,299,233,316,202,6,26,236,287,1,0,0,0,166,253,1024,1001,0.98
rotterdam_33.tif,train,0,0,24,135,58,42,9,45,26,35,0,5,0,42,38,107,155,411,2.65
kyoto_25.tif,train,0,0,118,305,107,219,18,76,147,215,1,1,7,7,124,151,522,974,1.87
shanghai_67.tif,train,0,0,6,25,14,37,1,16,119,16,0,0,0,12,3,9,143,115,0.80
zanzibar_35.tif,train,0,0,212,219,32,128,17,23,395,95,0,7,12,19,28,36,696,527,0.76
daressalaam_49.tif,train,0,0,25,219,697,551,10,49,297,258,3,0,0,0,734,33,1766,1110,0.63
dowa_2.tif,train,0,0,67,104,47,77,3,10,235,84,0,5,41,44,82,53,475,377,0.79
dhaka_2.tif,train,0,0,207,148,169,375,7,31,243,173,12,7,0,0,95,66,733,800,1.09
monrovia_16.tif,train,0,1,219,147,26,224,1,15,85,70,50,35,0,3,37,37,418,532,1.27
pointenoire_4.tif,train,0,0,69,3,247,183,9,46,248,252,0,0,0,0,197,132,770,616,0.80
swietokrzyskie_40.tif,train,0,0,19,32,20,21,2,6,59,31,0,0,11,9,9,7,120,106,0.88
lima_18.tif,train,0,2,52,44,26,21,6,26,131,49,0,18,2,21,28,30,245,211,0.86
pomorskie_16.tif,train,0,0,54,50,4,20,13,8,147,20,4,10,1,2,17,21,240,131,0.55
muenster_19.tif,train,0,0,43,95,36,41,9,31,48,31,1,0,7,33,7,6,151,237,1.57
dhaka_26.tif,train,0,0,99,108,308,249,6,28,142,166,9,14,0,0,99,93,663,658,0.99
ngaoundere_61.tif,train,0,0,99,149,52,131,1,20,98,78,0,0,11,23,88,86,349,487,1.40
mahe_10.tif,train,0,0,102,141,258,164,6,40,149,143,18,0,1,0,50,65,584,553,0.95
rotterdam_24.tif,train,0,0,18,86,171,142,11,42,96,106,3,5,0,10,107,75,406,466,1.15
koeln_63.tif,train,0,0,176,126,357,212,37,83,229,198,1,0,0,0,53,99,853,718,0.84
chincha_23.tif,train,0,19,96,172,84,119,1,7,75,89,14,12,7,26,37,59,314,503,1.60
kyoto_56.tif,train,0,0,83,126,264,133,4,64,383,279,9,0,9,6,435,223,1187,831,0.70
ngaoundere_17.tif,train,10,1,86,261,64,141,2,29,176,207,5,9,11,99,116,99,470,846,1.80
kagera_13.tif,train,0,6,99,175,20,283,0,14,473,101,0,5,2,5,37,29,631,618,0.98
koeln_53.tif,train,0,0,169,149,76,48,14,29,78,37,0,22,15,24,24,33,376,342,0.91
bielefeld_57.tif,train,0,0,192,165,29,60,1,19,495,43,0,0,0,0,8,6,725,293,0.40
zanzibar_93.tif,train,0,0,134,26,48,139,3,2,166,4,0,6,0,3,128,43,479,223,0.47
pomorskie_36.tif,train,0,0,14,68,0,3,1,5,6,16,0,0,1,4,1,0,23,96,4.17
aachen_43.tif,train,0,0,298,192,191,297,7,57,289,163,0,0,0,1,164,154,949,864,0.91
duesseldorf_62.tif,train,1,0,259,224,117,213,4,23,332,113,3,16,0,13,95,104,811,706,0.87
ngaoundere_51.tif,train,0,0,232,209,75,100,7,57,190,95,13,6,32,27,56,66,605,560,0.93
tokyo_67.tif,train,0,0,19,324,314,241,8,117,117,65,0,2,23,12,756,136,1237,897,0.73
austin_6.tif,train,0,0,102,133,122,187,11,36,185,84,0,0,0,0,7,28,427,468,1.10
kagera_37.tif,train,2,0,70,100,34,166,0,11,121,121,2,3,16,28,28,43,273,472,1.73
paris_22.tif,train,0,0,32,81,70,59,2,16,138,35,0,0,0,9,68,48,310,248,0.80
piura_6.tif,train,0,8,177,126,75,115,8,28,201,140,0,4,19,13,32,49,512,483,0.94
mahe_47.tif,train,16,0,68,69,41,108,2,28,111,71,1,7,0,11,37,60,276,354,1.28
ica_2.tif,train,0,15,85,77,57,101,6,25,152,95,8,10,11,37,30,49,349,409,1.17
accra_32.tif,train,0,0,27,23,294,206,8,43,356,238,0,0,0,0,268,177,953,687,0.72
mazowieckie_34.tif,train,0,0,17,31,2,7,3,3,8,16,0,0,2,2,3,2,35,61,1.74
viru_18.tif,train,0,0,69,141,76,100,5,40,95,142,8,6,10,28,33,45,296,502,1.70
monrovia_42.tif,train,0,1,100,230,109,119,0,47,278,221,169,67,0,5,129,136,785,826,1.05
dortmund_22.tif,train,0,0,462,378,291,404,21,104,326,251,16,0,0,4,228,173,1344,1314,0.98
bielefeld_46.tif,train,0,0,58,70,61,162,3,30,63,50,0,0,1,7,16,19,202,338,1.67
vienna_19.tif,train,0,0,155,181,89,308,4,26,92,76,10,0,0,0,48,78,398,669,1.68
muenster_49.tif,train,0,0,197,263,195,176,3,60,212,159,0,0,0,8,75,74,682,740,1.09
podkarpackie_18.tif,train,0,0,193,140,48,289,2,17,355,155,3,3,8,28,66,72,675,704,1.04
baybay_24.tif,train,0,0,78,150,2,26,0,20,104,53,10,14,5,3,6,6,205,272,1.33
christchurch_59.tif,train,0,0,305,378,211,485,2,37,359,243,1,0,0,0,239,192,1117,1335,1.20
khartoum_56.tif,train,0,6,1,27,44,72,7,7,73,64,0,15,0,15,24,17,149,223,1.50
kagera_53.tif,train,0,3,76,234,32,120,3,14,52,110,0,16,7,17,40,38,210,552,2.63
sechura_1.tif,train,0,0,18,44,178,118,4,43,147,126,1,0,0,0,39,50,387,381,0.98
pomorskie_3.tif,train,0,0,69,136,23,70,7,20,145,48,2,5,13,35,26,35,285,349,1.22
viru_31.tif,train,2,6,78,108,53,127,1,98,169,122,0,11,5,30,13,60,321,562,1.75
abancay_27.tif,train,0,0,82,94,61,146,4,30,148,129,0,1,4,16,51,48,350,464,1.33
tonga_57.tif,train,0,0,698,322,216,586,10,24,372,336,0,7,0,2,110,103,1406,1380,0.98
tokyo_5.tif,train,0,1,89,249,73,230,2,62,131,66,15,19,0,5,45,46,355,678,1.91
dortmund_5.tif,train,0,0,91,92,15,48,8,19,66,29,0,7,12,6,7,7,199,208,1.05
chisinau_15.tif,train,0,0,114,83,167,179,29,48,66,72,0,0,0,0,30,50,406,432,1.06
pisco_45.tif,train,0,6,64,64,51,51,1,26,81,79,7,19,0,4,48,73,252,322,1.28
monrovia_63.tif,train,0,0,465,229,216,369,2,37,242,170,3,2,0,2,155,128,1083,937,0.87
monrovia_58.tif,train,0,0,82,224,110,236,1,24,150,142,1,5,0,8,124,97,468,736,1.57
chisinau_27.tif,train,0,0,255,34,139,162,9,22,124,135,0,0,0,0,38,53,565,406,0.72
kagera_33.tif,train,0,0,79,228,56,290,2,32,0,224,1,3,26,26,46,56,210,859,4.09
daressalaam_74.tif,train,0,1,620,182,155,204,1,29,264,192,0,0,0,0,109,77,1149,685,0.60
santiago_47.tif,train,0,0,684,342,242,352,18,50,342,176,36,0,0,13,71,182,1393,1115,0.80
coxsbazar_57.tif,train,27,0,286,247,35,89,4,38,336,91,29,7,9,28,17,26,743,526,0.71
podkarpackie_17.tif,train,0,0,8,43,3,6,0,1,44,40,0,0,2,9,2,2,59,101,1.71
chiangmai_15.tif,train,0,4,325,173,233,202,6,41,153,90,2,19,1,8,44,47,764,584,0.76
soriano_11.tif,train,0,0,146,248,295,310,1,20,309,173,5,0,0,0,102,138,858,889,1.04
santiago_4.tif,train,0,0,151,243,275,228,16,50,402,141,0,0,0,2,58,118,902,782,0.87
chicago_36.tif,train,0,0,19,4,44,61,4,35,27,3,0,0,0,0,16,44,110,147,1.34
tonga_35.tif,train,0,2,131,269,81,409,2,21,188,232,5,23,0,4,75,70,482,1030,2.14
rio_14.tif,train,0,0,1,14,6,1,2,21,2,0,0,0,0,0,20,17,31,53,1.71
tonga_14.tif,train,0,7,109,188,70,394,2,19,145,260,0,14,0,19,60,72,386,973,2.52
aachen_9.tif,train,0,0,149,61,24,101,9,64,196,45,1,1,0,13,15,34,394,319,0.81
slaskie_25.tif,train,0,0,77,44,31,61,3,32,214,57,1,11,0,8,14,10,340,223,0.66
rio_54.tif,train,0,0,21,19,16,18,3,3,38,16,0,0,0,3,6,4,84,63,0.75
abancay_43.tif,train,0,1,65,51,297,223,1,13,45,67,0,0,0,1,68,55,476,411,0.86
accra_28.tif,train,0,0,262,392,136,363,18,62,354,114,5,0,0,0,84,114,859,1045,1.22
ngaoundere_63.tif,train,26,51,28,303,33,246,1,10,97,287,0,4,0,3,16,38,201,942,4.69
tokyo_58.tif,train,0,0,69,465,439,253,2,144,208,193,0,1,3,7,381,227,1102,1290,1.17
ngaoundere_59.tif,train,0,0,35,151,175,71,2,35,123,121,0,0,5,56,141,144,481,578,1.20
coxsbazar_75.tif,train,0,0,148,86,7,0,0,23,15,16,2,2,4,5,0,1,176,133,0.76
slaskie_22.tif,train,1,0,92,21,36,114,11,24,334,81,1,4,0,12,23,24,498,280,0.56
accra_64.tif,train,0,0,107,147,121,143,4,30,705,225,0,0,5,0,190,162,1132,707,0.62
vienna_30.tif,train,0,0,35,108,44,57,4,42,116,60,0,0,0,13,17,29,216,309,1.43
aachen_7.tif,train,0,0,32,70,56,113,5,12,72,42,5,7,10,13,4,21,184,278,1.51
slaskie_27.tif,train,0,0,83,66,37,245,5,31,247,117,1,0,0,6,41,52,414,517,1.25
tonga_51.tif,train,0,0,199,244,108,311,2,20,168,191,19,9,0,0,66,88,562,863,1.54
daressalaam_66.tif,train,0,3,368,49,272,255,4,33,206,277,35,24,0,1,128,40,1013,682,0.67
koeln_2.tif,train,0,0,498,406,442,391,15,44,517,255,5,1,3,13,171,172,1651,1282,0.78
dhaka_47.tif,train,0,0,298,444,281,600,5,27,452,244,3,4,0,0,151,83,1190,1402,1.18
piura_43.tif,train,1,0,65,85,51,61,2,52,402,99,3,15,2,30,36,54,562,396,0.70
duesseldorf_50.tif,train,0,0,74,155,51,83,19,52,120,73,9,4,10,40,8,15,291,422,1.45
zanzibar_133.tif,train,0,0,86,27,82,136,1,7,1948,37,0,5,0,0,29,19,2146,231,0.11
tyrolw_62.tif,train,0,0,25,47,26,23,2,16,24,21,0,0,11,3,13,20,101,130,1.29
viru_43.tif,train,0,3,69,83,130,56,1,23,235,141,9,7,14,32,54,79,512,424,0.83
duesseldorf_16.tif,train,0,0,78,10,6,0,0,0,536,15,1,1,0,0,0,0,621,26,0.04
sechura_10.tif,train,0,0,4,3,33,23,1,15,15,15,0,0,0,0,77,86,130,142,1.09
daressalaam_84.tif,train,0,0,0,46,3,34,0,2,0,0,1,25,0,2,0,7,4,116,29.00
rotterdam_15.tif,train,0,0,28,84,222,165,32,47,70,82,5,2,0,5,38,70,395,455,1.15
wielkopolskie_8.tif,train,0,0,61,16,15,55,5,10,44,39,1,0,2,5,13,13,141,138,0.98
kyoto_6.tif,train,0,0,15,87,68,85,3,56,40,33,33,1,22,36,77,36,258,334,1.29
chiclayo_23.tif,train,0,0,103,83,279,174,1,18,127,106,0,3,0,0,27,62,537,446,0.83
koeln_38.tif,train,0,0,498,200,114,217,10,52,81,34,1,6,0,3,7,16,711,528,0.74
ngaoundere_37.tif,train,0,0,38,135,178,152,10,34,142,93,8,16,7,93,42,66,425,589,1.39
baybay_51.tif,train,0,0,272,196,106,168,1,5,120,54,0,0,6,10,39,30,544,463,0.85
zanzibar_141.tif,train,1,37,391,258,76,243,22,7,1073,171,1,14,0,0,140,74,1704,804,0.47
paris_28.tif,train,0,0,39,92,47,82,1,19,83,47,1,0,0,13,47,78,218,331,1.52
mazowieckie_27.tif,train,0,0,58,102,40,122,1,13,131,79,0,0,0,10,41,49,271,375,1.38
monrovia_12.tif,train,0,0,203,311,142,378,4,24,168,225,1,16,14,30,99,101,631,1085,1.72
khartoum_40.tif,train,0,0,0,8,108,99,6,15,33,84,0,1,0,0,20,30,167,237,1.42
abancay_3.tif,train,0,0,162,149,175,195,1,18,285,150,1,1,0,1,48,74,672,588,0.88
zanzibar_139.tif,train,0,37,27,81,14,169,4,9,582,73,0,3,0,1,55,24,682,397,0.58
muenster_33.tif,train,0,0,399,204,328,194,24,54,248,102,0,0,0,10,97,83,1096,647,0.59
svaneti_48.tif,train,0,0,145,162,49,370,3,30,164,119,0,0,12,1,67,68,440,750,1.70
lambayeque_13.tif,train,0,0,147,95,154,159,1,17,145,127,4,0,0,6,96,91,547,495,0.90
chisinau_2.tif,train,0,0,83,41,55,101,8,51,102,65,0,0,0,0,18,63,266,321,1.21
kitsap_10.tif,train,0,0,235,244,74,67,4,26,213,174,2,0,0,0,99,96,627,607,0.97
pisco_14.tif,train,0,0,78,131,21,38,1,19,145,86,10,55,11,41,14,10,280,380,1.36
paris_45.tif,train,0,0,55,48,28,89,3,10,68,27,1,0,0,30,40,65,195,269,1.38
duesseldorf_46.tif,train,0,0,232,196,219,226,5,82,336,90,2,0,0,1,30,52,824,647,0.79
khartoum_26.tif,train,0,0,0,9,114,98,8,18,58,62,0,0,0,0,23,15,203,202,1.00
abancay_34.tif,train,1,0,43,48,24,66,8,1,192,102,0,0,10,13,15,17,293,247,0.84
ulaanbaatar_25.tif,train,0,0,130,56,86,20,3,39,1,61,0,2,0,0,269,234,489,412,0.84
koeln_64.tif,train,0,0,346,255,193,164,6,58,261,111,0,0,0,3,79,83,885,674,0.76
dhaka_35.tif,train,0,1,76,36,44,37,8,2,33,26,2,16,0,0,10,12,173,130,0.75
wielkopolskie_40.tif,train,0,0,61,58,53,238,1,10,150,117,3,1,2,3,44,46,314,473,1.51
lima_30.tif,train,1,0,17,83,65,21,5,17,79,53,0,0,1,4,59,72,227,250,1.10
vienna_65.tif,train,0,0,79,131,241,252,1,16,109,78,0,0,0,0,29,56,459,533,1.16
monrovia_53.tif,train,0,0,131,102,201,196,2,26,48,54,2,14,0,9,57,43,441,444,1.01
malopolskie_21.tif,train,0,0,26,74,8,9,1,9,30,19,1,32,4,3,4,8,74,154,2.08
shanghai_12.tif,train,0,0,32,72,75,48,6,31,45,35,1,0,0,41,83,41,242,268,1.11
tonga_5.tif,train,8,0,205,79,133,236,2,12,197,87,2,23,0,9,28,33,575,479,0.83
khartoum_29.tif,train,0,0,5,46,10,26,1,8,14,18,0,4,0,3,11,37,41,142,3.46
dortmund_12.tif,train,0,0,229,161,148,247,5,35,162,77,6,5,6,12,88,86,644,623,0.97
ica_30.tif,train,11,14,95,191,11,22,0,17,326,125,0,14,3,5,0,0,446,388,0.87
aachen_24.tif,train,0,0,29,56,4,31,1,13,105,57,1,2,7,22,7,9,154,190,1.23
tyrolw_25.tif,train,5,0,65,105,24,177,6,29,119,66,3,11,0,2,32,31,254,421,1.66
kampala_1.tif,train,0,0,85,120,115,158,6,36,175,148,3,2,0,31,53,63,437,558,1.28
melbourne_28.tif,train,0,0,36,132,171,212,20,43,236,222,2,3,0,0,58,82,523,694,1.33
aachen_70.tif,train,0,0,566,148,214,174,5,29,495,81,1,1,5,14,103,78,1389,525,0.38
piura_2.tif,train,0,23,81,143,55,73,9,21,123,137,1,42,6,15,16,31,291,485,1.67
tyrolw_28.tif,train,0,0,238,109,153,123,3,22,226,62,28,3,3,7,55,58,706,384,0.54
khartoum_27.tif,train,0,0,0,18,109,102,3,15,73,99,0,0,0,0,20,22,205,256,1.25
koeln_17.tif,train,0,0,300,222,362,321,56,70,268,173,0,0,0,0,36,62,1022,848,0.83
coxsbazar_25.tif,train,0,1,68,73,28,62,11,6,282,116,3,18,0,1,18,20,410,297,0.72
austin_27.tif,train,0,0,73,131,101,181,6,30,47,46,0,0,0,0,38,41,265,429,1.62
kitsap_44.tif,train,0,0,42,129,9,48,3,19,14,18,0,3,0,0,8,14,76,231,3.04
lambayeque_1.tif,train,0,0,41,121,22,36,0,25,47,58,0,0,5,27,20,20,135,287,2.13
malopolskie_11.tif,train,0,0,5,16,1,5,0,4,18,4,0,3,1,12,4,0,29,44,1.52
duesseldorf_29.tif,train,0,0,247,143,153,142,5,57,279,82,4,0,0,12,47,73,735,509,0.69
kitsap_23.tif,train,0,0,360,373,104,135,1,7,295,246,0,0,0,0,159,181,919,942,1.03
kitsap_41.tif,train,0,0,34,48,2,10,1,2,55,14,1,8,0,0,2,2,95,84,0.88
viru_12.tif,train,0,0,96,121,60,65,3,22,128,111,9,6,16,18,31,55,343,398,1.16
vienna_31.tif,train,0,0,75,75,23,60,23,23,94,50,0,0,0,15,14,29,229,252,1.10
piura_50.tif,train,0,0,62,109,90,203,4,19,141,116,0,10,14,10,50,62,361,529,1.47
chincha_22.tif,train,0,0,98,188,37,96,5,21,205,172,2,0,24,21,38,37,409,535,1.31
piura_16.tif,train,72,56,182,328,32,129,0,3,512,218,7,11,0,18,7,1,812,764,0.94
khartoum_12.tif,train,0,0,0,61,16,53,1,16,22,34,0,6,0,29,20,44,59,243,4.12
daressalaam_113.tif,train,0,0,63,35,167,252,3,39,170,168,20,4,0,0,96,25,519,523,1.01
chincha_19.tif,train,0,0,182,78,152,101,1,30,206,81,16,0,12,6,63,94,632,390,0.62
warminsko-mazurskie_5.tif,train,0,0,24,32,9,62,4,16,104,23,4,2,9,17,22,15,176,167,0.95
baybay_42.tif,train,0,0,213,213,91,198,2,17,259,125,20,3,6,15,55,57,646,628,0.97
mahe_70.tif,train,0,3,460,385,174,495,7,64,206,85,0,17,0,1,96,128,943,1178,1.25
dowa_12.tif,train,0,0,49,155,13,86,1,15,485,185,0,2,7,8,6,11,561,462,0.82
duesseldorf_45.tif,train,0,0,45,53,110,171,27,46,94,48,0,0,0,1,14,67,290,386,1.33
dhaka_32.tif,train,0,0,91,130,116,138,6,18,87,73,7,14,0,2,16,54,323,429,1.33
daressalaam_124.tif,train,0,0,87,68,81,84,3,33,71,64,12,0,0,4,23,42,277,295,1.06
zanzibar_107.tif,train,0,64,47,32,33,146,8,8,373,186,0,44,0,0,49,28,510,508,1.00
podlaskie_1.tif,train,0,0,6,14,5,6,0,0,4,4,0,0,1,5,3,3,19,32,1.68
baybay_27.tif,train,0,1,554,310,194,317,7,25,256,98,7,17,0,0,104,90,1122,858,0.76
kujawsko-pomorskie_10.tif,train,0,14,40,65,8,186,5,25,43,72,1,1,0,0,93,60,190,423,2.23
dhaka_39.tif,train,0,0,473,455,161,596,17,43,222,305,14,15,0,0,161,74,1048,1488,1.42
daressalaam_29.tif,train,0,0,93,98,727,362,14,69,122,234,1,1,0,0,505,107,1462,871,0.60
muenster_48.tif,train,0,0,360,452,635,605,27,73,372,282,0,0,0,0,219,172,1613,1584,0.98
lima_20.tif,train,0,0,0,0,36,5,1,31,155,0,0,0,0,7,76,54,268,97,0.36
mahe_1.tif,train,22,6,98,158,38,138,6,18,77,54,1,15,0,2,20,51,262,442,1.69
dhaka_45.tif,train,0,0,52,279,160,469,4,32,136,259,14,19,0,0,54,36,420,1094,2.60
ngaoundere_23.tif,train,0,0,202,287,139,165,1,24,263,187,4,0,24,74,91,88,724,825,1.14
daressalaam_55.tif,train,0,0,75,23,660,619,10,63,447,353,7,0,0,0,662,45,1861,1103,0.59
daressalaam_82.tif,train,0,0,388,77,236,265,11,79,188,159,12,0,0,39,93,81,928,700,0.75
kyoto_23.tif,train,0,0,274,287,254,343,16,109,451,203,27,0,4,6,177,115,1203,1063,0.88
lambayeque_36.tif,train,34,7,181,119,80,78,4,30,124,115,1,23,10,53,0,8,434,433,1.00
rio_47.tif,train,0,0,28,38,23,16,2,12,24,10,11,1,0,0,17,22,105,99,0.94
chincha_43.tif,train,0,0,39,1,187,169,1,7,36,32,0,0,0,0,50,115,313,324,1.04
kyoto_12.tif,train,1,0,27,80,101,147,4,65,95,77,0,0,15,8,160,97,403,474,1.18
santiago_61.tif,train,0,0,389,239,211,184,9,44,329,227,8,0,0,8,127,202,1073,904,0.84
koeln_34.tif,train,0,0,280,279,577,293,20,114,288,165,1,0,0,4,72,105,1238,960,0.78
lohur_18.tif,train,0,0,55,41,9,26,2,8,444,106,1,2,7,13,4,5,522,201,0.39
shanghai_1.tif,train,0,0,1,9,7,47,0,4,13,10,0,0,0,0,5,8,26,78,3.00
muenster_10.tif,train,0,0,573,666,851,819,16,67,515,364,9,0,0,0,254,216,2218,2132,0.96
kujawsko-pomorskie_17.tif,train,0,0,294,124,135,327,5,51,49,43,0,1,0,1,38,28,521,575,1.10
dortmund_70.tif,train,0,0,146,128,106,97,9,81,80,94,0,2,5,4,81,76,427,482,1.13
monrovia_26.tif,train,0,3,485,190,107,317,7,42,176,202,9,6,13,15,152,116,949,891,0.94
mazowieckie_13.tif,train,0,0,36,27,32,32,6,8,43,31,1,0,3,4,20,31,141,133,0.94
tyrolw_19.tif,train,11,0,107,122,206,67,13,48,87,95,3,11,0,4,49,83,476,430,0.90
tokyo_40.tif,train,0,0,186,284,393,202,11,93,398,108,0,0,20,8,468,190,1476,885,0.60
rotterdam_18.tif,train,0,0,7,98,43,37,4,57,1,20,0,11,0,1,50,56,105,280,2.67
chiclayo_14.tif,train,7,19,142,221,98,116,4,9,175,139,5,9,14,24,18,26,463,563,1.22
kyoto_42.tif,train,0,0,40,218,142,99,6,54,90,82,10,0,31,91,115,110,434,654,1.51
chicago_20.tif,train,0,0,259,99,138,126,27,28,220,150,0,0,0,0,200,150,844,553,0.66
daressalaam_59.tif,train,1,0,173,167,151,412,26,40,200,235,4,1,0,0,202,187,757,1042,1.38
maputo_4.tif,train,0,0,16,34,309,603,17,64,251,268,0,0,0,0,213,95,806,1064,1.32
tyrolw_29.tif,train,0,0,152,119,107,94,7,56,138,89,0,0,0,1,45,71,449,430,0.96
kyoto_69.tif,train,0,0,47,123,77,74,10,50,142,70,10,3,7,24,33,26,326,370,1.13
lubuskie_22.tif,train,0,0,55,39,34,64,1,1,33,21,1,0,0,0,13,9,137,134,0.98
piura_20.tif,train,0,0,147,156,49,107,1,15,339,172,0,0,12,51,33,27,581,528,0.91
chisinau_55.tif,train,0,0,73,8,127,174,9,36,130,105,0,0,0,0,36,69,375,392,1.05
coxsbazar_61.tif,train,0,0,137,47,17,18,0,10,29,43,2,6,14,10,13,8,212,142,0.67
zanzibar_112.tif,train,0,4,245,93,17,234,1,12,619,250,0,3,0,0,73,24,955,620,0.65
bielefeld_60.tif,train,0,0,263,462,366,343,7,53,338,341,0,1,0,2,274,243,1248,1445,1.16
rio_68.tif,train,0,0,9,12,0,10,0,3,20,4,0,10,0,0,3,3,32,42,1.31
aachen_22.tif,train,0,0,191,156,56,143,4,34,183,106,2,0,3,13,94,96,533,548,1.03
zanzibar_37.tif,train,0,0,105,138,26,38,1,15,210,121,0,3,36,43,8,12,386,370,0.96
niamey_7.tif,train,0,0,36,229,124,123,12,32,174,136,0,0,0,24,57,69,403,613,1.52
chincha_10.tif,train,0,0,127,117,71,69,2,23,327,154,5,0,21,14,86,123,639,500,0.78
daressalaam_43.tif,train,0,0,75,362,379,644,8,43,299,302,15,0,0,0,867,25,1643,1376,0.84
shanghai_59.tif,train,0,0,37,47,89,87,3,19,36,13,0,0,0,56,126,43,291,265,0.91
lima_7.tif,train,0,0,71,140,55,93,1,14,180,144,8,1,1,3,82,81,398,476,1.20
khartoum_15.tif,train,0,0,0,49,51,104,5,14,76,81,0,0,0,2,38,33,170,283,1.66
tyrolw_6.tif,train,16,29,38,186,5,126,6,10,524,111,0,2,0,36,0,0,589,500,0.85
tyrolw_5.tif,train,0,0,12,74,0,9,2,8,58,32,1,30,4,5,3,4,80,162,2.02
christchurch_44.tif,train,0,0,173,200,208,173,9,35,667,22,3,1,4,15,74,70,1138,516,0.45
melbourne_27.tif,train,0,0,337,159,287,327,12,41,203,260,0,3,0,1,82,75,921,866,0.94
muenster_56.tif,train,0,0,321,344,182,429,9,32,264,214,4,0,11,17,161,133,952,1169,1.23
kitsap_40.tif,train,0,0,52,176,0,0,0,0,113,90,0,3,0,0,0,0,165,269,1.63
kyoto_39.tif,train,2,0,35,222,209,274,9,59,120,74,7,0,28,28,215,75,625,732,1.17
baybay_16.tif,train,0,0,223,313,195,291,6,36,325,146,1,15,8,20,56,95,814,916,1.13
monrovia_75.tif,train,0,0,225,323,103,381,7,15,139,153,0,2,1,2,120,128,595,1004,1.69
lambayeque_38.tif,train,5,0,65,104,16,53,2,19,156,122,1,17,5,57,2,4,252,376,1.49
daressalaam_47.tif,train,0,0,55,453,616,681,4,57,390,363,7,0,0,1,942,40,2014,1595,0.79
accra_49.tif,train,0,0,61,78,64,41,4,15,208,48,0,0,41,5,12,13,390,200,0.51
soriano_4.tif,train,0,0,114,76,110,540,1,9,127,120,0,3,2,3,105,145,459,896,1.95
chiclayo_9.tif,train,0,4,134,73,47,82,2,29,88,75,5,37,13,37,13,12,302,349,1.16
christchurch_6.tif,train,0,0,30,97,17,83,4,31,171,93,1,3,0,35,9,15,232,357,1.54
zachodniopomorskie_1.tif,train,0,0,23,20,8,9,6,9,24,11,9,14,3,3,3,5,76,71,0.93
dortmund_47.tif,train,0,0,345,323,214,326,3,40,200,230,2,0,7,17,143,134,914,1070,1.17
paris_53.tif,train,0,0,31,61,30,74,3,13,65,42,0,0,0,4,55,54,184,248,1.35
tonga_68.tif,train,0,0,260,460,213,534,9,26,479,357,0,0,0,0,103,125,1064,1502,1.41
rio_70.tif,train,0,0,23,39,27,36,4,4,72,13,1,0,2,11,18,16,147,119,0.81
ulaanbaatar_35.tif,train,0,0,149,108,82,28,4,35,49,172,0,2,7,0,315,284,606,629,1.04
duesseldorf_43.tif,train,0,0,452,189,444,331,1,40,483,138,13,0,4,5,194,172,1591,875,0.55
tonga_52.tif,train,3,5,83,103,132,277,1,9,179,103,3,22,0,0,30,38,431,557,1.29
ngaoundere_10.tif,train,85,0,385,233,128,170,2,50,514,159,0,0,57,43,84,90,1255,745,0.59
paris_3.tif,train,0,0,41,65,32,59,3,19,48,26,0,0,0,14,35,57,159,240,1.51
lubuskie_12.tif,train,0,0,9,17,0,0,0,1,76,34,1,4,0,19,1,0,87,75,0.86
dhaka_62.tif,train,0,8,53,193,57,165,3,12,68,138,5,29,0,6,29,63,215,614,2.86
baybay_54.tif,train,0,0,431,511,218,421,5,23,264,109,0,1,6,2,71,89,995,1156,1.16
vienna_11.tif,train,0,0,92,171,144,283,16,65,192,117,0,0,0,1,21,37,465,674,1.45
chisinau_34.tif,train,0,0,187,77,74,123,5,46,135,107,0,0,0,0,14,33,415,386,0.93
rio_21.tif,train,0,0,51,77,0,50,2,14,62,45,0,0,0,0,57,48,172,234,1.36
lambayeque_32.tif,train,0,5,123,184,91,106,2,31,90,98,0,9,8,21,16,25,330,479,1.45
lohur_37.tif,train,0,0,128,65,46,117,3,45,62,54,2,3,17,35,20,29,278,348,1.25
ulaanbaatar_21.tif,train,4,39,9,111,16,92,1,4,0,0,0,58,0,2,13,14,43,320,7.44
paris_66.tif,train,0,2,26,47,69,87,2,20,64,33,2,6,0,10,32,38,195,243,1.25
kujawsko-pomorskie_16.tif,train,2,0,41,62,39,86,3,25,33,49,7,2,5,22,38,29,168,275,1.64
tonga_7.tif,train,0,0,103,250,229,619,2,20,576,233,2,18,0,1,97,98,1009,1239,1.23
zanzibar_74.tif,train,12,1,107,180,12,189,1,17,210,113,3,5,25,77,1,6,371,588,1.58
dowa_19.tif,train,0,0,50,92,31,19,1,12,60,53,0,0,15,59,156,96,313,331,1.06
niamey_13.tif,train,0,0,181,155,178,128,13,52,214,172,1,1,0,9,199,178,786,695,0.88
viru_47.tif,train,36,14,96,198,36,104,5,38,97,135,21,51,7,40,13,16,311,596,1.92
melbourne_40.tif,train,0,0,335,118,260,255,26,31,269,294,2,0,0,0,102,102,994,800,0.80
svaneti_5.tif,train,0,0,247,143,56,173,8,22,210,93,12,29,6,11,32,30,571,501,0.88
svaneti_4.tif,train,0,2,353,129,14,44,7,10,136,42,1,3,0,1,3,3,514,234,0.46
dolnoslaskie_13.tif,train,0,0,45,109,6,75,2,7,61,40,0,1,3,19,21,28,138,279,2.02
dortmund_29.tif,train,0,0,373,169,194,187,1,17,503,133,22,1,4,10,131,100,1228,617,0.50
aachen_1.tif,train,0,0,58,58,44,33,1,13,54,33,2,1,2,7,33,32,194,177,0.91
malopolskie_29.tif,train,0,0,18,49,5,48,1,11,34,30,0,27,17,6,4,7,79,178,2.25
kitsap_17.tif,train,0,0,4,8,0,1,0,1,33,20,0,0,1,23,0,0,38,53,1.39
dortmund_20.tif,train,0,0,130,180,38,144,7,34,40,40,5,4,4,25,15,10,239,437,1.83
mazowieckie_6.tif,train,0,0,27,17,16,142,3,14,34,10,1,1,3,8,6,13,90,205,2.28
muenster_16.tif,train,0,0,32,59,7,14,1,19,29,26,4,0,6,8,1,4,80,130,1.62
zanzibar_86.tif,train,0,0,152,79,0,116,2,10,637,55,0,0,0,70,34,8,825,338,0.41
rio_6.tif,train,1,0,29,27,10,24,3,1,26,20,2,0,0,7,14,22,85,101,1.19
paris_9.tif,train,0,0,41,108,44,115,1,7,52,56,0,0,0,3,49,52,187,341,1.82
ulaanbaatar_13.tif,train,0,19,158,167,87,153,2,18,0,40,0,91,0,30,128,86,375,604,1.61
paris_33.tif,train,0,0,10,5,7,15,2,2,61,2,0,0,0,0,2,7,82,31,0.38
koeln_18.tif,train,0,0,202,124,288,204,31,80,68,51,0,1,0,11,81,127,670,598,0.89
vegas_3.tif,train,0,0,24,68,26,45,2,4,92,42,10,1,0,0,41,31,195,191,0.98
wielkopolskie_37.tif,train,0,0,71,54,41,135,1,17,168,54,1,1,6,11,18,21,306,293,0.96
warminsko-mazurskie_7.tif,train,0,0,69,49,0,2,9,2,158,30,0,2,4,7,1,1,241,93,0.39
dolnoslaskie_39.tif,train,0,0,9,34,10,17,1,5,10,10,0,3,3,13,2,0,35,82,2.34
piura_23.tif,train,2,0,13,85,4,25,6,43,168,83,2,3,9,22,0,0,204,261,1.28
vegas_38.tif,train,0,0,65,54,25,47,3,14,79,59,12,0,0,0,38,52,222,226,1.02
duesseldorf_12.tif,train,0,0,293,260,174,287,4,89,425,225,0,0,1,5,156,121,1053,987,0.94
kitsap_25.tif,train,0,0,287,235,115,66,4,26,226,209,0,0,0,0,129,146,761,682,0.90
svaneti_36.tif,train,0,0,237,200,113,301,9,39,180,215,0,46,18,15,119,104,676,920,1.36
dortmund_45.tif,train,0,0,224,222,155,237,19,53,194,113,8,1,5,9,57,68,662,703,1.06
lohur_25.tif,train,0,0,28,9,10,52,1,4,66,22,0,0,4,22,1,0,110,109,0.99
dortmund_19.tif,train,0,0,258,338,153,305,10,47,251,129,5,2,9,9,120,107,806,937,1.16
pomorskie_14.tif,train,0,0,73,75,13,58,1,13,25,19,1,1,6,17,15,13,134,196,1.46
chicago_30.tif,train,0,0,243,156,130,109,14,42,129,187,1,0,0,0,327,130,844,624,0.74
tokyo_35.tif,train,0,0,181,411,260,300,5,110,399,139,0,1,10,0,446,193,1301,1154,0.89
shanghai_38.tif,train,0,0,18,32,17,48,1,18,59,8,3,2,1,17,5,28,104,153,1.47
muenster_36.tif,train,0,0,252,264,193,233,8,75,204,141,0,0,0,2,50,55,707,770,1.09
vienna_42.tif,train,0,0,228,193,237,301,15,49,171,119,13,0,0,0,60,85,724,747,1.03
paris_31.tif,train,0,0,14,21,34,44,4,13,42,4,0,0,0,10,1,10,95,102,1.07
austin_9.tif,train,0,0,236,168,184,322,11,39,157,134,1,0,0,0,100,89,689,752,1.09
koeln_44.tif,train,0,0,467,487,626,435,15,92,584,277,19,0,0,1,190,173,1901,1465,0.77
kagera_21.tif,train,0,1,72,238,22,385,9,17,831,164,0,0,0,8,61,56,995,869,0.87
christchurch_51.tif,train,0,0,887,459,178,857,2,27,476,295,20,0,0,0,246,202,1809,1840,1.02
paris_5.tif,train,0,0,32,60,31,78,3,15,27,27,0,0,0,11,26,40,119,231,1.94
rio_23.tif,train,0,0,31,11,12,8,2,11,21,2,0,0,0,0,14,16,80,48,0.60
rio_39.tif,train,1,0,58,61,127,46,1,5,38,32,0,0,0,1,58,43,283,188,0.66
pomorskie_10.tif,train,0,0,48,103,19,109,2,26,305,62,4,2,18,30,28,36,424,368,0.87
pisco_41.tif,train,0,0,152,104,221,132,1,40,86,126,0,12,0,0,64,73,524,487,0.93
mahe_63.tif,train,0,0,203,305,84,359,3,35,195,142,8,22,1,6,72,94,566,963,1.70
lubuskie_6.tif,train,0,0,15,84,24,104,1,13,169,77,1,1,4,42,25,31,239,352,1.47
aachen_13.tif,train,0,0,334,201,135,128,4,54,298,86,2,1,3,12,63,65,839,547,0.65
shanghai_37.tif,train,0,0,26,75,68,68,8,27,46,27,4,0,2,11,94,36,248,244,0.98
podkarpackie_15.tif,train,0,0,9,25,2,8,1,16,46,31,1,3,7,21,2,8,68,112,1.65
swietokrzyskie_20.tif,train,0,0,23,37,7,46,1,12,35,18,0,0,7,8,10,6,83,127,1.53
daressalaam_71.tif,train,0,0,529,192,223,349,22,43,303,223,0,0,1,0,179,151,1257,958,0.76
vegas_28.tif,train,0,0,16,57,10,35,4,6,64,22,6,0,0,15,44,36,144,171,1.19
vienna_21.tif,train,0,0,187,284,51,445,6,93,361,130,0,0,0,6,11,42,616,1000,1.62
khartoum_17.tif,train,0,0,4,18,51,64,4,13,87,60,0,0,0,0,49,31,195,186,0.95
shanghai_53.tif,train,0,0,47,44,74,58,5,26,130,25,0,10,0,0,22,51,278,214,0.77
lohur_38.tif,train,0,0,95,30,17,35,1,15,129,30,3,1,10,21,10,7,265,139,0.52
monrovia_59.tif,train,0,0,330,298,181,366,7,26,316,251,33,13,12,16,117,104,996,1074,1.08
koeln_67.tif,train,0,0,287,273,267,148,3,71,318,157,0,1,0,23,46,90,921,763,0.83
tyrolw_31.tif,train,2,0,31,116,23,80,8,25,32,20,1,14,8,11,18,14,123,280,2.28
santiago_60.tif,train,0,0,320,179,322,220,5,32,260,194,9,0,0,2,73,206,989,833,0.84
pomorskie_4.tif,train,0,0,55,90,25,95,2,18,70,35,1,0,51,53,34,44,238,335,1.41
ica_11.tif,train,0,0,193,39,273,163,2,5,285,173,0,0,0,0,72,65,825,445,0.54
koeln_55.tif,train,0,0,72,112,37,27,5,28,68,36,1,14,6,25,6,9,195,251,1.29
monrovia_3.tif,train,0,0,359,316,219,371,11,34,256,158,8,14,18,20,114,99,985,1012,1.03
bielefeld_64.tif,train,0,0,195,181,180,208,6,11,133,114,0,4,2,13,80,64,596,595,1.00
accra_18.tif,train,0,0,113,43,12,11,3,10,124,28,0,1,6,17,5,4,263,114,0.43
tokyo_62.tif,train,0,0,141,402,412,214,14,120,333,143,0,0,0,0,434,205,1334,1084,0.81
melbourne_44.tif,train,0,0,213,161,344,279,14,22,175,254,1,0,0,1,84,84,831,801,0.96
chisinau_60.tif,train,0,0,122,58,99,161,7,77,135,138,0,1,0,0,36,71,399,506,1.27
vienna_46.tif,train,3,0,91,82,57,196,19,43,62,48,4,0,0,2,40,42,276,413,1.50
tokyo_56.tif,train,0,0,241,316,405,310,3,98,601,189,0,2,40,32,470,203,1760,1150,0.65
abancay_30.tif,train,0,0,166,138,173,239,3,24,216,172,1,0,0,0,72,99,631,672,1.06
duesseldorf_3.tif,train,0,0,58,46,21,70,2,21,74,35,1,2,8,9,19,12,183,195,1.07
vegas_26.tif,train,0,0,47,35,57,62,2,28,74,42,11,3,0,0,32,43,223,213,0.96
pisco_15.tif,train,32,6,9,49,0,19,0,5,76,18,4,27,2,9,0,0,123,133,1.08
khartoum_62.tif,train,0,0,0,30,9,48,3,13,14,58,0,2,0,0,27,40,53,191,3.60
lohur_33.tif,train,0,0,430,393,229,232,3,36,319,172,3,2,53,68,115,125,1152,1028,0.89
ngaoundere_33.tif,train,0,0,68,139,642,239,12,28,181,109,18,17,19,23,101,73,1041,628,0.60
ica_3.tif,train,0,0,206,54,273,169,1,5,204,165,0,0,0,0,54,96,738,489,0.66
zanzibar_102.tif,train,0,0,262,245,417,486,11,25,376,326,0,0,0,2,436,193,1502,1277,0.85
santiago_19.tif,train,0,0,129,26,488,137,4,22,284,43,0,0,0,0,60,106,965,334,0.35
austin_8.tif,train,0,0,178,231,114,396,16,29,165,130,0,0,0,4,110,114,583,904,1.55
vegas_17.tif,train,0,0,8,51,23,28,4,12,112,20,2,7,0,0,21,24,170,142,0.84
duesseldorf_19.tif,train,0,0,29,38,12,26,7,18,38,12,5,1,2,7,3,4,96,106,1.10
khartoum_60.tif,train,0,0,0,3,82,82,5,19,25,24,0,0,0,1,50,22,162,151,0.93
christchurch_4.tif,train,4,16,184,336,33,177,5,24,72,73,5,10,0,0,42,52,345,688,1.99
paris_19.tif,train,0,0,73,54,43,64,4,24,45,24,0,1,0,2,22,39,187,208,1.11
abancay_20.tif,train,0,0,33,22,181,200,2,20,68,62,0,0,0,0,63,77,347,381,1.10
wielkopolskie_24.tif,train,0,0,16,24,11,70,3,24,0,1,0,0,1,26,3,3,34,148,4.35
daressalaam_100.tif,train,0,0,209,128,59,135,3,26,371,152,0,0,0,3,13,18,655,462,0.71
sechura_27.tif,train,0,0,159,63,106,56,1,37,238,147,0,1,0,1,71,88,575,393,0.68
shanghai_58.tif,train,0,0,3,38,19,31,3,23,18,12,0,1,0,20,28,22,71,147,2.07
dortmund_32.tif,train,0,0,325,238,299,119,18,63,287,135,5,0,0,1,78,79,1012,635,0.63
ica_25.tif,train,14,56,147,274,23,51,1,10,305,170,2,55,17,43,11,7,520,666,1.28
kyoto_57.tif,train,0,0,79,209,612,205,3,102,193,277,1,0,4,20,655,192,1547,1005,0.65
shanghai_49.tif,train,0,0,139,96,89,91,6,31,160,68,0,0,0,0,29,51,423,337,0.80
christchurch_63.tif,train,0,0,319,524,134,458,8,83,231,205,1,0,0,0,140,167,833,1437,1.73
coxsbazar_69.tif,train,0,0,213,158,56,97,0,12,39,65,1,8,2,3,80,50,391,393,1.01
lambayeque_24.tif,train,20,134,52,347,0,106,0,3,322,312,0,4,5,7,0,1,399,914,2.29
western_18.tif,train,6,18,139,234,40,112,3,14,178,109,11,35,0,0,70,50,447,572,1.28
khartoum_1.tif,train,0,0,1,12,36,58,2,26,25,74,0,0,0,0,37,47,101,217,2.15
bielefeld_63.tif,train,0,0,175,352,90,219,3,55,148,230,6,2,8,12,178,140,608,1010,1.66
piura_35.tif,train,0,0,51,135,5,79,2,30,178,103,4,8,9,14,0,0,249,369,1.48
santiago_64.tif,train,8,0,180,225,64,283,4,59,206,111,4,15,0,2,21,62,487,757,1.55
zanzibar_2.tif,train,0,0,118,161,30,163,11,27,235,153,0,0,16,18,18,45,428,567,1.32
dhaka_14.tif,train,1,2,102,303,184,282,2,14,118,173,8,32,0,0,72,66,487,872,1.79
daressalaam_57.tif,train,0,0,38,11,499,539,13,64,460,344,0,1,0,0,199,68,1209,1027,0.85
soriano_7.tif,train,0,0,154,382,502,512,3,26,342,243,1,0,0,1,121,129,1123,1293,1.15
rio_19.tif,train,0,0,22,7,27,41,6,7,27,26,0,0,0,0,19,21,101,102,1.01
tonga_38.tif,train,0,0,30,122,130,456,1,24,400,244,0,3,0,11,48,56,609,916,1.50
sechura_46.tif,train,0,0,36,144,49,100,3,28,106,130,0,0,3,13,28,43,225,458,2.04
kitsap_32.tif,train,0,0,89,98,8,27,1,2,52,25,0,0,0,1,8,6,158,159,1.01
santiago_48.tif,train,0,0,250,250,64,269,4,47,163,106,24,3,0,0,46,152,551,827,1.50
duesseldorf_32.tif,train,0,0,89,91,132,77,12,64,132,67,1,0,0,1,61,72,427,372,0.87
rio_22.tif,train,0,0,11,39,5,32,2,3,125,12,9,1,3,7,23,20,178,114,0.64
chisinau_62.tif,train,0,0,63,45,143,172,9,49,135,154,0,0,0,0,41,75,391,495,1.27
abancay_23.tif,train,0,0,70,118,146,269,1,25,126,125,0,0,0,0,36,47,379,584,1.54
kitsap_34.tif,train,0,0,4,151,1,2,0,8,2,12,1,1,0,0,2,0,10,174,17.40
chisinau_57.tif,train,0,0,114,40,98,181,5,78,130,126,0,2,0,0,24,67,371,494,1.33
shanghai_3.tif,train,0,0,13,30,7,44,2,24,21,18,0,0,0,12,12,25,55,153,2.78
sechura_39.tif,train,1,0,10,5,76,60,3,26,116,58,0,0,0,0,63,85,269,234,0.87
chisinau_1.tif,train,0,0,120,7,63,116,6,73,108,97,0,0,0,0,27,54,324,347,1.07
ulaanbaatar_29.tif,train,75,50,22,29,0,115,2,4,0,1,0,52,0,0,0,1,99,252,2.55
chincha_3.tif,train,0,0,206,112,97,54,4,36,200,141,56,12,11,2,59,97,633,454,0.72
rio_64.tif,train,0,0,44,56,115,38,4,12,66,36,10,0,0,1,55,40,294,183,0.62
muenster_30.tif,train,0,0,207,326,318,227,6,27,247,175,4,10,6,17,159,131,947,913,0.96
ulaanbaatar_26.tif,train,4,0,186,110,132,45,21,51,0,65,12,7,0,2,217,194,572,474,0.83
mazowieckie_17.tif,train,0,0,10,26,0,6,0,2,20,18,0,0,3,20,1,1,34,73,2.15
santiago_43.tif,train,16,0,89,123,26,215,77,68,70,67,13,10,0,2,0,8,291,493,1.69
ica_36.tif,train,0,0,45,12,169,237,1,36,37,19,0,0,0,0,121,68,373,372,1.00
bielefeld_48.tif,train,0,0,191,196,289,166,4,80,230,140,1,1,0,0,106,120,821,703,0.86
paris_41.tif,train,0,0,15,26,6,44,3,15,24,7,0,0,0,12,2,17,50,121,2.42
vegas_13.tif,train,0,0,42,27,18,47,2,11,110,31,7,0,0,65,40,38,219,219,1.00
pisco_24.tif,train,0,7,134,88,30,54,3,15,53,40,18,82,15,26,0,5,253,317,1.25
coxsbazar_32.tif,train,0,1,122,393,63,263,6,35,148,72,0,7,2,2,62,59,403,832,2.06
ica_47.tif,train,15,0,136,123,39,24,2,9,248,60,0,0,2,3,58,28,500,247,0.49
tonga_53.tif,train,2,0,77,74,70,245,1,18,53,70,3,23,0,4,58,61,264,495,1.88
sechura_29.tif,train,0,33,76,70,71,48,2,14,393,106,0,8,1,0,51,75,594,354,0.60
kagera_22.tif,train,0,0,446,305,72,502,16,26,564,236,0,4,50,9,65,55,1213,1137,0.94
dortmund_41.tif,train,0,0,603,344,532,451,32,79,508,136,21,0,7,0,227,180,1930,1190,0.62
accra_33.tif,train,0,0,55,94,31,43,3,21,34,42,0,0,0,27,4,3,127,230,1.81
chicago_4.tif,train,14,0,11,23,21,24,9,65,31,11,0,0,0,8,13,6,99,137,1.38
koeln_40.tif,train,0,0,284,215,727,232,35,110,261,213,0,0,0,4,59,105,1366,879,0.64
chincha_11.tif,train,0,0,63,30,97,87,1,34,148,113,11,1,1,9,41,121,362,395,1.09
malopolskie_6.tif,train,0,0,58,49,3,26,15,17,19,11,0,7,7,6,2,9,104,125,1.20
melbourne_48.tif,val,0,0,148,79,126,237,6,36,158,188,6,0,0,0,53,69,497,609,1.23
tokyo_53.tif,val,0,0,122,430,352,291,13,145,170,199,2,0,13,5,707,206,1379,1276,0.93
slaskie_35.tif,val,1,1,81,142,55,241,18,18,130,67,1,1,0,2,53,58,339,530,1.56
accra_12.tif,val,0,0,5,48,202,254,4,81,107,92,11,0,0,0,94,305,423,780,1.84
malopolskie_2.tif,val,0,0,7,10,4,32,1,6,34,15,0,2,2,2,3,4,51,71,1.39
chincha_14.tif,val,0,0,109,66,91,37,1,17,166,108,1,0,0,0,81,101,449,329,0.73
pisco_6.tif,val,0,0,58,94,23,60,5,33,58,43,17,33,4,13,12,15,177,291,1.64
ulaanbaatar_9.tif,val,0,0,108,34,109,26,4,37,101,76,10,1,0,0,228,206,560,380,0.68
zanzibar_124.tif,val,0,3,225,141,68,77,10,2,1474,201,0,4,0,72,119,53,1896,553,0.29
tonga_17.tif,val,0,0,58,146,73,405,1,8,151,198,0,2,0,13,47,61,330,833,2.52
mazowieckie_19.tif,val,0,0,17,12,7,54,1,3,47,31,0,0,6,4,16,19,94,123,1.31
koeln_36.tif,val,0,0,156,59,190,165,11,90,107,104,0,0,0,0,66,89,530,507,0.96
piura_5.tif,val,0,0,31,33,57,26,4,25,190,147,0,0,0,0,72,68,354,299,0.84
malopolskie_38.tif,val,0,0,62,121,4,78,1,15,43,19,0,23,3,15,9,35,122,306,2.51
kujawsko-pomorskie_15.tif,val,1,0,323,140,168,382,2,63,87,47,2,3,0,0,75,62,658,697,1.06
rio_38.tif,val,0,0,3,13,37,65,1,3,21,23,0,0,0,0,9,22,71,126,1.77
chincha_6.tif,val,0,0,136,74,109,57,1,15,162,145,0,5,14,5,71,104,493,405,0.82
daressalaam_93.tif,val,0,0,427,204,268,311,11,25,372,165,44,5,2,5,105,73,1229,788,0.64
ngaoundere_22.tif,val,28,0,72,325,50,124,1,23,291,185,0,0,8,53,50,72,500,782,1.56
chicago_49.tif,val,0,0,66,89,85,89,5,35,14,22,1,2,0,1,17,45,188,283,1.51
santiago_15.tif,val,0,0,223,323,216,287,13,48,175,131,19,2,0,5,62,113,708,909,1.28
duesseldorf_39.tif,val,0,0,47,61,55,99,5,53,28,29,1,4,0,1,9,46,145,293,2.02
aachen_18.tif,val,0,0,231,233,164,278,5,45,307,132,0,1,2,1,113,114,822,804,0.98
accra_42.tif,val,0,0,632,273,637,502,32,57,538,299,6,0,0,0,187,154,2032,1285,0.63
zachodniopomorskie_3.tif,val,0,0,43,82,8,19,1,15,16,8,9,12,0,4,1,3,78,143,1.83
slaskie_21.tif,val,0,0,44,24,21,32,4,13,346,58,0,0,0,7,8,8,423,142,0.34
viru_45.tif,val,0,0,55,81,92,41,5,23,183,148,9,2,2,10,78,90,424,395,0.93
ngaoundere_14.tif,val,0,0,219,127,22,50,4,38,137,59,36,24,18,55,10,32,446,385,0.86
bielefeld_22.tif,val,0,0,199,138,157,295,2,75,114,85,4,0,12,9,152,134,640,736,1.15
accra_62.tif,val,0,0,12,10,309,146,6,41,107,71,0,0,0,0,256,127,690,395,0.57
svaneti_22.tif,val,18,28,112,218,38,201,9,29,193,100,3,49,0,3,37,61,410,689,1.68
daressalaam_63.tif,val,0,0,124,34,492,745,33,50,416,477,0,0,3,2,645,105,1713,1413,0.82
lima_32.tif,val,2,4,72,97,41,63,4,24,103,65,3,14,0,0,28,55,253,322,1.27
lohur_21.tif,val,0,0,494,363,206,219,3,26,328,161,0,0,93,57,129,114,1253,940,0.75
daressalaam_97.tif,val,0,1,272,229,212,312,17,33,251,165,9,3,0,1,75,91,836,835,1.00
tyrolw_2.tif,val,0,0,107,199,153,143,6,34,125,115,1,1,9,14,73,91,474,597,1.26
ngaoundere_12.tif,val,0,0,284,275,397,280,1,58,339,180,52,5,52,50,131,114,1256,962,0.77
pisco_42.tif,val,0,2,142,65,101,35,5,22,114,83,0,7,0,0,59,77,421,291,0.69
coxsbazar_12.tif,val,0,0,35,42,27,74,0,24,254,127,12,1,2,8,29,28,359,304,0.85
duesseldorf_68.tif,val,0,0,32,76,64,79,6,55,28,29,3,2,0,0,14,74,147,315,2.14
pointenoire_5.tif,val,0,0,68,58,209,180,7,24,233,214,2,5,3,6,209,114,731,601,0.82
coxsbazar_33.tif,val,0,0,53,42,9,15,1,32,716,184,38,2,0,4,2,2,819,281,0.34
monrovia_56.tif,val,0,0,230,372,193,378,8,34,219,113,39,12,7,7,145,137,841,1053,1.25
dhaka_57.tif,val,0,5,91,344,75,237,5,23,70,174,9,41,0,0,56,59,306,883,2.89
dhaka_33.tif,val,0,0,150,359,279,371,2,19,168,205,9,22,0,1,65,62,673,1039,1.54
chincha_31.tif,val,0,1,54,40,29,29,0,24,48,34,0,3,7,5,14,46,152,182,1.20
maputo_1.tif,val,0,0,31,92,228,239,2,30,204,231,12,8,0,1,175,110,652,711,1.09
rio_4.tif,val,1,0,20,103,75,65,3,8,67,51,3,0,0,0,38,53,207,280,1.35
bielefeld_61.tif,val,0,0,290,226,226,318,1,29,258,144,7,0,4,6,175,147,961,870,0.91
chiangmai_2.tif,val,0,4,245,309,100,237,1,7,107,61,2,6,1,4,9,12,465,640,1.38
daressalaam_98.tif,val,0,0,695,211,218,372,14,37,298,205,11,6,0,3,117,120,1353,954,0.71
chiclayo_17.tif,val,6,27,101,56,48,49,5,18,145,103,0,7,5,1,23,27,333,288,0.86
tokyo_23.tif,val,0,0,71,212,321,126,10,95,193,127,1,4,0,0,104,116,700,680,0.97
bielefeld_52.tif,val,0,0,163,184,302,316,2,52,284,144,2,0,0,1,186,155,939,852,0.91
paris_29.tif,val,0,1,61,54,25,71,4,14,37,21,0,4,0,3,35,30,162,198,1.22
dortmund_15.tif,val,0,0,201,200,93,247,19,47,180,113,10,0,6,1,112,107,621,715,1.15
maputo_13.tif,val,0,0,95,117,193,433,3,44,234,307,3,2,0,0,393,126,921,1029,1.12
shanghai_5.tif,val,0,0,0,0,1,19,0,4,0,0,0,0,0,20,1,28,2,71,35.50
paris_43.tif,val,0,0,30,77,77,79,2,12,42,24,1,0,0,0,41,54,193,246,1.27
aachen_29.tif,val,0,0,90,52,11,26,0,18,30,13,0,0,3,4,8,12,142,125,0.88
zanzibar_36.tif,val,0,0,31,160,0,103,1,19,278,131,0,2,17,38,3,14,330,467,1.42
niamey_11.tif,val,0,0,179,115,196,136,11,51,196,167,8,1,0,4,224,163,814,637,0.78
shanghai_19.tif,val,0,0,24,27,40,31,3,27,63,6,2,1,1,14,10,16,143,122,0.85
monrovia_8.tif,val,0,4,142,193,23,195,0,9,96,119,50,53,0,1,55,57,366,631,1.72
dortmund_25.tif,val,0,0,112,134,69,180,1,24,169,94,6,3,5,10,84,83,446,528,1.18
piura_41.tif,val,0,0,0,6,25,21,1,21,141,105,0,4,0,0,51,59,218,216,0.99
malopolskie_14.tif,val,0,0,1,26,0,6,0,3,28,1,2,2,1,16,1,1,33,55,1.67
slaskie_31.tif,val,0,0,108,49,38,28,7,19,184,76,9,12,0,16,3,2,349,202,0.58
viru_22.tif,val,0,0,92,181,147,74,4,27,268,192,0,2,19,35,71,75,601,586,0.98
chincha_4.tif,val,0,0,143,76,129,89,3,42,121,88,16,4,9,4,92,107,513,410,0.80
dhaka_66.tif,val,0,11,156,133,114,120,2,23,88,142,11,30,0,0,35,29,406,488,1.20
kagera_34.tif,val,0,0,158,233,46,355,1,13,173,178,0,4,16,17,52,69,446,869,1.95
daressalaam_46.tif,val,0,0,11,221,571,767,10,66,274,293,2,0,0,0,891,20,1759,1367,0.78
tokyo_3.tif,val,0,0,158,245,445,164,8,114,300,81,1,0,33,22,462,185,1407,811,0.58
tyrolw_1.tif,val,0,1,14,63,0,3,2,4,8,22,0,69,0,0,0,0,24,162,6.75
tokyo_34.tif,val,0,0,205,336,406,237,6,92,253,150,5,3,20,26,290,153,1185,997,0.84
ica_22.tif,val,0,14,97,148,56,64,3,10,109,79,0,48,2,6,43,50,310,419,1.35
zanzibar_116.tif,val,17,0,138,302,17,231,11,38,1088,302,3,1,0,1,242,185,1516,1060,0.70
ulaanbaatar_19.tif,val,0,0,213,29,288,40,2,36,7,108,1,0,0,0,313,324,824,537,0.65
lohur_22.tif,val,0,0,516,433,227,385,6,49,186,165,4,0,59,46,115,153,1113,1231,1.11
coxsbazar_43.tif,val,0,0,126,155,33,78,0,40,42,63,8,11,44,33,25,26,278,406,1.46
mahe_62.tif,val,0,0,386,245,120,480,30,55,292,150,13,16,0,4,90,105,931,1055,1.13
baybay_18.tif,val,8,4,89,137,0,36,0,5,157,46,2,20,6,29,2,3,264,280,1.06
bielefeld_40.tif,val,0,0,106,111,234,163,12,39,86,69,0,1,0,1,57,65,495,449,0.91
mazowieckie_25.tif,val,0,0,34,62,17,37,5,12,216,37,0,0,1,3,6,6,279,157,0.56
muenster_31.tif,val,0,0,37,71,14,13,11,18,81,26,1,0,9,17,11,5,164,150,0.91
zanzibar_123.tif,val,0,0,6,55,4,71,0,0,47,93,0,7,0,0,47,16,104,242,2.33
aachen_32.tif,val,0,0,229,68,212,169,13,45,258,69,0,0,0,0,39,55,751,406,0.54
baybay_14.tif,val,0,0,168,158,20,98,10,46,106,67,15,58,13,40,11,26,343,493,1.44
rosario_1.tif,val,0,2,383,301,239,191,4,16,243,253,3,9,0,5,115,202,987,979,0.99
tonga_42.tif,val,0,0,716,347,342,519,10,17,523,311,0,10,0,0,126,145,1717,1349,0.79
kyoto_48.tif,val,0,0,128,51,246,82,2,37,276,114,0,0,3,1,199,192,854,477,0.56
dortmund_16.tif,val,0,0,287,289,195,257,19,75,224,81,11,0,2,8,84,83,822,793,0.96
ngaoundere_43.tif,val,50,67,60,245,25,245,2,13,161,252,0,1,11,14,11,35,320,872,2.73
viru_3.tif,val,2,0,45,103,39,48,2,30,127,98,0,7,17,15,83,58,315,359,1.14
chicago_50.tif,val,0,0,47,50,48,44,2,6,34,26,0,0,0,7,55,64,186,197,1.06
khartoum_48.tif,val,0,0,3,86,23,89,2,13,44,69,0,3,0,30,28,37,100,327,3.27
vienna_26.tif,val,0,0,135,156,115,290,6,36,73,68,1,0,0,2,18,41,348,593,1.70
daressalaam_28.tif,val,1,1,144,128,345,597,18,71,235,393,7,1,3,0,325,174,1078,1365,1.27
dortmund_56.tif,val,0,0,490,414,312,479,8,50,538,245,7,0,0,1,282,230,1637,1419,0.87
podlaskie_8.tif,val,0,0,5,29,1,28,1,3,4,5,0,3,6,16,3,3,20,87,4.35
paris_48.tif,val,0,0,9,33,51,51,4,15,22,12,0,1,0,3,15,15,101,130,1.29
zanzibar_52.tif,val,0,0,175,262,48,142,18,17,125,65,0,5,7,4,17,36,390,531,1.36
daressalaam_89.tif,val,0,0,77,137,59,126,1,13,74,126,5,16,1,17,25,63,242,498,2.06
wielkopolskie_20.tif,val,0,0,64,47,13,69,4,23,11,19,0,0,1,4,19,24,112,186,1.66
mahe_13.tif,val,0,0,163,224,146,166,4,23,238,151,15,5,0,0,42,65,608,634,1.04
mazowieckie_30.tif,val,0,0,24,56,26,101,2,13,69,40,3,2,6,36,8,8,138,256,1.86
melbourne_50.tif,val,0,1,77,88,87,125,4,36,98,87,3,19,1,2,28,37,298,395,1.33
paris_1.tif,val,0,0,11,49,32,68,5,18,39,33,1,2,0,2,13,27,101,199,1.97
zanzibar_140.tif,val,19,20,185,272,93,177,10,18,778,329,3,10,0,1,143,106,1231,933,0.76
baybay_44.tif,val,0,0,45,13,2,4,0,1,11,5,1,0,3,1,3,1,65,25,0.38
muenster_26.tif,val,0,0,641,573,699,760,16,54,674,361,13,0,0,0,282,256,2325,2004,0.86
accra_23.tif,val,0,0,277,130,223,212,5,34,463,339,0,0,0,0,209,253,1177,968,0.82
monrovia_23.tif,val,0,0,269,278,145,282,24,32,237,169,1,7,37,13,117,110,830,891,1.07
zanzibar_21.tif,val,0,0,87,175,18,96,0,9,468,211,2,0,13,27,26,21,614,539,0.88
daressalaam_52.tif,val,0,0,115,332,588,581,19,38,325,188,6,0,0,0,314,15,1367,1154,0.84
mazowieckie_7.tif,val,0,0,18,63,7,55,3,11,31,39,0,0,12,10,11,10,82,188,2.29
tokyo_54.tif,val,10,1,92,196,112,243,5,68,272,132,7,10,14,14,123,122,635,786,1.24
chicago_17.tif,val,0,0,19,38,7,36,1,15,63,13,0,1,0,0,4,16,94,119,1.27
kinshasa_3.tif,val,0,0,177,143,189,158,8,26,162,155,67,9,0,9,101,92,704,592,0.84
daressalaam_127.tif,val,0,1,240,79,130,195,4,55,317,225,20,0,0,0,105,112,816,667,0.82
svaneti_7.tif,val,0,0,219,248,53,165,6,32,299,110,1,39,1,4,41,46,620,644,1.04
paris_65.tif,val,0,0,48,85,102,79,7,17,117,31,0,0,0,8,62,58,336,278,0.83
austin_49.tif,val,0,0,140,237,462,386,31,64,124,78,1,0,0,0,120,108,878,873,0.99
monrovia_24.tif,val,0,2,67,110,24,160,1,11,96,65,391,39,1,2,25,30,605,419,0.69
austin_50.tif,val,0,0,90,56,66,120,9,58,65,61,1,0,0,0,92,77,323,372,1.15
christchurch_2.tif,val,0,0,272,223,80,234,3,12,291,178,3,11,0,0,98,105,747,763,1.02
svaneti_43.tif,val,0,0,12,13,4,59,6,12,83,66,0,1,10,14,6,6,121,171,1.41
baybay_41.tif,val,0,5,279,217,93,184,2,15,162,92,1,6,25,4,44,48,606,571,0.94
lohur_3.tif,val,0,0,53,37,6,17,1,13,22,15,0,2,10,14,2,3,94,101,1.07
austin_12.tif,val,0,0,5,4,51,49,2,36,25,20,0,0,0,0,17,46,100,155,1.55
warminsko-mazurskie_9.tif,val,0,0,13,8,11,15,1,0,49,11,3,17,9,0,16,3,102,54,0.53
mahe_41.tif,val,26,9,192,146,31,185,4,25,142,105,24,10,0,3,11,22,430,505,1.17
svaneti_46.tif,val,0,0,82,86,10,28,8,15,34,24,0,11,0,8,0,0,134,172,1.28
tyrolw_18.tif,val,0,0,19,50,0,3,2,4,20,18,0,48,0,15,3,3,44,141,3.20
wielkopolskie_32.tif,val,0,0,85,82,32,180,6,21,134,95,0,0,3,19,53,57,313,454,1.45
lambayeque_45.tif,val,0,7,115,26,201,161,2,6,119,105,0,16,0,0,44,48,481,369,0.77
melbourne_53.tif,val,0,1,303,154,120,112,7,42,148,163,2,9,0,0,28,42,608,523,0.86
zanzibar_97.tif,val,3,4,38,127,22,85,9,7,87,49,8,35,0,1,40,31,207,339,1.64
austin_17.tif,val,0,0,109,71,83,103,11,48,120,102,4,0,0,0,52,74,379,398,1.05
dortmund_55.tif,val,0,0,415,454,403,424,17,79,582,261,0,0,0,3,218,196,1635,1417,0.87
western_23.tif,val,35,24,76,212,35,108,1,13,318,148,5,12,0,8,14,20,484,545,1.13
vegas_39.tif,val,1,0,3,21,8,11,2,5,14,12,0,1,0,0,1,2,29,52,1.79
malopolskie_10.tif,val,0,0,41,153,30,163,4,22,279,75,1,7,8,15,49,102,412,537,1.30
rio_20.tif,val,3,0,11,17,39,33,2,9,29,17,1,1,0,0,16,10,101,87,0.86
melbourne_37.tif,val,0,0,303,167,231,236,12,26,310,220,0,0,0,0,63,76,919,725,0.79
austin_19.tif,val,0,1,63,62,113,105,87,11,39,27,2,5,0,2,12,11,316,224,0.71
coxsbazar_56.tif,val,0,3,201,428,372,569,4,63,198,268,10,32,3,2,318,138,1106,1503,1.36
dolnoslaskie_7.tif,val,0,0,25,73,2,0,0,2,10,21,0,0,0,2,2,2,39,100,2.56
christchurch_30.tif,val,0,0,497,530,724,622,2,21,573,340,2,0,0,0,105,111,1903,1624,0.85
chincha_30.tif,val,0,0,269,63,274,42,3,14,251,102,0,0,1,1,122,128,920,350,0.38
lima_24.tif,val,1,0,0,60,11,11,1,22,110,3,0,0,0,2,68,33,191,131,0.69
pointenoire_8.tif,val,0,0,97,57,121,173,3,27,178,214,15,0,0,2,236,126,650,599,0.92
paris_24.tif,val,0,0,24,43,60,70,1,9,58,25,1,1,0,8,19,23,163,179,1.10
zanzibar_16.tif,val,0,0,79,127,0,24,3,12,70,39,0,0,0,0,12,11,164,213,1.30
santiago_50.tif,val,0,0,83,207,77,125,4,28,179,51,9,4,0,0,22,58,374,473,1.26
pomorskie_9.tif,val,0,0,54,60,5,37,2,17,36,18,7,5,12,11,9,12,125,160,1.28
piura_21.tif,val,0,0,49,7,228,168,4,35,163,125,0,0,0,1,58,82,502,418,0.83
viru_46.tif,val,7,21,183,152,55,47,1,27,133,165,31,17,4,17,109,66,523,512,0.98
dhaka_7.tif,val,3,6,178,281,185,317,1,16,319,200,6,45,0,0,84,71,776,936,1.21
kyoto_38.tif,val,0,0,94,239,85,193,6,49,124,102,4,0,61,43,162,87,536,713,1.33
santiago_57.tif,val,0,0,279,169,151,127,32,75,174,55,0,0,0,6,20,59,656,491,0.75
santiago_51.tif,val,0,0,320,257,348,231,20,40,304,193,0,2,0,3,67,102,1059,828,0.78
ulaanbaatar_34.tif,val,29,0,179,173,68,97,3,49,51,103,2,10,0,13,187,152,519,597,1.15
dhaka_1.tif,val,0,0,225,444,249,515,9,16,579,289,5,19,0,0,135,82,1202,1365,1.14
khartoum_33.tif,val,1,0,7,28,20,50,1,4,44,35,0,3,0,0,43,26,116,146,1.26
aachen_14.tif,val,0,0,218,271,219,266,1,40,169,215,4,1,3,5,186,148,800,946,1.18
kagera_69.tif,val,0,0,179,329,162,412,2,29,157,157,2,2,0,16,124,101,626,1046,1.67
chisinau_18.tif,val,0,0,179,100,187,149,14,36,126,142,0,0,2,0,39,75,547,502,0.92
vienna_51.tif,val,0,0,110,148,212,275,9,55,111,79,0,0,0,2,41,56,483,615,1.27
tonga_34.tif,val,2,0,119,313,100,576,5,20,339,298,4,10,0,7,79,104,648,1328,2.05
khartoum_68.tif,val,0,0,2,10,21,39,1,37,2,47,0,1,0,0,42,52,68,186,2.74
swietokrzyskie_15.tif,val,0,0,52,49,27,56,1,6,50,23,0,0,16,13,15,14,161,161,1.00
coxsbazar_44.tif,val,1,0,174,184,79,150,25,26,82,30,2,15,17,17,55,52,435,474,1.09
lima_10.tif,val,5,0,178,127,85,100,2,27,121,81,4,1,10,42,75,55,480,433,0.90
vienna_33.tif,val,0,0,46,105,96,130,8,72,63,28,1,1,0,23,15,98,229,457,2.00
kitsap_19.tif,val,4,0,56,126,37,82,2,53,113,25,1,5,0,2,39,35,252,328,1.30
chisinau_24.tif,val,0,0,104,9,138,113,8,25,103,95,0,0,0,0,32,43,385,285,0.74
daressalaam_19.tif,val,0,0,46,237,474,375,5,53,319,319,3,9,27,21,347,70,1221,1084,0.89
svaneti_37.tif,val,0,0,118,75,68,145,8,17,203,78,4,12,18,24,37,35,456,386,0.85
rosario_6.tif,val,0,2,368,265,278,201,3,34,280,233,36,9,0,3,236,246,1201,993,0.83
tyrolw_41.tif,val,0,0,20,52,23,30,2,7,25,13,0,17,5,14,13,8,88,141,1.60
bielefeld_24.tif,val,3,0,427,485,265,378,11,74,1027,334,0,0,0,0,216,197,1949,1468,0.75
aachen_52.tif,val,0,0,244,120,141,161,2,92,236,59,0,0,2,5,76,77,701,514,0.73
slaskie_39.tif,val,0,0,81,52,47,170,11,17,345,125,4,1,5,9,36,38,529,412,0.78
mahe_8.tif,val,0,0,138,82,68,81,1,19,95,74,5,18,0,2,46,79,353,355,1.01
ngaoundere_64.tif,val,32,0,71,250,49,279,6,67,327,282,0,1,22,37,33,73,540,989,1.83
accra_6.tif,val,0,0,23,45,348,446,7,75,275,320,0,0,0,0,311,115,964,1001,1.04
bielefeld_35.tif,val,0,0,298,390,367,266,10,65,358,167,7,1,0,6,141,130,1181,1025,0.87
malopolskie_36.tif,val,0,0,29,40,9,52,6,13,61,24,7,21,5,13,11,57,128,220,1.72
svaneti_55.tif,val,0,0,80,53,16,120,2,24,246,179,0,1,10,13,32,32,386,422,1.09
vegas_32.tif,val,1,0,0,18,9,4,1,7,13,8,0,0,0,0,10,11,34,48,1.41
shanghai_20.tif,val,0,0,9,19,14,22,2,8,117,5,4,4,2,16,18,43,166,117,0.70
kujawsko-pomorskie_19.tif,val,0,0,16,87,0,10,8,1,3,28,1,11,5,17,2,2,35,156,4.46
baybay_22.tif,val,0,0,174,250,48,102,1,6,238,40,0,1,17,23,32,29,510,451,0.88
tyrolw_3.tif,val,0,0,40,85,14,42,1,3,219,35,1,2,0,14,18,21,293,202,0.69
swietokrzyskie_7.tif,val,0,0,20,45,0,0,2,4,16,12,0,0,6,9,1,0,45,70,1.56
zanzibar_32.tif,val,0,0,64,88,15,26,3,41,181,205,0,0,1,22,11,11,275,393,1.43
kyoto_61.tif,val,0,0,88,205,557,249,40,100,276,295,1,0,1,0,643,291,1606,1140,0.71
vienna_38.tif,val,0,0,9,42,75,138,30,104,7,13,0,0,0,77,8,65,129,439,3.40
christchurch_11.tif,val,0,0,217,186,48,196,12,41,138,95,0,0,0,0,42,39,457,557,1.22
zanzibar_115.tif,val,1,0,99,204,75,110,4,26,307,270,1,6,0,0,368,193,855,809,0.95
chiclayo_35.tif,val,0,7,0,13,9,44,4,0,439,38,0,0,0,0,30,21,482,123,0.26
kyoto_20.tif,val,0,0,53,107,89,70,2,77,102,122,2,0,12,9,362,169,622,554,0.89
mahe_59.tif,val,0,0,220,100,28,85,3,13,26,29,11,9,0,0,11,13,299,249,0.83
vienna_14.tif,val,0,0,75,104,121,272,7,27,94,84,1,0,0,0,41,33,339,520,1.53
christchurch_35.tif,val,0,0,571,495,470,499,24,33,458,225,30,0,0,0,207,204,1760,1456,0.83
daressalaam_58.tif,val,0,0,60,78,697,754,32,86,605,490,0,0,0,0,572,74,1966,1482,0.75
bielefeld_66.tif,val,0,0,77,150,19,151,3,20,22,30,1,0,0,2,25,32,147,385,2.62
svaneti_69.tif,val,0,0,15,20,9,38,2,2,311,65,0,16,3,9,0,0,340,150,0.44
sechura_42.tif,val,0,0,11,45,20,21,1,8,245,102,0,0,0,1,51,62,328,239,0.73
duesseldorf_54.tif,val,0,0,576,147,260,230,17,43,248,162,1,0,0,0,65,71,1167,653,0.56
pomorskie_39.tif,val,0,0,6,50,3,13,2,12,2,32,1,1,5,8,3,1,22,117,5.32
khartoum_9.tif,val,0,0,0,19,41,172,2,14,84,122,0,0,0,0,54,40,181,367,2.03
austin_24.tif,val,0,0,110,101,71,110,1,34,87,62,0,0,0,0,29,39,298,346,1.16
bielefeld_38.tif,val,0,0,143,187,178,150,9,100,97,124,0,0,0,0,80,73,507,634,1.25
ngaoundere_47.tif,val,0,0,62,202,210,134,3,47,264,100,0,0,8,36,112,108,659,627,0.95
niamey_10.tif,val,0,9,308,206,160,162,12,38,242,163,4,7,6,6,156,96,888,687,0.77
paris_6.tif,test,0,0,12,38,23,38,2,23,13,12,0,0,0,9,23,18,73,138,1.89
accra_68.tif,test,0,0,303,10,285,210,13,27,317,143,43,0,0,0,219,170,1180,560,0.47
pomorskie_40.tif,test,0,0,84,89,56,158,4,18,195,47,9,2,5,25,73,90,426,429,1.01
swietokrzyskie_11.tif,test,0,0,30,18,1,16,2,28,11,15,1,0,2,9,15,12,62,98,1.58
lambayeque_12.tif,test,0,0,399,310,465,136,1,21,778,186,0,1,0,15,69,110,1712,779,0.46
kitsap_3.tif,test,1,0,35,106,60,82,5,27,42,42,3,12,0,0,23,26,169,295,1.75
koeln_28.tif,test,0,0,537,672,401,665,7,62,443,337,4,0,0,0,233,244,1625,1980,1.22
ica_37.tif,test,26,0,86,58,156,177,3,42,94,63,7,0,0,0,68,72,440,412,0.94
koeln_43.tif,test,0,0,310,117,41,95,5,18,69,33,1,7,0,0,11,8,437,278,0.64
paris_13.tif,test,0,1,34,137,35,104,1,13,65,52,0,2,0,10,55,77,190,396,2.08
bielefeld_33.tif,test,0,0,509,348,537,457,7,33,554,236,4,0,0,1,208,220,1819,1295,0.71
bielefeld_27.tif,test,0,0,297,155,217,166,20,49,84,53,3,2,6,9,71,81,698,515,0.74
christchurch_32.tif,test,0,0,792,546,209,498,16,25,334,273,12,0,0,0,203,178,1566,1520,0.97
kitsap_20.tif,test,0,0,26,130,44,81,1,38,51,40,2,2,0,0,27,17,151,308,2.04
shanghai_2.tif,test,0,1,18,36,9,15,3,13,13,16,2,19,0,10,10,7,55,117,2.13
vienna_2.tif,test,0,0,13,50,144,181,2,51,47,40,0,1,0,0,15,46,221,369,1.67
santiago_54.tif,test,0,0,17,79,61,108,3,32,194,37,0,0,0,1,19,52,294,309,1.05
daressalaam_40.tif,test,0,0,185,259,344,536,22,90,270,229,0,1,8,6,255,132,1084,1253,1.16
lambayeque_31.tif,test,0,0,77,151,58,91,2,40,121,109,0,0,7,14,86,58,351,463,1.32
melbourne_29.tif,test,0,0,126,93,122,73,4,23,63,99,0,2,0,2,22,38,337,330,0.98
melbourne_13.tif,test,0,0,189,187,108,344,2,56,157,194,0,5,0,0,28,41,484,827,1.71
tokyo_38.tif,test,0,0,111,338,667,210,17,138,266,139,4,0,1,1,268,206,1334,1032,0.77
tyrolw_7.tif,test,13,1,92,110,134,142,2,37,64,53,3,5,1,4,15,27,324,379,1.17
zanzibar_28.tif,test,0,0,97,222,8,80,12,9,146,119,0,1,39,23,10,14,312,468,1.50
chicago_8.tif,test,0,0,292,205,138,119,4,35,196,144,0,0,0,0,287,172,917,675,0.74
viru_39.tif,test,6,27,78,167,23,59,2,6,188,127,0,24,12,30,6,14,315,454,1.44
coxsbazar_46.tif,test,18,0,110,192,21,128,9,42,112,84,4,10,13,13,18,21,305,490,1.61
lima_22.tif,test,0,0,8,8,8,14,2,19,71,7,0,0,0,38,27,29,116,115,0.99
paris_46.tif,test,0,0,28,49,67,86,2,19,28,25,7,0,0,4,36,33,168,216,1.29
dhaka_48.tif,test,0,3,40,74,44,122,10,2,53,101,8,11,1,5,23,49,179,367,2.05
daressalaam_24.tif,test,0,2,173,132,505,522,3,43,347,377,5,9,6,6,717,57,1756,1148,0.65
lohur_9.tif,test,0,0,226,405,125,329,1,35,231,215,1,1,78,61,91,100,753,1146,1.52
vienna_58.tif,test,0,0,161,325,313,412,9,64,229,138,10,1,0,5,75,83,797,1028,1.29
viru_6.tif,test,0,1,208,245,288,152,5,38,241,210,0,0,5,57,55,87,802,790,0.99
svaneti_63.tif,test,0,0,59,136,26,177,2,4,184,80,0,1,4,8,61,56,336,462,1.38
abancay_45.tif,test,0,0,49,147,112,240,5,23,131,150,0,3,5,19,84,88,386,670,1.74
tonga_4.tif,test,0,0,396,179,215,302,4,6,138,271,0,0,0,0,112,125,865,883,1.02
austin_48.tif,test,0,0,140,166,285,279,14,59,70,78,1,0,0,1,83,64,593,647,1.09
daressalaam_104.tif,test,0,0,61,140,180,326,3,45,210,238,0,2,1,1,118,79,573,831,1.45
austin_20.tif,test,0,0,15,6,71,60,1,20,37,27,0,0,0,0,20,49,144,162,1.12
zanzibar_120.tif,test,0,10,160,97,68,124,2,13,1794,183,0,0,0,2,236,93,2260,522,0.23
podkarpackie_13.tif,test,0,0,19,22,14,70,2,10,42,22,0,5,8,11,14,14,99,154,1.56
baybay_11.tif,test,7,12,146,163,5,71,1,11,77,37,1,28,6,19,15,18,258,359,1.39
aachen_27.tif,test,0,0,267,212,263,257,3,53,363,143,2,0,8,8,179,111,1085,784,0.72
coxsbazar_65.tif,test,0,1,59,108,15,32,0,8,16,31,8,3,10,9,29,10,137,202,1.47
melbourne_62.tif,test,0,0,81,89,7,132,4,46,78,92,0,5,0,1,14,44,184,409,2.22
daressalaam_108.tif,test,0,6,202,103,205,189,30,24,229,170,0,13,10,3,103,87,779,595,0.76
maputo_11.tif,test,0,0,43,92,263,252,4,28,139,147,1,11,0,6,176,95,626,631,1.01
melbourne_61.tif,test,0,0,75,92,28,95,5,44,90,123,0,15,0,5,9,44,207,418,2.02
abancay_11.tif,test,0,0,70,150,57,121,1,14,135,160,0,0,4,13,48,49,315,507,1.61
duesseldorf_51.tif,test,0,0,220,117,40,169,9,12,235,63,3,1,13,35,27,24,547,421,0.77
zanzibar_122.tif,test,2,9,29,74,66,88,11,14,356,138,1,5,0,0,241,79,706,407,0.58
coxsbazar_76.tif,test,0,1,31,83,0,17,0,7,4,7,4,7,11,6,0,0,50,128,2.56
daressalaam_56.tif,test,0,0,182,40,649,666,17,90,350,379,0,0,0,0,468,31,1666,1206,0.72
chicago_2.tif,test,2,0,69,125,61,133,10,34,54,84,0,0,0,0,46,36,242,412,1.70
kyoto_27.tif,test,0,0,66,251,115,229,5,62,211,84,3,0,137,65,161,107,698,798,1.14
lubuskie_21.tif,test,0,0,42,41,28,41,1,5,71,32,5,8,0,2,8,10,155,139,0.90
tonga_22.tif,test,0,3,68,184,104,192,1,14,384,193,46,68,1,3,39,44,643,701,1.09
koeln_8.tif,test,0,0,268,298,55,295,5,54,264,148,0,0,15,18,82,78,689,891,1.29
kagera_44.tif,test,0,1,139,231,43,166,5,21,326,142,0,12,9,19,51,51,573,643,1.12
ngaoundere_56.tif,test,0,1,177,153,1,19,1,14,270,74,13,68,33,51,0,4,495,384,0.78
paris_51.tif,test,0,0,34,81,16,92,3,14,58,25,0,0,0,4,25,36,136,252,1.85
khartoum_61.tif,test,0,0,0,3,49,46,2,49,4,38,0,0,0,0,55,63,110,199,1.81
dortmund_50.tif,test,0,0,329,232,228,213,18,77,283,108,7,11,4,5,119,118,988,764,0.77
podkarpackie_9.tif,test,0,0,21,51,1,30,1,9,102,35,1,1,6,15,4,5,136,146,1.07
christchurch_66.tif,test,0,25,33,81,1,89,2,9,42,44,4,59,0,1,1,1,83,309,3.72
pisco_49.tif,test,0,0,263,160,337,211,1,8,67,150,0,5,0,0,37,36,705,570,0.81
zanzibar_146.tif,test,0,72,309,177,68,213,2,6,750,267,0,20,0,0,171,70,1300,825,0.63
rotterdam_13.tif,test,0,0,38,62,107,155,38,53,154,87,5,5,0,11,42,51,384,424,1.10
mahe_67.tif,test,0,0,88,170,51,81,2,26,69,56,3,11,0,18,14,34,227,396,1.74
tyrolw_49.tif,test,0,0,114,138,223,147,3,50,166,107,0,2,2,2,80,117,588,563,0.96
coxsbazar_36.tif,test,0,0,203,188,33,78,5,58,141,101,10,9,26,31,19,20,437,485,1.11
vegas_7.tif,test,0,0,22,63,48,67,4,20,100,46,5,3,0,0,40,22,219,221,1.01
koeln_27.tif,test,0,0,12,24,6,96,1,38,0,35,0,0,0,1,0,5,19,199,10.47
monrovia_60.tif,test,0,6,255,145,135,233,6,51,141,150,0,13,0,0,130,125,667,723,1.08
swietokrzyskie_37.tif,test,0,0,14,21,2,4,0,1,16,15,0,0,6,10,1,3,39,54,1.38
mahe_30.tif,test,2,13,205,106,96,131,11,9,82,83,3,24,0,3,27,25,426,394,0.92
daressalaam_99.tif,test,0,0,172,216,121,201,4,16,217,138,3,1,5,1,32,26,554,599,1.08
duesseldorf_28.tif,test,0,0,418,284,140,303,12,57,348,188,2,0,0,1,127,100,1047,933,0.89
vegas_10.tif,test,0,0,29,16,53,99,1,11,173,49,4,0,0,0,68,25,328,200,0.61
daressalaam_75.tif,test,0,9,132,62,34,78,1,6,271,136,0,0,0,0,23,11,461,302,0.66
daressalaam_65.tif,test,2,0,14,31,1321,648,32,95,312,378,5,0,0,0,810,17,2496,1169,0.47
chiclayo_30.tif,test,0,0,195,165,10,46,3,31,39,71,28,28,7,42,6,6,288,389,1.35
vienna_25.tif,test,0,0,24,169,142,266,6,49,135,94,0,0,0,5,25,39,332,622,1.87
chisinau_4.tif,test,0,0,34,43,73,93,16,71,89,89,0,0,0,0,17,50,229,346,1.51
zanzibar_30.tif,test,0,0,199,174,26,111,6,13,387,144,0,1,9,18,23,18,650,479,0.74
lima_12.tif,test,7,1,0,39,2,13,1,4,0,0,0,0,0,2,4,4,14,63,4.50
chiangmai_3.tif,test,0,5,157,301,76,355,11,21,289,199,9,6,0,4,41,40,583,931,1.60
lambayeque_6.tif,test,0,0,50,8,244,278,1,3,205,149,0,0,0,0,45,56,545,494,0.91
muenster_15.tif,test,0,0,421,477,263,567,27,91,383,191,2,0,9,7,86,91,1191,1424,1.20
pomorskie_33.tif,test,0,0,45,95,42,90,3,14,109,49,5,2,8,35,49,46,261,331,1.27
coxsbazar_73.tif,test,15,0,53,64,4,6,0,17,14,15,1,6,4,6,0,1,91,115,1.26
accra_20.tif,test,0,0,73,143,101,328,3,34,217,220,0,0,0,0,173,182,567,907,1.60
vienna_41.tif,test,0,0,93,83,73,38,12,86,233,52,0,0,0,14,26,34,437,307,0.70
ngaoundere_52.tif,test,0,0,105,192,106,140,4,44,138,151,0,1,3,57,151,151,507,736,1.45
aachen_12.tif,test,0,0,797,241,117,309,13,44,266,162,1,0,1,6,124,120,1319,882,0.67
dowa_20.tif,test,0,0,48,68,60,60,4,15,364,70,6,8,13,36,31,36,526,293,0.56
rio_59.tif,test,0,0,50,21,24,51,4,14,29,33,0,0,0,0,14,36,121,155,1.28
wielkopolskie_4.tif,test,0,0,3,18,0,18,1,5,5,7,0,1,2,8,0,0,11,57,5.18
zanzibar_69.tif,test,0,0,83,165,14,145,1,23,600,213,0,3,6,13,21,30,725,592,0.82
monrovia_31.tif,test,0,0,317,372,152,375,2,37,236,195,0,3,2,8,137,145,846,1135,1.34
coxsbazar_38.tif,test,36,0,116,134,32,32,0,35,753,36,7,17,8,11,10,9,962,274,0.28
ica_46.tif,test,4,0,50,102,200,47,4,26,227,136,6,3,1,8,101,119,593,441,0.74
warminsko-mazurskie_4.tif,test,0,0,27,91,0,12,15,9,35,11,0,0,0,3,3,1,80,127,1.59
mahe_28.tif,test,5,3,372,207,171,390,7,23,163,101,2,10,0,0,74,81,794,815,1.03
aachen_26.tif,test,0,0,42,29,186,139,3,41,109,33,0,0,0,0,50,60,390,302,0.77
tonga_46.tif,test,0,0,368,389,63,624,4,29,151,289,1,1,0,13,110,95,697,1440,2.07
dortmund_68.tif,test,0,0,392,382,355,300,20,58,392,208,17,4,0,0,145,170,1321,1122,0.85
swietokrzyskie_27.tif,test,0,0,15,36,9,41,1,15,29,21,0,0,4,22,6,6,64,141,2.20
melbourne_6.tif,test,0,0,299,240,254,323,16,16,377,275,1,5,0,2,54,51,1001,912,0.91
zanzibar_98.tif,test,7,4,191,117,282,263,17,55,340,311,4,11,0,0,432,183,1273,944,0.74
zanzibar_57.tif,test,0,0,51,229,7,79,3,19,199,104,0,4,40,23,11,16,311,474,1.52
mahe_48.tif,test,0,0,154,125,86,162,2,17,193,91,3,4,0,3,55,62,493,464,0.94
daressalaam_105.tif,test,0,0,20,8,239,254,8,42,157,151,0,0,0,0,118,41,542,496,0.92
abancay_19.tif,test,0,0,160,75,216,256,2,21,174,111,0,0,0,0,83,64,635,527,0.83
lohur_10.tif,test,0,0,379,260,81,384,2,12,183,147,0,0,61,42,82,100,788,945,1.20
tyrolw_8.tif,test,19,0,72,105,42,61,9,36,191,47,0,0,0,0,14,12,347,261,0.75
rotterdam_40.tif,test,0,0,50,68,174,179,40,56,114,95,6,2,0,10,44,70,428,480,1.12
santiago_10.tif,test,0,0,220,219,106,261,9,112,180,82,11,0,0,0,31,104,557,778,1.40
chicago_39.tif,test,0,0,126,6,31,77,3,30,107,7,0,0,0,1,9,44,276,165,0.60
svaneti_19.tif,test,0,0,41,25,8,42,1,13,203,74,0,15,13,20,4,2,270,191,0.71
dowa_14.tif,test,1,0,92,5,454,120,6,39,20,6,0,2,1,3,479,214,1053,389,0.37
dortmund_35.tif,test,0,0,193,173,94,186,6,25,114,61,2,3,5,5,6,11,420,464,1.10
coxsbazar_62.tif,test,0,0,234,519,314,585,8,66,144,295,12,5,7,2,344,179,1063,1651,1.55
bielefeld_26.tif,test,0,0,251,265,381,384,4,68,349,290,1,0,0,0,251,203,1237,1210,0.98
chisinau_8.tif,test,0,0,36,62,80,92,11,45,90,96,0,0,0,0,18,38,235,333,1.42
viru_14.tif,test,0,0,61,108,72,93,3,21,97,55,13,0,7,27,8,11,261,315,1.21
wielkopolskie_35.tif,test,0,0,65,62,7,38,7,14,23,42,0,0,11,4,9,11,122,171,1.40
dhaka_44.tif,test,0,21,178,224,167,175,12,32,137,144,12,63,0,15,30,46,536,720,1.34
koeln_9.tif,test,0,0,353,284,280,320,13,92,353,181,2,5,0,3,78,114,1079,999,0.93
pomorskie_29.tif,test,0,0,57,83,7,26,1,18,28,20,7,2,8,11,9,4,117,164,1.40
sechura_34.tif,test,0,16,54,26,113,50,7,18,174,70,0,7,0,0,28,37,376,224,0.60
svaneti_56.tif,test,33,0,20,17,3,61,2,18,254,128,5,0,6,20,2,2,325,246,0.76
mahe_26.tif,test,0,10,302,206,62,217,8,15,189,146,3,38,0,3,47,61,611,696,1.14
lima_47.tif,test,0,0,58,157,10,137,0,8,277,151,0,0,13,26,16,18,374,497,1.33
zanzibar_90.tif,test,5,3,142,79,59,168,1,23,662,73,4,6,0,0,65,36,938,388,0.41
mahe_39.tif,test,3,0,317,295,145,372,3,34,565,214,4,3,0,3,56,71,1093,992,0.91
dolnoslaskie_1.tif,test,6,0,41,43,4,58,10,10,34,10,0,0,0,0,2,1,97,122,1.26
tyrolw_14.tif,test,0,0,11,56,1,5,2,2,21,23,0,42,0,3,11,9,46,140,3.04
sechura_13.tif,test,0,13,95,36,44,20,1,12,69,38,0,8,0,0,70,36,279,163,0.58
viru_48.tif,test,0,0,210,105,66,33,2,25,131,158,7,4,4,9,106,77,526,411,0.78
koeln_30.tif,test,0,0,46,77,21,40,3,12,33,23,0,1,5,3,11,17,119,173,1.45
muenster_55.tif,test,0,0,630,568,313,622,21,53,300,214,7,0,0,1,166,179,1437,1637,1.14
koeln_23.tif,test,0,0,274,114,133,141,13,35,183,89,12,0,6,19,80,54,701,452,0.64
chicago_9.tif,test,0,0,274,116,133,118,6,24,232,126,0,0,0,0,301,211,946,595,0.63
mahe_55.tif,test,10,19,132,131,6,61,1,4,196,60,4,50,0,2,4,34,353,361,1.02
sechura_47.tif,test,0,0,143,122,157,142,3,31,180,148,0,0,1,3,66,84,550,530,0.96
muenster_66.tif,test,0,0,118,184,81,183,9,36,182,82,1,0,14,18,27,29,432,532,1.23
austin_33.tif,test,0,0,100,178,249,192,8,44,141,117,2,1,0,5,29,30,529,567,1.07
kyoto_5.tif,test,0,0,54,170,109,101,5,52,83,72,18,1,15,21,137,92,421,509,1.21
bogota_6.tif,test,0,0,223,190,261,279,12,56,144,145,0,29,0,10,26,84,666,793,1.19
ngaoundere_53.tif,test,0,0,96,77,72,55,2,17,203,117,0,2,0,24,129,117,502,409,0.81
kujawsko-pomorskie_1.tif,test,0,0,1,47,4,1,1,0,9,12,5,5,2,2,2,0,24,67,2.79
mahe_68.tif,test,0,0,598,294,119,311,14,45,149,77,3,43,0,14,48,77,931,861,0.92
rotterdam_27.tif,test,0,1,21,23,16,29,8,2,20,14,6,19,0,1,5,14,76,103,1.36
tyrolw_37.tif,test,0,0,159,151,145,151,1,32,186,89,0,4,5,16,39,49,535,492,0.92
duesseldorf_13.tif,test,0,0,89,91,44,116,3,41,74,43,0,1,1,18,18,23,229,333,1.45
lima_34.tif,test,2,0,79,114,77,80,3,19,153,70,0,0,1,1,47,52,362,336,0.93
duesseldorf_64.tif,test,0,0,390,222,482,304,13,51,287,190,0,0,0,1,149,142,1321,910,0.69
chiclayo_41.tif,test,3,0,27,65,25,20,2,25,29,20,2,5,6,51,53,19,147,205,1.39
mahe_49.tif,test,4,0,31,103,15,77,1,10,88,58,1,41,0,5,17,53,157,347,2.21
koeln_14.tif,test,0,0,251,168,166,192,32,95,202,122,3,1,0,11,31,66,685,655,0.96
podkarpackie_20.tif,test,0,0,113,74,31,143,2,18,157,68,0,0,5,9,39,42,347,354,1.02
rio_34.tif,test,0,0,23,77,124,44,6,6,40,36,0,0,0,0,29,56,222,219,0.99
duesseldorf_10.tif,test,1,0,153,123,121,156,3,41,190,49,1,1,0,4,63,52,532,426,0.80
pomorskie_7.tif,test,0,0,25,95,8,58,7,36,70,42,6,3,15,40,17,14,148,288,1.95
tonga_45.tif,test,2,0,247,319,169,434,4,21,198,305,0,23,0,5,118,105,738,1212,1.64
zanzibar_56.tif,test,0,0,203,413,79,293,13,33,270,143,0,9,17,18,25,58,607,967,1.59
zanzibar_46.tif,test,0,0,309,288,76,169,11,21,310,135,0,6,86,20,17,43,809,682,0.84
christchurch_68.tif,test,0,0,18,41,11,84,0,12,46,44,1,0,9,15,7,14,92,210,2.28
kyoto_9.tif,test,10,0,126,252,654,273,11,106,306,307,7,0,5,1,577,241,1696,1180,0.70
chincha_45.tif,test,0,0,82,40,90,132,5,35,73,73,1,0,0,0,38,115,289,395,1.37
melbourne_36.tif,test,0,0,132,91,119,78,11,25,59,93,2,13,0,1,25,36,348,337,0.97
kyoto_4.tif,test,0,0,7,140,171,133,13,45,67,48,4,0,15,75,216,78,493,519,1.05
bielefeld_20.tif,test,0,0,46,160,54,208,6,68,162,87,1,0,0,0,87,112,356,635,1.78
chiclayo_32.tif,test,0,0,87,96,20,55,0,46,69,58,11,19,33,34,1,1,221,309,1.40
khartoum_16.tif,test,0,3,2,27,16,10,1,7,16,16,0,30,0,0,10,12,45,105,2.33
pomorskie_26.tif,test,0,0,39,71,4,16,9,18,55,12,4,15,3,7,8,1,122,140,1.15
melbourne_58.tif,test,0,3,158,194,40,236,4,68,196,142,12,11,0,0,31,56,441,710,1.61
chincha_39.tif,test,10,58,101,103,24,21,1,1,113,14,0,32,7,1,1,0,257,230,0.89
rotterdam_20.tif,test,0,0,58,70,157,158,32,60,127,94,5,5,0,12,40,64,419,463,1.11
daressalaam_6.tif,test,0,0,154,171,86,139,4,52,466,199,3,7,0,12,65,68,778,648,0.83
tyrolw_17.tif,test,15,0,49,203,131,110,9,53,119,98,2,4,0,0,47,70,372,538,1.45
baybay_59.tif,test,0,0,89,154,20,86,0,3,92,62,9,0,7,11,20,20,237,336,1.42
mahe_36.tif,test,10,1,381,283,263,528,9,33,310,118,2,9,0,3,93,104,1068,1079,1.01
pisco_43.tif,test,3,0,107,43,213,164,1,17,121,128,3,5,0,0,61,70,509,427,0.84
pointenoire_6.tif,test,0,0,77,36,181,110,7,27,231,221,0,0,0,0,172,137,668,531,0.79
christchurch_40.tif,test,0,0,209,452,121,331,4,14,294,234,0,0,0,0,236,215,864,1246,1.44
rotterdam_29.tif,test,0,0,20,88,194,150,21,47,73,79,6,2,0,7,38,65,352,438,1.24
christchurch_19.tif,test,0,0,419,636,486,510,4,37,422,332,1,0,0,0,162,168,1494,1683,1.13
coxsbazar_14.tif,test,0,0,155,111,51,36,0,16,183,80,5,6,39,22,42,32,475,303,0.64
paris_59.tif,test,0,0,31,89,80,57,2,30,45,27,0,0,0,0,63,70,221,273,1.24
koeln_41.tif,test,0,0,188,99,52,89,1,32,32,22,0,0,26,10,52,58,351,310,0.88
dortmund_48.tif,test,0,0,502,209,254,225,16,118,335,210,0,2,0,2,135,150,1242,916,0.74
maputo_17.tif,test,0,0,344,88,332,473,1,61,400,328,63,1,0,2,297,142,1437,1095,0.76
pisco_17.tif,test,0,0,163,161,186,94,2,25,161,102,0,9,34,24,64,62,610,477,0.78
svaneti_21.tif,test,2,0,109,104,46,208,6,24,148,101,8,38,12,34,41,40,372,549,1.48
dowa_11.tif,test,0,0,42,7,208,143,2,53,36,32,0,0,1,1,542,193,831,429,0.52
aachen_46.tif,test,0,0,529,260,137,317,3,95,344,179,5,0,1,0,208,189,1227,1040,0.85
maputo_2.tif,test,0,0,48,97,234,258,1,51,190,203,10,29,0,3,116,87,599,728,1.22
tonga_18.tif,test,0,0,264,100,62,446,6,31,130,282,1,1,0,28,69,69,532,957,1.80
kujawsko-pomorskie_12.tif,test,0,0,178,155,121,309,4,64,55,107,0,0,3,1,111,80,472,716,1.52
soriano_16.tif,test,1,0,0,323,100,431,0,15,0,258,2,1,0,0,113,124,216,1152,5.33
khartoum_58.tif,test,0,0,2,39,21,79,1,9,51,56,0,3,0,2,35,24,110,212,1.93
accra_66.tif,test,0,0,80,23,45,58,1,9,350,71,3,8,0,1,30,25,509,195,0.38
western_3.tif,test,49,89,127,141,9,79,2,11,223,94,26,43,0,3,7,10,443,470,1.06
kyoto_7.tif,test,0,0,79,174,450,198,4,102,239,289,7,0,22,32,244,202,1045,997,0.95
koeln_7.tif,test,0,0,626,445,516,445,36,93,446,199,2,0,0,3,119,130,1745,1315,0.75
christchurch_25.tif,test,0,0,75,85,25,103,2,41,66,53,0,0,4,23,10,15,182,320,1.76
austin_22.tif,test,0,0,20,24,85,74,4,44,67,46,3,0,0,0,38,50,217,238,1.10
austin_32.tif,test,0,0,189,176,174,342,5,28,219,135,2,0,0,0,32,45,621,726,1.17
svaneti_14.tif,test,0,0,74,217,107,207,8,19,54,124,0,2,12,14,65,64,320,647,2.02
chisinau_48.tif,test,0,1,206,77,75,112,9,37,141,60,9,8,0,0,10,18,450,313,0.70
coxsbazar_16.tif,test,0,0,23,95,4,12,1,18,164,94,0,1,19,10,0,0,211,230,1.09
dhaka_5.tif,test,0,0,92,323,348,456,5,36,173,247,2,8,1,2,81,108,702,1180,1.68
kyoto_14.tif,test,0,0,181,230,462,197,4,119,347,349,13,0,20,13,240,199,1267,1107,0.87
lima_37.tif,test,1,0,3,3,13,4,1,11,21,7,0,0,0,2,104,71,143,98,0.69
malopolskie_34.tif,test,0,0,7,53,2,32,0,7,9,13,0,2,0,3,6,13,24,123,5.12
accra_59.tif,test,0,0,89,31,83,276,4,32,464,137,3,1,3,3,19,31,665,511,0.77
coxsbazar_7.tif,test,0,0,219,125,0,126,1,19,78,110,5,6,1,11,40,31,344,428,1.24
