filename,split,total_diff_pixels,Bareland_fn,Bareland_fp,Rangeland_fn,Rangeland_fp,Developed_fn,Developed_fp,Road_fn,Road_fp,Tree_fn,Tree_fp,Water_fn,Water_fp,Agriculture_fn,Agriculture_fp,Building_fn,Building_fp
svaneti_60.tif,train,120766,0,0,67899,42863,3826,41259,0,0,22419,13565,0,3613,26622,19432,0,34
kagera_31.tif,train,386063,0,0,146457,164567,31198,23842,0,2761,66865,162604,0,22,137113,23020,4430,9247
ica_35.tif,train,311658,0,0,8182,1543,95307,196823,31505,42074,8326,3742,65400,0,0,0,102938,67476
lohur_24.tif,train,215828,0,0,52661,72162,65628,69619,31386,11069,32465,6046,8067,5096,12297,46322,13324,5514
daressalaam_72.tif,train,234171,0,124,45531,110083,87836,39674,16493,7405,47555,49171,0,0,19447,4457,17309,23257
tonga_32.tif,train,356658,0,285,282363,46734,7593,91020,3866,1799,53397,131686,8,71807,0,6404,9431,6923
lodzkie_9.tif,train,278435,0,0,37147,68642,2391,6794,2364,5178,14599,169239,0,54,218076,25574,3858,2954
western_24.tif,train,768244,104573,47110,468577,11818,808,406325,7586,1412,3936,257931,182764,42081,0,0,0,1567
aachen_56.tif,train,354034,0,0,204118,37151,59020,146325,33657,18816,22728,58453,0,0,0,87,34511,93202
ica_12.tif,train,334951,218474,0,10518,5998,32431,293778,9757,9972,13055,9275,0,0,7128,0,43588,15928
malopolskie_19.tif,train,313275,0,0,113512,26611,8728,190613,1037,7022,17656,5494,0,1189,167599,50675,4743,31671
mahe_31.tif,train,239890,0,4853,114071,30463,67251,97257,25865,33118,15344,62203,0,838,0,0,17359,11158
accra_57.tif,train,440740,0,0,184191,173480,625,21893,4469,209,28000,23229,223455,13011,0,208906,0,12
paris_52.tif,train,497228,0,0,285771,46845,97769,188090,21651,21399,60386,26883,1580,0,0,10060,30071,203951
kampala_5.tif,train,258059,0,0,49269,55803,78543,86711,21174,19676,65294,21902,2884,22592,0,790,40895,50585
shanghai_25.tif,train,416039,0,0,0,195952,261723,147219,58219,12716,3647,240,0,54945,0,39,92450,4928
vegas_44.tif,train,370896,0,0,36907,153639,186674,125240,134015,76941,7110,10142,0,0,0,0,6190,4934
duesseldorf_55.tif,train,343354,0,0,195868,46392,46865,108459,33888,16243,40969,70236,638,0,10546,58952,14580,43072
kagera_57.tif,train,347752,0,0,228028,73460,30847,6652,8883,8207,26779,244179,0,2792,51193,5569,2022,6893
bielefeld_43.tif,train,345130,0,0,172723,77417,74933,47067,10283,24042,70747,150789,2012,0,0,0,14432,45815
paris_11.tif,train,468272,0,0,202721,39696,148475,138950,46475,20401,40129,52405,0,24,0,53256,30472,163540
mahe_12.tif,train,341480,6200,0,53764,20353,8560,292688,4800,6500,10728,12272,251094,5474,0,2907,6334,1286
chisinau_56.tif,train,203576,0,0,23886,1889,70251,112685,30494,23364,25735,24976,537,0,0,0,52673,40662
ulaanbaatar_43.tif,train,458476,146125,0,187111,13740,61246,364627,24639,52039,1141,12455,1517,1048,0,5509,36697,9058
lodzkie_17.tif,train,295694,0,0,13261,47589,4631,5552,1412,6770,1854,231699,0,473,273904,761,632,2850
kagera_30.tif,train,404865,0,0,159061,196252,28409,41951,21217,10029,93274,132272,148,1218,96064,14836,6692,8307
zachodniopomorskie_8.tif,train,90655,0,0,61291,1714,20055,63,11,123,8483,14578,263,73864,0,0,552,313
slaskie_36.tif,train,123921,0,0,36533,81709,816,6437,23481,10558,41776,21928,18630,635,0,201,2685,2453
santiago_41.tif,train,357495,0,0,130616,1786,47241,250539,34190,29954,44228,9418,0,0,0,0,101220,65798
lubuskie_5.tif,train,231250,0,0,169971,45490,14018,17,11829,4621,34738,128144,0,288,0,52593,694,97
vienna_70.tif,train,275770,0,0,40406,7035,118876,113009,51002,55593,12623,41305,0,925,0,0,52863,57903
tokyo_49.tif,train,328601,0,0,5260,88890,102206,148308,77849,18075,22267,14520,0,0,62213,4856,58806,53952
sechura_32.tif,train,450843,250709,0,27227,11136,43054,381876,48561,14803,27318,14610,7,1593,0,0,53967,26825
kyoto_63.tif,train,428473,0,0,70335,24092,39244,312707,61663,25585,15551,38077,8817,0,150140,3215,82723,24797
austin_43.tif,train,377609,0,0,206589,32399,39973,134917,30576,19946,68404,164269,504,0,0,0,31563,26078
lima_46.tif,train,638106,346223,1689,0,72622,77996,370464,42430,38088,5074,35,157258,2110,0,151042,9125,2056
malopolskie_30.tif,train,237404,0,0,118634,50695,2569,4591,408,7579,37624,61957,41823,17639,34140,94747,2206,196
wielkopolskie_22.tif,train,225528,0,0,48818,69038,71675,90865,55257,19309,19853,30346,308,0,0,0,29617,15970
vienna_13.tif,train,187013,0,0,17829,6642,58853,107721,23271,35424,13355,10192,0,0,0,751,73705,26283
monrovia_38.tif,train,309326,0,0,187481,18553,32780,198168,20941,9946,29871,44767,0,9331,0,2413,38253,26148
zanzibar_27.tif,train,313633,0,0,106089,160555,17405,2165,0,2402,57059,100194,0,815,131728,44340,1352,3162
muenster_7.tif,train,176941,0,0,102003,45126,4627,538,9501,3618,34588,18012,0,6711,24787,100644,1435,2292
monrovia_22.tif,train,299049,0,1127,41346,141519,2468,11707,0,427,20361,128460,232317,5350,0,10133,2557,326
aachen_4.tif,train,232328,6644,0,107764,26094,42348,94784,33933,34219,18335,11633,2405,0,0,56874,20899,8724
zanzibar_130.tif,train,165834,0,8009,92570,59783,1908,57886,2978,451,57965,26750,0,4037,0,6231,10413,2687
dowa_10.tif,train,233751,0,0,6934,0,89714,141035,6512,31004,6464,1361,646,0,0,0,123481,60351
tokyo_70.tif,train,428448,0,0,57419,77118,115456,204734,109443,19812,66048,9310,3778,0,27762,0,48542,117474
muenster_5.tif,train,326948,0,0,46900,124636,113695,71951,27537,29488,103924,34576,578,0,0,265,34314,66032
shanghai_29.tif,train,347485,0,0,2491,116942,109757,37368,0,18847,80302,1699,0,30821,0,126655,154935,15153
slaskie_17.tif,train,54979,0,0,25657,25529,4522,577,0,3643,23915,22482,0,0,0,2742,885,6
tyrolw_60.tif,train,138166,0,0,51827,47122,12270,17062,18258,6363,20760,46445,0,186,30898,16804,4153,4184
muenster_62.tif,train,201567,0,0,100954,35844,31022,35997,5824,20764,36456,49533,4292,105,9436,39547,13583,19777
ulaanbaatar_3.tif,train,421375,119249,0,156185,36743,70454,299897,24837,30436,5984,2803,6478,47625,0,0,38188,3871
duesseldorf_11.tif,train,383044,0,0,166385,35016,115519,132991,25316,43335,42718,96007,0,0,0,7201,33106,68494
kitsap_27.tif,train,337411,0,0,87514,17033,25521,264948,72026,17086,40460,33972,0,0,0,0,111890,4372
ica_19.tif,train,272490,0,0,30433,3113,52051,202922,65527,11336,10481,14922,1017,50,0,0,112981,40147
christchurch_3.tif,train,45718,0,0,15525,24014,5983,3641,6247,4148,17922,10756,0,0,0,3155,41,4
sechura_21.tif,train,330457,185978,13427,28802,8743,31833,281591,34842,13466,15714,5454,0,1068,0,0,33288,6708
lohur_5.tif,train,257943,0,0,66588,83037,24265,96229,28031,4701,73103,11940,0,0,22049,45617,43907,16419
baybay_66.tif,train,337815,0,0,223934,34233,42916,45307,3370,14196,25149,108893,1151,13076,25122,102839,16173,19271
piura_31.tif,train,265967,0,0,87227,3327,49708,181603,13818,28544,30117,27449,1007,0,0,2529,84090,22515
shanghai_30.tif,train,456036,0,0,136167,240645,63866,67184,57105,19068,185699,5671,0,4176,0,109679,13199,9613
shanghai_32.tif,train,420255,0,0,0,23014,180073,41037,22060,54452,5895,15011,166816,478,0,145710,45411,140553
mahe_40.tif,train,93217,8169,19,51654,13124,19310,8693,0,6136,12582,37349,435,23014,0,0,1067,4882
tokyo_29.tif,train,478115,0,0,6623,25127,74879,287276,122965,92269,20005,3008,0,0,0,42454,253643,27981
chincha_5.tif,train,334400,0,0,82585,26784,89168,171783,17025,18042,64488,12240,708,2275,15121,38378,65305,64898
mahe_44.tif,train,243517,3764,0,68151,51923,80735,104131,34352,24889,21368,17430,15760,1,0,1653,19387,43490
abancay_22.tif,train,288953,0,0,48263,74471,118682,101976,40334,8262,35958,40351,0,0,0,0,45716,63893
tokyo_17.tif,train,370127,0,0,22914,50980,178606,141136,60972,17302,17518,10019,0,0,56497,39989,33620,110701
malopolskie_33.tif,train,542783,14,0,113414,73951,21920,37230,12124,8429,302430,4473,3946,377798,84928,32043,4007,8859
ulaanbaatar_36.tif,train,443359,0,0,308035,9260,37916,277393,50083,4343,2078,4776,5165,73187,0,60913,40082,13487
kyoto_59.tif,train,361381,0,0,25255,16817,68358,260793,110617,30117,7128,7871,1691,0,35844,4063,112488,41720
tyrolw_38.tif,train,66344,0,0,15538,10972,10006,12005,24596,2319,12259,10058,0,6284,1382,23691,2563,1015
shanghai_52.tif,train,470352,0,0,159686,2467,158529,196450,37524,48153,106027,4170,0,978,0,0,8586,218134
koeln_33.tif,train,365456,0,0,108988,14947,79222,194661,138210,40472,22509,59013,0,3879,0,11994,16527,40490
aachen_31.tif,train,402406,0,0,185988,26164,87497,175884,62192,29280,27366,98916,62,0,0,0,39301,72162
tokyo_44.tif,train,489916,0,0,38371,162532,145076,177638,75187,13245,36810,12403,14733,548,146866,4882,32873,118668
kitsap_29.tif,train,51227,0,0,13035,26385,782,228,0,6,19177,21306,16663,2794,0,0,1570,508
santiago_18.tif,train,369293,0,0,129764,18783,99219,162229,43382,32684,60230,96460,377,0,0,0,36321,59137
zanzibar_18.tif,train,308567,0,0,121107,144580,3019,11869,5576,1452,92388,84245,0,2505,84978,62643,1499,1273
ngaoundere_69.tif,train,385250,0,0,86033,186309,65114,90286,17274,17285,28160,65902,0,0,178980,9003,9689,16465
chiclayo_7.tif,train,479674,294658,11179,44847,30402,40189,380646,25916,9567,15067,31620,28193,2906,16468,5530,14336,7824
duesseldorf_22.tif,train,350452,0,0,96757,85217,62938,130411,94554,22509,71783,56871,4092,253,0,8,20328,55183
muenster_70.tif,train,56620,0,0,12882,20532,3343,8460,1624,1257,15766,4925,1748,0,18133,19522,3124,1924
christchurch_47.tif,train,163643,0,0,18306,100811,0,13686,1583,26235,9774,14338,14825,272,118966,7049,189,1252
muenster_63.tif,train,231153,0,0,120174,23474,0,2333,10877,2406,19116,11525,6353,10890,74633,124956,0,55569
vegas_23.tif,train,349475,0,0,76964,16873,163619,139328,59225,18834,34519,39979,6515,0,0,0,8633,134461
tyrolw_21.tif,train,339912,0,0,120403,14589,68542,168299,97065,6343,11164,74007,495,263,0,1437,42243,74974
abancay_15.tif,train,303034,0,0,125178,10821,76205,197826,18525,32364,27406,14618,4098,0,0,0,51622,47405
ngaoundere_40.tif,train,393478,36097,0,232716,27322,32452,288117,28712,5674,20548,17451,0,0,21888,40991,21065,13923
tokyo_39.tif,train,332352,0,0,21350,99306,71066,167176,122226,19774,78902,12354,0,1687,0,2280,38808,29775
baybay_47.tif,train,87062,0,0,44462,24412,6729,4339,2399,2323,24059,18379,0,0,5954,35722,3459,1887
swietokrzyskie_39.tif,train,118793,0,0,44270,44088,13874,1359,6894,4781,23636,3932,0,0,9984,63540,20135,1093
shanghai_45.tif,train,606987,0,0,27424,13450,11116,561704,154081,19584,25040,4399,0,0,0,1181,389326,6669
duesseldorf_48.tif,train,290908,3767,0,75154,13971,70854,163567,63626,18730,26189,49539,0,0,0,0,51318,45101
chiclayo_16.tif,train,388419,0,78,110082,57517,8002,285526,9210,769,40831,10641,0,81,219475,32444,819,1363
bielefeld_49.tif,train,404249,0,0,367750,21283,3892,6812,15948,5254,14880,368842,0,0,0,0,1779,2058
ica_27.tif,train,563789,318891,76234,54370,86655,23895,385830,10447,4704,100005,5511,0,0,38087,3644,18094,1211
lodzkie_15.tif,train,287969,57196,0,90449,44706,22794,62251,9330,16381,7193,140076,0,256,92796,7466,8211,16833
zanzibar_75.tif,train,657294,106517,0,6146,16323,0,576674,0,0,36684,20944,507947,277,0,43076,0,0
western_6.tif,train,769749,360445,25267,115252,43820,0,625017,0,1343,70289,21772,223763,52149,0,0,0,381
zanzibar_22.tif,train,329966,0,0,221326,83086,12078,12400,0,729,46956,88875,0,0,48280,142473,1326,2403
sechura_5.tif,train,255123,0,0,33624,3095,125808,92683,53238,45482,6528,7981,0,0,0,11822,35925,94060
chisinau_28.tif,train,268810,0,0,127574,2155,42615,150947,33943,21637,19740,63888,0,0,0,0,44938,30183
rosario_9.tif,train,321753,0,0,70103,209533,194268,58523,15169,12053,29473,36804,1097,0,5370,2398,6273,2442
zanzibar_54.tif,train,252923,0,3197,153369,55339,0,139555,0,0,99554,45836,0,6823,0,2173,0,0
melbourne_60.tif,train,287135,0,0,70499,25792,50179,177762,93260,30589,13161,43977,0,0,0,200,60036,8815
svaneti_50.tif,train,407201,0,0,351175,11516,6812,19457,8246,9129,7521,357737,0,6320,29982,165,3465,2877
dortmund_60.tif,train,270676,0,0,102372,47678,87030,96554,20503,39086,30879,43815,3339,0,0,4717,26553,38826
malopolskie_26.tif,train,163397,0,0,85241,47284,2762,11864,8771,2462,27532,38635,22948,1207,14056,59450,2087,2495
duesseldorf_40.tif,train,320437,0,0,132025,125093,25334,23989,25665,19886,33243,105821,0,0,99851,39179,4319,6469
lodzkie_14.tif,train,220188,0,0,2106,132864,7877,4806,5341,2333,16584,63864,0,307,187059,13408,1221,2606
rotterdam_45.tif,train,295318,0,0,47428,87090,157490,78259,80010,65344,2433,928,0,7673,8,17959,7949,38065
abancay_29.tif,train,417089,0,0,139729,221669,112366,138269,23051,11543,62045,13563,0,0,67298,11374,12600,20671
kyoto_16.tif,train,444666,0,0,139313,97444,43666,134931,32627,28570,25628,93024,102954,3201,52828,62628,47650,24868
piura_3.tif,train,345027,28424,50556,101589,34510,64564,112732,25533,9582,78724,52332,1906,69181,29388,3702,14899,12432
coxsbazar_21.tif,train,311718,0,0,114432,127671,22963,28671,8230,5825,18922,123117,593,1855,114671,16634,31907,7945
ulaanbaatar_6.tif,train,495964,0,252,384009,8832,57592,251779,32391,15976,0,3408,0,124274,1808,81969,20164,9474
chisinau_6.tif,train,232605,0,0,10876,219,53762,169147,19891,36936,27785,5721,0,0,0,0,120291,20582
zanzibar_78.tif,train,393901,29052,0,26588,350375,4420,18604,6049,1681,320392,7816,0,14119,0,676,7400,630
sechura_3.tif,train,186270,0,0,9614,9583,101643,69215,48864,30845,7891,4249,0,2792,0,0,18258,69586
rio_32.tif,train,328373,0,0,202964,72997,28747,58683,24756,10237,28245,180088,0,0,0,0,43661,6368
coxsbazar_71.tif,train,133265,0,0,105484,23548,8176,285,775,532,10929,96709,0,177,7604,10255,297,1759
chincha_48.tif,train,252700,0,0,2566,1002,92782,156205,40039,20083,1640,2553,338,0,0,1939,115335,70918
zanzibar_26.tif,train,303586,0,0,175340,95168,12726,14427,6940,4116,52374,159794,0,871,52223,25475,3983,3735
aachen_37.tif,train,218013,0,0,22349,120854,65953,40717,20782,12185,90460,9103,0,0,2871,8698,15598,26456
zanzibar_131.tif,train,225218,65,1172,89885,82175,13156,68756,9575,3060,78872,57031,0,114,0,3067,33665,9843
zanzibar_85.tif,train,532107,0,170,57800,466282,57421,50426,155,96,410248,7,2313,15068,0,0,4170,58
viru_33.tif,train,143022,0,0,36552,27139,43238,28189,9334,9629,28348,17687,0,5584,21104,51553,4446,3241
zanzibar_118.tif,train,234381,0,1240,37898,156317,78252,55557,14451,2196,77917,12236,0,2854,0,0,25863,3981
kyoto_37.tif,train,165920,0,0,28946,86761,15147,40414,8538,12406,31678,17782,5386,3173,61721,4005,14504,1379
ica_34.tif,train,261764,0,0,17459,537,95563,155098,55793,21732,13325,7216,0,199,0,0,79624,76982
rotterdam_9.tif,train,400868,0,0,211739,12650,87054,142401,39769,39691,9236,105734,3189,20,0,1247,49881,99125
viru_21.tif,train,256059,0,0,25606,2235,54316,187674,21991,15781,14278,16836,850,0,2027,41,136991,33492
abancay_50.tif,train,328982,0,0,111190,89759,74096,176184,24643,21038,68452,9856,0,274,0,2087,50601,29784
tokyo_20.tif,train,414380,0,0,20113,29050,139978,221719,161429,10986,26149,1683,0,0,20902,0,45809,150942
khartoum_20.tif,train,423123,0,6,0,11278,291421,81930,70209,39243,41105,20659,0,28302,0,15661,20388,226044
melbourne_25.tif,train,314539,0,0,44218,65693,51298,180852,44732,30431,115838,12986,0,7415,0,0,58453,17162
muenster_14.tif,train,318178,0,0,80152,95478,112518,76871,31105,39653,70651,47434,952,0,0,0,22800,58742
swietokrzyskie_23.tif,train,246763,0,0,170754,30477,10042,37024,9293,9313,14636,9878,5773,0,31991,157148,4274,2923
lohur_34.tif,train,291551,0,0,160582,72412,50564,25656,9236,17474,3746,2436,10344,1,54283,173038,2796,534
baybay_58.tif,train,320278,0,0,283979,36120,0,1316,0,1,36255,282746,0,0,0,0,44,95
paris_38.tif,train,452795,0,0,125140,269566,53487,72315,27098,10822,230465,3179,0,0,0,48838,16605,48075
khartoum_21.tif,train,705358,386524,0,0,155182,96103,326200,43839,1086,10281,6635,0,213813,0,2399,168611,43
svaneti_45.tif,train,488368,0,0,57140,405017,6011,19108,2084,1578,53358,52180,0,1007,369140,9218,635,260
paris_70.tif,train,510349,0,0,205244,66776,161537,141062,52495,18057,82334,62369,0,0,0,69788,8739,152297
chisinau_66.tif,train,311617,0,0,94484,38069,59386,148237,22789,15916,37010,65722,0,39,0,14012,97948,29622
kitsap_26.tif,train,336272,0,0,85420,16970,23663,267831,97649,7749,33912,38165,0,0,0,0,95628,5557
aachen_21.tif,train,364074,0,0,122458,109398,65435,113078,27915,18306,51493,69660,0,139,67437,5154,29336,48339
coxsbazar_54.tif,train,124574,0,166,15723,94357,2062,1389,0,1345,61431,13523,40689,11889,4529,1897,140,8
sechura_31.tif,train,386895,119191,0,79753,12144,37468,313993,76945,15585,26480,25844,0,4854,0,484,47058,13991
pomorskie_32.tif,train,252340,0,0,84186,96868,29537,76611,10232,13750,53500,25651,1514,6358,49724,4846,23647,28256
rio_12.tif,train,369739,0,0,81599,34261,55835,243922,50388,19882,53914,24748,0,0,0,0,128003,46926
pisco_33.tif,train,724450,374919,5836,37605,96968,3863,345784,0,713,78440,1407,18055,272859,211568,883,0,0
kitsap_14.tif,train,293881,0,0,131126,43291,38614,173264,31560,10933,54110,42763,384,0,0,0,38087,23630
bielefeld_56.tif,train,387218,0,0,267383,59404,59461,44955,19303,12820,30983,235042,0,0,0,239,10088,34758
melbourne_34.tif,train,354777,0,0,52183,53856,35103,248993,40209,18568,83856,16726,8156,245,0,2493,135270,13896
tokyo_31.tif,train,572347,0,0,3760,59061,59607,446224,118650,54656,39175,680,2817,2385,0,2601,348338,6740
chincha_18.tif,train,212984,0,0,25911,14206,54539,134813,20365,8437,47064,10613,769,231,0,0,64336,44684
kyoto_35.tif,train,240305,0,0,6568,226496,13127,2008,489,421,202179,8945,1742,2238,13225,94,2975,103
ngaoundere_3.tif,train,439180,7887,222,266775,16143,33937,251016,12522,14180,22696,107869,8047,4738,39970,25154,47346,19858
monrovia_51.tif,train,271123,0,0,14507,51603,80021,163142,35231,25937,7813,4244,3839,372,0,4034,129712,21791
tonga_62.tif,train,390270,0,0,116410,137024,22511,204936,16215,7259,210775,24057,1006,0,0,0,23353,16994
bielefeld_34.tif,train,393008,0,0,312920,61595,14396,11649,4531,7857,26574,306658,1521,462,32465,88,601,4699
tonga_65.tif,train,263326,8284,0,64204,60871,36072,149558,6046,17842,80372,14088,35053,3724,0,0,33295,17243
rotterdam_31.tif,train,327732,0,0,52635,22923,142392,96387,62857,25237,24999,33278,19457,1932,0,16654,25392,131321
zanzibar_111.tif,train,826503,178366,0,62531,540869,7948,250989,0,2435,17860,30378,543621,56,0,35,16177,1741
kagera_27.tif,train,540602,0,0,86438,316119,1535,33747,4799,1998,63678,114611,0,959,381880,68094,2272,5074
tonga_47.tif,train,321823,0,0,105733,117582,42054,120829,17622,4972,137422,48527,0,7604,0,376,18992,21933
baybay_36.tif,train,178930,0,0,99141,38472,16240,19269,10867,3066,19126,99758,0,60,25214,13478,8342,4827
santiago_70.tif,train,350294,0,0,205402,28288,40783,101220,12739,34985,52595,153816,3973,196,0,1196,34802,30593
christchurch_5.tif,train,351736,0,0,178091,38786,46086,175720,17719,17408,76305,62548,7431,13956,0,0,26104,43318
christchurch_64.tif,train,325213,21950,0,143048,24047,27500,202042,16956,12845,13750,756,76876,2640,0,81821,25133,1062
swietokrzyskie_26.tif,train,65758,0,0,1753,49513,0,231,0,2062,14113,675,0,0,49595,13277,297,0
accra_43.tif,train,228167,0,0,44662,170241,25841,19086,4292,2374,149592,33860,0,0,0,0,3780,2606
dhaka_46.tif,train,233047,0,0,24591,58870,67606,58846,15554,8485,75256,21100,1608,7988,0,0,48432,77758
ulaanbaatar_46.tif,train,439005,0,0,305049,151,32760,389454,39570,25276,0,6702,0,0,0,3236,61626,14186
dowa_15.tif,train,276617,0,0,55226,6382,84242,156290,28763,16230,6269,25458,0,0,11180,8162,90937,64095
baybay_7.tif,train,199362,0,0,116452,62892,5738,20123,5718,3820,46897,104960,0,1661,22577,5294,1980,612
baybay_39.tif,train,57381,0,0,42714,7156,1777,64,0,5,7494,6220,0,0,4811,43389,585,547
zanzibar_17.tif,train,340976,0,0,129414,202000,0,106,11255,452,36489,119686,0,0,162961,18732,857,0
zanzibar_113.tif,train,802089,195500,0,147783,403278,4439,332080,5020,4396,22398,56016,409924,0,0,3328,17025,2991
chisinau_59.tif,train,233674,0,0,61874,853,94326,91296,21654,57063,26231,52105,0,0,0,573,29589,31784
viru_5.tif,train,262359,0,0,31392,1244,53440,190968,46624,17905,15371,14901,0,0,0,6,115532,37335
paris_50.tif,train,539341,0,0,352306,29679,53007,209004,63081,21944,38740,18796,0,0,0,71607,32207,188311
piura_25.tif,train,440833,0,0,138137,155178,37233,44751,0,22741,79710,71378,11538,9022,172395,137763,1820,0
shanghai_7.tif,train,377058,0,0,50917,54579,125366,163178,66210,46204,42745,34830,0,0,0,3222,91820,75045
chiclayo_28.tif,train,169769,0,0,32770,65268,24059,23925,6192,15393,38400,19343,770,4408,60474,40314,7104,1118
tyrolw_61.tif,train,211514,0,0,71152,49582,14084,86768,22785,6541,11253,7576,137,304,78686,47400,13417,13343
aachen_30.tif,train,287276,0,0,112492,75769,73161,73259,29614,18217,48101,70105,310,0,0,2884,23598,47042
daressalaam_94.tif,train,223589,0,0,47538,14018,96358,75153,25500,14812,19630,53380,3774,125,0,0,30789,66101
kagera_15.tif,train,400323,0,0,57670,238057,13118,89626,11617,5210,139791,53750,0,646,168945,2023,9182,11011
kitsap_39.tif,train,307767,0,0,117362,42833,34730,188802,44394,15442,46635,48763,237,0,0,0,64409,11927
christchurch_50.tif,train,170790,0,0,88483,34547,48790,32440,4951,30517,23808,56946,103,1082,0,1109,4655,14149
vegas_19.tif,train,117517,0,3251,628,15090,31469,68106,37233,10,34586,5120,0,13251,0,0,13601,12689
chisinau_40.tif,train,229148,0,0,71661,7088,83300,111447,5368,46292,32879,26514,0,0,0,0,35940,37807
malopolskie_1.tif,train,73569,0,0,40477,29255,0,1300,2400,2248,28465,2875,1102,12393,1070,25329,55,169
wielkopolskie_26.tif,train,256421,0,0,14160,95218,12019,130505,11324,29143,6951,611,0,0,209498,0,2469,944
bielefeld_42.tif,train,249512,0,0,76676,92750,55740,78501,31548,14539,57488,16510,1109,0,0,13475,26951,33737
kampala_6.tif,train,251751,0,0,80607,33864,75103,93802,22207,25577,27981,47109,0,1357,0,2642,45853,47400
podkarpackie_7.tif,train,79062,0,0,0,74960,0,0,0,654,7321,525,0,0,71268,2923,473,0
shanghai_40.tif,train,491922,5851,0,83693,137607,182564,87071,41292,41471,150420,10282,2570,374,0,89460,25532,125657
muenster_68.tif,train,137255,0,0,80584,27177,5722,2658,7274,6917,19982,9251,0,0,22367,88963,1326,2289
maputo_14.tif,train,296973,0,0,92877,5916,122318,133917,32338,49452,9557,23621,10817,1512,0,865,29066,81690
aachen_64.tif,train,352751,0,0,246521,19769,35397,108473,49227,39595,8834,12502,650,340,12034,167272,88,4800
baybay_8.tif,train,180886,0,0,110650,36744,8632,30530,6731,508,40133,91701,0,482,4366,16285,10374,4636
kagera_36.tif,train,422658,0,0,280345,104481,75522,41313,704,13316,33095,222439,0,32,28036,34596,4956,6481
baybay_13.tif,train,253085,0,0,201009,6946,9882,4693,2230,2179,12783,214169,0,581,23278,18414,3903,6103
shanghai_28.tif,train,468560,0,0,44104,120315,129316,305269,48687,39039,40171,2795,0,0,0,0,206282,1142
kagera_66.tif,train,237049,0,0,115915,86211,49996,85572,3822,7092,43266,44051,0,262,14684,624,9366,13237
svaneti_54.tif,train,378229,0,0,24135,346729,13047,3825,9882,466,15165,21040,0,705,311542,4748,4458,716
austin_45.tif,train,233536,776,0,84399,12359,61241,105018,31007,52873,24120,55776,0,0,0,0,31993,7510
baybay_2.tif,train,276445,0,0,168599,39054,43831,39479,10186,7211,12790,161870,0,215,19698,3585,21341,25031
pomorskie_38.tif,train,230721,0,0,105841,45942,23100,66950,19273,16242,21068,77591,0,0,31231,5506,30208,18490
bogota_3.tif,train,250053,0,0,62973,18755,132529,50873,24275,27464,12323,71448,0,346,0,143,17953,81024
ica_9.tif,train,313009,0,0,22797,5741,144952,157901,4186,80394,37223,2494,0,0,0,0,103851,66479
piura_45.tif,train,358752,42630,2232,110852,65093,105016,106895,23634,3730,61528,58921,1209,5559,0,102693,13883,13629
zanzibar_19.tif,train,306614,0,0,193963,88193,17577,28007,0,288,83665,70838,0,28,10457,118795,952,465
monrovia_57.tif,train,349004,9,2867,139227,109820,26768,89664,305,1229,52133,57836,0,36915,115621,45587,14941,5086
lubuskie_7.tif,train,198081,0,0,114546,41013,6467,44,3799,5145,14374,97069,57501,815,1157,53995,237,0
accra_65.tif,train,254330,0,0,107371,52353,83506,91595,15860,24039,29938,43944,0,0,0,418,17655,41981
kitsap_15.tif,train,241268,0,0,79662,68383,54502,106065,31157,10281,38368,34856,0,0,0,0,37579,21683
pomorskie_24.tif,train,90843,0,0,43477,18424,3164,3210,2016,25,40107,2233,188,32969,0,33438,1891,544
monrovia_34.tif,train,364527,0,0,222519,53732,29165,124981,16023,8212,16970,149676,0,2091,52161,294,27689,25541
pomorskie_18.tif,train,312839,0,0,139485,121376,12848,47836,3436,13871,20626,74734,3522,358,126708,50681,6214,3983
abancay_37.tif,train,329214,0,0,96232,84283,98565,101477,31641,10537,19686,38937,635,10,41478,43359,40977,50611
chicago_27.tif,train,311683,7241,0,18734,4342,30919,272919,171688,15719,10503,5244,0,0,0,256,72598,13203
zanzibar_44.tif,train,340113,0,137,308808,27358,0,17665,0,38,27827,287129,0,702,1314,2333,2164,4751
duesseldorf_7.tif,train,152463,0,0,45978,61996,20163,25654,15302,12465,32847,32435,232,0,27833,13774,10108,6139
daressalaam_73.tif,train,287803,0,0,107837,106367,63679,47708,3039,8298,24871,86014,0,0,77454,6098,10923,33318
koeln_59.tif,train,249373,0,5,63878,30277,51468,122010,42415,25262,28619,33308,9600,7886,1861,825,51532,29800
western_15.tif,train,556320,81685,8324,159355,99218,5383,354330,10856,3114,101523,45471,197177,43633,0,2184,341,46
rio_10.tif,train,262694,0,0,88645,38144,85001,161331,72469,14372,541,1568,0,0,0,0,16038,47279
slaskie_14.tif,train,169811,0,0,84261,54115,25235,16604,3672,17783,47617,28144,6558,0,0,50740,2468,2425
daressalaam_23.tif,train,374295,0,0,178056,2857,95475,185158,30181,13628,17046,88612,233,0,0,0,53304,84040
bielefeld_53.tif,train,282608,0,0,96636,47793,101229,96960,50657,37443,16054,52044,0,173,0,12,18032,48183
podkarpackie_14.tif,train,214211,0,0,147135,37429,13304,3537,7028,3195,19015,44022,2386,1,20679,123951,4664,2076
slaskie_12.tif,train,292701,133694,0,9463,154910,12,118981,0,9894,40097,8551,4055,0,103441,266,1939,99
wielkopolskie_33.tif,train,308234,0,0,44254,170285,60010,74609,8840,41260,16819,3495,0,0,156054,9793,22257,8792
piura_36.tif,train,297457,0,1,103946,58356,27017,110890,535,18746,42575,20122,1484,6816,118797,79199,3103,3327
rotterdam_25.tif,train,322534,0,0,24196,14787,71950,145203,63282,67583,10300,63763,75487,375,0,1558,77319,29265
aachen_10.tif,train,141340,0,0,43905,45933,27147,5608,4379,11736,52356,6569,213,0,11457,67227,1883,4267
baybay_26.tif,train,145707,29333,543,27303,14905,33825,56370,2678,2364,27125,34661,4931,19894,0,3863,20512,13107
kagera_24.tif,train,375448,54709,0,272331,40760,5401,67909,21662,7264,17122,221367,0,1121,0,32334,4223,4693
melbourne_20.tif,train,370675,0,68,33008,31843,48074,242085,48310,35543,208528,17179,370,7380,0,995,32385,35582
tokyo_52.tif,train,397309,14659,0,22595,124152,52220,160046,61991,11685,45777,9336,29277,31,154463,36244,16327,55815
kagera_7.tif,train,463369,18329,0,380323,30961,6861,185539,7603,1283,27381,223376,0,483,17140,1659,5732,20068
shanghai_60.tif,train,487991,0,0,195,31294,245837,214010,81775,75193,9768,0,107757,76,0,4087,42659,163331
chicago_25.tif,train,298009,0,0,61529,2804,74191,200090,28653,22898,25856,19084,2341,0,0,0,105439,53133
chiclayo_12.tif,train,165067,0,0,61487,28571,41860,18488,1521,23369,14981,21511,11131,2783,32014,66475,2073,3870
chicago_46.tif,train,376681,80382,0,32667,44024,49809,222471,143539,63799,30578,11059,0,0,0,0,39706,35328
daressalaam_121.tif,train,296740,0,0,117302,32559,67691,103883,22302,5296,15950,119765,0,0,35491,847,38004,34390
pisco_31.tif,train,485607,150415,3255,108935,19366,29833,154916,5177,9680,15992,61517,169355,78652,1953,146599,3947,11622
melbourne_45.tif,train,341723,0,41,97647,28068,78398,193828,61844,47215,69879,23007,635,21162,0,0,33320,28402
chisinau_29.tif,train,257879,0,0,50982,3360,88791,125794,16698,70758,21888,31068,0,319,0,0,79520,26580
khartoum_19.tif,train,400405,0,0,6400,78359,220171,95643,39678,14767,19776,150400,0,1129,0,0,114380,60107
daressalaam_38.tif,train,348761,0,0,141460,10798,75824,183240,50356,12889,6095,67200,16416,0,0,0,58610,74634
pisco_50.tif,train,235168,0,940,146791,2068,29643,72296,29859,1710,9854,5954,2800,141339,0,5756,16221,5105
dolnoslaskie_11.tif,train,236160,0,0,167427,53809,9977,7539,3958,5977,12421,49001,0,0,36731,116255,5646,3579
baybay_4.tif,train,119537,0,0,48634,23653,12183,8580,5785,2957,14981,43816,0,15680,26886,18370,11068,6481
koeln_1.tif,train,270217,0,0,94117,71125,61764,52928,7062,26453,74771,75469,0,21,10356,2966,22147,41255
austin_1.tif,train,146332,5544,0,88028,29805,17445,15830,10987,8465,23304,90861,1024,114,0,656,0,601
chicago_48.tif,train,197585,0,0,30537,33933,66517,103138,26688,39337,8834,5700,290,0,0,622,64719,14855
sechura_15.tif,train,240162,115241,72,14000,2561,48209,105162,41433,7219,746,1586,1252,86651,0,0,19281,36911
christchurch_24.tif,train,452456,0,0,33301,383881,21368,16887,14677,5500,24673,19466,12545,36,339886,16063,6006,10623
lambayeque_9.tif,train,199717,0,0,12445,895,83740,107485,5056,28657,5754,3541,0,0,0,0,92722,59139
santiago_2.tif,train,346041,0,0,41565,44720,89023,191013,44129,30686,104024,23962,0,0,0,0,67300,55660
lodzkie_6.tif,train,173082,0,0,4706,48631,0,135,0,10857,5201,106493,0,380,162673,6408,502,178
bielefeld_39.tif,train,349894,0,0,137125,134169,58027,41258,23406,15625,54343,119994,263,0,65068,9480,11662,29368
aachen_47.tif,train,327127,0,0,231460,52267,24924,11812,3872,13137,39566,9596,293,0,21539,235635,5473,4680
kagera_39.tif,train,312356,0,0,26063,232964,85393,16328,571,9619,147813,36619,0,1001,48441,6257,4075,9568
wielkopolskie_16.tif,train,325939,0,0,37733,143421,41492,135356,50982,21020,7944,6592,0,0,160113,7555,27675,11995
daressalaam_54.tif,train,384216,0,0,19083,4600,299028,38494,35587,20997,4597,83419,1995,0,0,0,23926,236706
lohur_40.tif,train,176816,0,0,40132,79815,11864,49480,15504,2937,32077,3976,0,0,57254,34762,19985,5846
ngaoundere_55.tif,train,548620,0,258,476448,8162,16178,144566,11835,12707,5256,212757,3890,22251,18279,132448,16734,15471
swietokrzyskie_1.tif,train,163073,0,0,11666,95310,21277,1184,0,43315,2596,1705,0,0,127459,21559,75,0
vegas_31.tif,train,902672,823169,0,0,118213,6232,774413,44060,6401,8675,201,0,1141,0,0,20536,2303
swietokrzyskie_18.tif,train,273985,0,0,81146,47716,5512,1502,0,4413,142585,637,28723,1337,15862,217635,157,745
chicago_42.tif,train,333575,10235,0,85144,38993,89256,149460,45512,26762,50873,63367,102,0,0,0,52453,54993
muenster_27.tif,train,214710,0,0,49427,50780,76277,65322,17306,24154,39712,24067,473,3801,10050,41,21465,46545
tonga_8.tif,train,404558,0,0,135845,142783,51246,104805,26681,12322,156261,16167,8583,118119,0,0,25942,10362
dortmund_53.tif,train,224476,0,0,70682,69318,59933,48861,17006,18480,41252,47802,1031,0,16694,3763,17878,36252
muenster_4.tif,train,220405,0,0,40200,24581,72773,62161,1174,40727,18809,31618,97,0,69099,54009,18253,7309
viru_37.tif,train,341820,0,0,142511,39749,71122,36924,2163,4825,72512,1421,3392,26521,47093,231126,3027,1254
piura_14.tif,train,456174,121364,0,189808,16745,27061,201684,27950,14372,35312,27424,33338,25985,1010,147654,20331,22310
chicago_45.tif,train,318155,0,0,82585,4568,52289,249132,73383,32160,14991,12912,0,0,0,0,94907,19383
malopolskie_23.tif,train,212194,0,0,195670,9305,0,0,3216,721,8252,198775,0,2966,0,0,5056,427
tonga_9.tif,train,305952,0,0,178876,70105,27916,133429,6327,13552,71611,58724,0,1923,0,7774,21222,20445
rotterdam_43.tif,train,318600,11867,0,43777,15055,64366,162557,92562,25662,838,3519,71650,2544,0,31520,33540,77743
viru_40.tif,train,286091,166171,26267,38118,40619,4026,179658,0,1154,50277,7944,1578,4560,25129,24642,792,1247
swietokrzyskie_35.tif,train,43773,0,0,7936,23376,4477,6268,2888,923,4551,1071,0,0,22097,7312,1824,4823
koeln_37.tif,train,286501,0,0,72089,28144,63637,142441,76735,37395,7205,29594,454,0,72,35692,66309,13235
tyrolw_65.tif,train,256459,10610,0,72970,22351,5113,23600,13680,2208,17251,35844,129548,2790,7206,40814,81,128852
piura_47.tif,train,220187,0,0,29781,952,74137,128446,46771,20138,4255,13561,0,0,0,0,65243,57090
duesseldorf_65.tif,train,297035,14278,0,15476,26486,2838,10884,20161,1767,6685,9967,221404,0,13770,246710,2423,1221
mazowieckie_18.tif,train,280605,0,0,5953,250013,4452,4995,14186,7870,23239,632,0,0,230283,14317,2492,2778
kitsap_9.tif,train,250857,0,0,61411,28046,60738,140262,52164,28555,20898,44818,0,0,0,0,55646,9176
chicago_34.tif,train,274260,0,0,5966,420,54182,209430,118618,36713,10293,7,0,0,0,0,85201,27690
bielefeld_29.tif,train,464249,0,0,391954,20492,30285,54251,9640,14126,17092,357906,0,0,1555,909,13723,16565
piura_13.tif,train,677244,274395,115777,162310,122659,2538,329839,16042,993,87010,6314,134949,734,0,100928,0,0
muenster_13.tif,train,265471,0,0,74380,28667,51429,147880,74701,23152,30771,31430,0,897,0,0,34190,33445
viru_16.tif,train,466869,0,0,22553,17525,36674,348290,46525,9471,18627,13894,0,50696,255362,3121,87128,23872
coxsbazar_28.tif,train,212184,0,0,102631,107428,6923,68,1222,3884,97429,100474,3979,0,0,71,0,259
tyrolw_43.tif,train,186321,0,0,39226,61911,35690,57088,36644,5753,12651,10011,0,8816,51646,28006,10464,14736
pointenoire_1.tif,train,227367,0,0,3258,25,89683,132660,79428,25355,8802,639,0,0,0,0,46196,68688
coxsbazar_78.tif,train,243373,7692,0,122755,49637,11717,42387,3108,18844,20925,113224,24027,1663,37140,11630,16009,5988
monrovia_36.tif,train,425595,0,917,91610,116355,24064,59550,10366,5987,28248,194565,87528,35653,170300,1222,13479,11346
dhaka_31.tif,train,117084,0,353,7467,8620,14832,59772,73111,807,3615,1981,14168,34187,0,0,3891,11364
paris_67.tif,train,899632,0,0,27928,827990,30421,22884,18404,3893,812644,8902,0,0,0,15834,10235,20129
rotterdam_44.tif,train,331300,0,0,18623,27999,167656,119204,111763,49929,1741,8071,0,814,0,45599,31517,79684
lambayeque_7.tif,train,169704,0,0,7545,1242,66641,96354,24750,22216,21962,4975,0,7,0,0,48806,44910
vienna_18.tif,train,234747,0,0,25806,17533,62288,137390,9528,21312,17948,16232,0,0,0,5186,119177,37094
bogota_2.tif,train,281954,0,0,45657,11429,197675,40042,7350,40298,12150,41938,0,0,0,0,19122,148247
austin_21.tif,train,175114,0,0,4256,2119,36085,130284,53928,16218,15629,2982,0,0,0,0,65216,23511
christchurch_45.tif,train,148085,0,0,41393,81848,17379,21813,17425,7681,48585,31786,23153,4326,0,0,150,631
kyoto_53.tif,train,536967,82306,0,171024,73815,56406,196542,33161,62205,9609,128983,88049,7518,60243,55511,36169,12393
kyoto_64.tif,train,395504,0,0,25196,13515,98844,256957,131403,25332,11188,23253,0,0,12065,0,116808,76447
mahe_4.tif,train,343952,27062,367,31760,140564,16289,59618,1800,9030,17343,126962,247828,2657,0,0,1870,4754
paris_61.tif,train,419058,0,0,134897,155600,102881,130305,30091,40734,123804,17687,0,0,0,21395,27385,53337
khartoum_44.tif,train,464751,0,4267,11328,28857,334939,103955,42216,54100,20153,10701,0,196022,0,2559,56115,64290
chisinau_26.tif,train,243130,0,0,113848,8621,50270,109147,35196,27946,15922,74191,0,270,0,0,27894,22955
lambayeque_10.tif,train,211786,0,0,15781,770,64793,136605,22669,14999,7240,8006,465,0,0,0,100838,51406
paris_4.tif,train,589242,0,0,186225,48530,321320,80542,32632,36642,31681,41801,1731,1,0,90133,15653,291593
dortmund_38.tif,train,309258,0,0,95312,152911,31831,24600,6370,14844,24662,97247,171,1274,141633,4715,9279,13667
ngaoundere_25.tif,train,272474,653,0,88170,109616,57169,96896,20129,18901,15061,10539,0,0,80100,31390,11192,5132
rio_56.tif,train,244272,0,0,690,7856,11596,189989,2030,7968,2455,2419,0,0,0,31906,227501,4134
lodzkie_3.tif,train,271870,0,0,28576,77605,8273,3776,4656,2431,6964,165967,0,367,221163,15305,2238,6419
slaskie_23.tif,train,152735,0,0,62898,79525,4443,7068,3247,3456,77448,30949,0,0,2306,28551,2393,3186
dhaka_56.tif,train,232814,17033,0,18400,50929,53470,72696,22740,9119,66161,19423,11384,7417,0,46,43626,73184
chisinau_41.tif,train,238762,0,0,59782,9008,58699,144511,25398,7622,16416,42987,0,0,0,0,78467,34634
chiclayo_20.tif,train,93341,19815,60934,0,303,30685,29465,17362,0,25404,1076,75,1484,0,0,0,79
shanghai_43.tif,train,454617,0,0,76609,133770,29964,176319,55968,22772,128550,28885,36086,36523,110757,26988,16683,29360
kagera_51.tif,train,427070,0,697,242281,122456,32241,13387,6921,12923,38565,175632,0,6364,103703,90475,3359,5136
mazowieckie_26.tif,train,50335,0,0,27327,14244,0,1755,0,0,5105,11202,0,12,17419,23122,484,0
lambayeque_27.tif,train,275956,0,56090,186088,26246,18490,115962,5504,2137,26678,27769,282,761,38914,46803,0,188
ica_45.tif,train,553001,449020,0,16150,3108,19700,528195,11718,9526,10712,3855,0,0,0,0,45701,8317
kagera_41.tif,train,458931,0,721,185888,199459,18744,24785,15152,8295,67172,105233,0,5735,169403,110258,2572,4445
austin_10.tif,train,257623,0,0,16951,22228,64840,135085,47779,49930,85798,14464,2977,2120,0,0,39278,33796
kagera_56.tif,train,370235,0,0,51259,255694,30829,31694,6034,5745,159225,30704,0,2636,118930,36888,3958,6874
malopolskie_16.tif,train,145537,0,0,74750,58414,7539,748,4116,4510,15100,14885,0,0,42123,64854,1909,2126
lima_41.tif,train,729264,671316,0,0,38214,25939,396873,26055,49813,0,0,0,0,0,244157,5954,207
lambayeque_14.tif,train,312948,0,0,92780,2189,31663,255526,36628,17383,5551,10237,0,0,0,0,146326,27613
podlaskie_3.tif,train,269957,0,0,12040,243460,0,490,0,0,21674,5991,0,0,234765,19237,1478,779
pisco_27.tif,train,480904,108744,6718,40336,120510,56354,295573,7458,16271,22946,12297,9086,1465,211389,26329,24591,1741
svaneti_66.tif,train,98460,0,0,3074,93606,1709,2062,19281,215,66780,2577,6728,0,0,0,888,0
lima_1.tif,train,341778,72832,0,29408,62779,81130,197372,24724,41066,9172,12574,365,2158,70090,0,54057,25829
dortmund_1.tif,train,216966,0,0,41006,94878,78440,33095,8806,21207,61386,14148,394,0,9452,11749,17482,41889
mahe_52.tif,train,194667,0,0,113323,14440,28728,65958,19775,3778,16881,97196,304,486,0,0,15656,12809
dhaka_37.tif,train,238349,0,0,59162,50407,41217,91877,28932,5295,53135,32899,5346,25560,0,14,50557,32297
chisinau_45.tif,train,246555,0,0,81537,13224,42483,151898,50744,6484,35329,45229,0,0,0,0,36462,29720
daressalaam_70.tif,train,369007,0,0,69832,2389,190832,98055,68475,16006,3372,104691,0,0,0,0,36496,147866
mahe_61.tif,train,177195,0,0,83080,57303,26870,31938,15592,4460,43585,69806,1791,2005,0,0,6277,11683
chicago_6.tif,train,346621,0,0,60964,17000,50514,254131,62410,36804,38077,17931,181,23,0,1381,134475,19351
warminsko-mazurskie_8.tif,train,488624,0,0,48021,349191,2885,17693,6810,656,63853,23199,3800,97169,358895,382,4360,334
pisco_37.tif,train,576586,413178,1657,42660,284794,13909,171084,8344,13968,34316,22118,0,58159,53179,24513,11000,293
ica_42.tif,train,426168,137783,2800,54899,33389,156426,155681,13510,23293,11099,30720,0,10210,34776,157646,17675,12429
lohur_16.tif,train,404391,0,0,129551,86428,25300,251088,57531,2657,53050,20483,9404,1539,48669,16097,80886,26099
daressalaam_79.tif,train,213473,0,0,79009,3955,59177,115769,8528,28557,6078,30100,53,0,0,162,60628,34930
wielkopolskie_6.tif,train,56499,0,0,23996,14314,698,5364,4185,18237,1750,3368,0,26,25388,15188,482,2
khartoum_25.tif,train,379703,56552,0,39942,68493,136567,143843,44304,43241,24033,13292,0,173,0,30822,78305,79839
chisinau_67.tif,train,294197,0,0,81183,45905,73161,120906,29753,41596,32620,61945,0,0,0,11937,77480,11908
christchurch_67.tif,train,95462,0,0,50489,41,0,0,5913,1,38823,2677,135,92743,0,0,102,0
shanghai_44.tif,train,520699,0,0,0,265164,110504,74547,16769,48119,51034,34905,98108,8971,190238,63761,54046,25232
lubuskie_10.tif,train,495337,0,0,295000,64213,56231,2361,6976,35238,21603,49867,114104,0,0,342606,1423,1052
vienna_8.tif,train,275426,0,0,18271,26276,77481,159921,13152,58694,16100,9032,0,1053,0,12698,150422,7752
ulaanbaatar_44.tif,train,338394,0,0,224027,4719,30555,284145,26244,20206,118,15217,705,2553,0,1580,56745,9974
daressalaam_5.tif,train,178472,24333,516,15674,22509,32820,108446,37310,2490,19758,7710,34030,2007,0,0,14547,34794
chisinau_5.tif,train,184829,0,0,2022,62,67355,102161,23814,37374,40426,10408,0,0,935,0,50277,34824
ica_40.tif,train,541266,279420,431,133481,33764,21215,394741,36668,3978,30238,3334,14784,15808,16859,85880,8601,3330
coxsbazar_64.tif,train,208825,0,0,72203,80530,36928,10710,12792,11995,44101,60974,7469,4,28197,33067,7135,11545
khartoum_65.tif,train,422595,0,3967,10531,55339,252963,136319,95801,38258,6008,79559,0,31781,0,0,57292,77372
accra_11.tif,train,498122,0,0,0,1330,37232,448169,17199,17684,9675,1065,0,614,0,61,434016,29199
tyrolw_4.tif,train,280132,18499,0,17894,78928,5670,4072,2939,3260,146823,18883,1236,166191,86695,7177,376,1621
chiclayo_50.tif,train,129360,0,0,24740,8341,72020,7211,5853,16452,8083,2007,0,0,12397,92206,6267,3143
pisco_9.tif,train,442285,0,26710,65121,265334,102759,11465,4666,5661,68927,16071,5002,51207,195450,65745,360,92
baybay_48.tif,train,148592,0,0,102318,31014,18457,5350,2280,502,15575,50584,0,2509,7917,55449,2045,3184
accra_16.tif,train,276051,0,0,57452,29085,92212,155750,45384,29080,24255,16158,0,1500,0,992,56748,43486
monrovia_19.tif,train,247819,0,0,20692,12272,89733,143293,6066,32833,9822,12240,0,119,0,0,121506,47062
rio_46.tif,train,357513,0,0,40255,16041,41698,250302,95195,15059,25598,40664,0,0,0,0,154767,35447
daressalaam_76.tif,train,211870,0,20,42407,22274,102962,63571,12843,6584,21101,16494,7639,5604,0,5,24918,97318
tokyo_42.tif,train,405707,2281,0,117763,50871,86986,212547,70076,14956,31504,42740,59267,510,13315,18953,24515,65130
dolnoslaskie_37.tif,train,191904,0,0,141100,29697,30244,197,2844,3583,11434,21654,191,20225,6091,116548,0,0
bielefeld_32.tif,train,359575,0,0,123842,177885,48704,28437,5630,34126,52335,89847,0,0,125596,20900,3468,8380
shanghai_6.tif,train,498060,0,0,13884,0,85439,43010,35186,16082,0,0,0,12,13284,417278,350267,21678
pomorskie_8.tif,train,242238,0,0,48735,71367,3090,67689,0,37482,5293,42045,3593,1206,178449,21894,3078,555
slaskie_13.tif,train,261863,0,0,76748,130112,33476,54540,3879,16022,48296,31012,0,0,85849,10702,13615,19475
vienna_10.tif,train,72997,0,0,11744,30878,11844,8881,2603,7919,35750,1269,11056,21622,0,1658,0,770
zanzibar_3.tif,train,388004,0,26,283860,76327,1498,13086,18505,473,50616,73005,0,10115,24593,214725,8932,247
vienna_56.tif,train,256171,0,0,60596,26202,78929,126449,27835,45657,20871,26425,1254,0,0,0,66686,31438
kagera_1.tif,train,380873,0,0,171317,170462,9935,45417,5476,1599,50050,96911,0,1861,139613,57243,4482,7380
sechura_35.tif,train,201529,0,0,11947,2802,74924,124214,57120,14822,16698,1544,0,10356,0,1398,40840,46393
dortmund_24.tif,train,305850,0,0,152185,42631,67748,97970,16620,19186,24633,87791,81,104,13448,0,31135,58168
lambayeque_33.tif,train,305273,0,0,103018,3226,56530,201322,18198,41988,14029,28382,0,0,9111,11245,104387,19110
sechura_19.tif,train,272465,89341,0,20892,2304,42659,219597,46813,27443,5654,5656,29260,4509,0,0,37846,12956
santiago_34.tif,train,492205,0,0,252697,14912,73146,297908,88608,71179,23575,65720,5182,532,0,0,48997,41954
zanzibar_144.tif,train,339647,28580,2066,160454,72056,27898,177617,18496,10508,73223,55626,0,1972,0,2367,30996,17435
vienna_12.tif,train,261840,0,0,121588,21470,54517,103131,24103,29388,41292,67839,2702,0,0,1583,17638,38429
wielkopolskie_19.tif,train,197640,0,0,60798,69891,56618,46829,11293,18033,42234,43022,365,0,0,158,26332,19707
santiago_37.tif,train,299439,0,0,43004,9890,46278,201298,40548,68162,16858,13932,0,0,0,0,152751,6157
tonga_12.tif,train,369561,0,142,127443,103402,20351,203467,27750,5260,144906,39592,15,870,0,0,49096,16828
melbourne_15.tif,train,286931,0,0,110809,28773,67696,137980,24485,5856,25420,76042,1482,690,0,0,57039,37590
svaneti_6.tif,train,158378,0,44,79115,43392,13557,850,8837,1532,33478,53867,0,57551,22643,1127,748,15
ulaanbaatar_20.tif,train,297510,0,0,109550,1956,45813,231381,31949,26112,2111,16487,6534,52,0,0,101553,21522
rotterdam_46.tif,train,380386,0,0,66321,67494,212434,39622,98822,71608,194,1052,0,6726,0,121412,2615,72472
wielkopolskie_10.tif,train,123668,5512,0,26533,61563,44382,4394,476,8985,43699,5612,0,0,2219,42493,847,621
niamey_9.tif,train,290087,0,0,65590,20532,106623,121188,68087,7913,8825,58017,0,0,8711,11,32251,82426
dhaka_18.tif,train,245103,0,0,72646,18067,81243,80854,18951,19059,10963,51757,2821,21993,0,0,58479,53373
kitsap_50.tif,train,230533,0,0,108408,26828,45209,152389,25703,5991,12594,15347,75,2181,0,0,38544,27797
ngaoundere_49.tif,train,440230,0,5359,61919,282474,50016,76840,18748,21479,37904,30896,0,476,269204,18857,2439,3849
ngaoundere_38.tif,train,447545,13762,20,312318,3661,43378,183549,14665,16857,9745,117838,5123,3653,17501,95525,31053,26442
lima_8.tif,train,336146,26197,0,128223,37674,78828,189475,11475,32977,18202,39780,21862,84,9660,4432,41699,31724
santiago_31.tif,train,376734,0,0,54734,83565,126460,166451,39967,21546,85977,47182,2178,59,0,0,67418,57931
shanghai_57.tif,train,432385,0,0,32421,60042,120548,215097,88546,64124,53911,17555,11725,10728,0,1888,125234,62951
shanghai_50.tif,train,463087,0,0,32479,55110,133315,78929,17503,31410,55573,4386,63612,19457,0,259792,160605,14003
daressalaam_8.tif,train,247972,27569,17619,99839,16218,37013,121574,15354,15485,30424,35832,1320,0,0,11918,36453,29326
christchurch_8.tif,train,203749,0,0,66155,61679,78781,43829,10651,12460,34066,35150,477,0,0,437,13619,50194
daressalaam_39.tif,train,426640,83101,0,61422,22767,170488,189727,56247,9370,11562,43156,5421,837,0,0,38399,160783
coxsbazar_3.tif,train,403190,0,0,103915,130851,68134,163297,20683,7711,88775,48059,17326,0,30414,0,73943,53272
dolnoslaskie_36.tif,train,416570,29514,835,56638,61732,31087,276891,10884,1317,11907,58689,276195,16898,0,0,345,208
lima_21.tif,train,247527,0,0,0,0,148736,98784,65901,6996,312,60,0,0,0,136908,32578,4779
kagera_23.tif,train,386597,0,0,166385,183303,33375,29093,12521,967,39571,158663,0,220,131159,10729,3586,3622
muenster_32.tif,train,307364,0,0,86426,58629,112115,70926,19130,39844,61783,56552,95,0,5349,18642,22466,62771
malopolskie_9.tif,train,81934,0,0,48094,23013,5066,12059,3316,3468,4972,730,0,449,19530,39684,956,2531
mahe_33.tif,train,256741,12384,0,150403,15942,33326,83464,17544,7429,19768,131491,0,0,0,1,23316,18414
accra_50.tif,train,398049,0,0,216475,6598,53976,271359,11236,7252,58067,69792,1286,27,0,0,57009,43021
chisinau_10.tif,train,166886,0,0,0,19180,92082,63793,7852,52578,25820,14823,0,607,0,0,41132,15905
zanzibar_137.tif,train,491806,78240,0,37972,268131,14488,168241,44020,7751,262343,19491,27074,0,0,8476,27669,19716
daressalaam_83.tif,train,222249,0,0,10822,4898,104963,101576,37592,35361,11277,7394,0,32,0,0,57595,72988
chiangmai_10.tif,train,212395,0,0,82621,34805,58419,33309,21283,14550,36445,72216,3480,14964,0,36243,10147,6308
rio_48.tif,train,351322,0,0,47787,29133,84644,189583,99275,13505,26554,22059,0,0,0,0,93062,97042
dolnoslaskie_23.tif,train,326639,0,0,182902,104844,41442,28937,1657,18939,58288,62251,0,0,22696,97422,19654,14246
daressalaam_69.tif,train,346520,0,0,88564,1320,170456,90539,22125,17572,11969,101742,187,0,0,1174,53219,134173
kagera_28.tif,train,506022,0,0,35389,359874,21024,46213,13399,6425,160220,84177,0,0,270429,1245,5561,8088
chiclayo_5.tif,train,256243,65637,52074,30855,1574,67887,167933,73703,3930,8929,20738,0,302,0,0,9232,9692
zanzibar_38.tif,train,363602,0,0,33649,228777,3593,9470,0,221,82408,87300,0,0,243930,32563,22,5271
bielefeld_31.tif,train,351306,0,0,177936,65133,88216,94604,27459,17386,31172,97560,263,0,10782,3947,15478,72676
dhaka_60.tif,train,249386,0,0,57051,47077,45304,87445,34378,2848,52299,29945,18177,8564,0,0,42177,73507
zanzibar_1.tif,train,213209,0,0,148225,49419,10950,21621,10700,310,35929,135921,0,0,0,0,7405,5938
chincha_24.tif,train,378616,0,0,44662,15393,35012,290632,19623,5522,16703,34118,8029,373,202056,7933,52531,24645
khartoum_39.tif,train,444377,0,850,0,9251,254496,138575,109249,22206,5285,10432,0,186043,0,75043,75347,1977
ngaoundere_66.tif,train,483461,331233,0,8685,58095,47607,204674,19542,5465,11338,193762,0,0,0,0,65056,21465
tonga_63.tif,train,332423,0,0,126385,92039,36433,169544,15425,19360,126307,29325,5661,674,0,0,22212,21481
piura_26.tif,train,379277,0,0,72687,0,58007,307095,39635,49831,12188,6731,0,0,0,13,196760,15607
monrovia_37.tif,train,306701,0,0,165280,25339,47967,125382,13132,13552,8479,118922,0,270,18294,235,53549,23001
slaskie_2.tif,train,104858,0,0,44410,31031,0,31712,0,0,32583,27136,0,0,26485,14038,1380,941
bielefeld_21.tif,train,332726,0,0,137664,18847,69541,170086,35806,17053,17275,69771,1722,0,0,3250,70718,53719
santiago_66.tif,train,380265,0,0,246079,42643,24797,90349,34448,22179,33137,203800,4090,1111,0,0,37714,20183
swietokrzyskie_36.tif,train,140216,0,0,18291,82518,15052,15597,3065,5094,19724,19340,0,0,75528,8686,8556,8981
lima_25.tif,train,108583,39822,6726,3427,0,11470,91976,34645,4589,0,2235,0,509,0,0,19219,2548
slaskie_6.tif,train,296659,146624,125,16801,120323,44871,120242,0,39815,84114,10176,3723,5885,0,0,526,93
dortmund_43.tif,train,159581,0,0,107316,27099,35320,7469,1187,43051,13416,80664,0,142,0,425,2342,731
aachen_67.tif,train,215805,0,0,40302,116930,29269,15631,16528,21304,70084,38028,4105,814,53151,22354,2366,744
santiago_22.tif,train,446380,169419,0,55875,301022,106972,73229,16386,41719,80683,7592,10981,16989,0,1734,6064,4095
ngaoundere_4.tif,train,390244,0,0,249113,53138,94416,64013,12765,12614,25976,27178,0,1901,2615,223615,5359,7785
mahe_9.tif,train,222355,0,0,54399,38923,62069,90907,20033,23409,17805,41907,53743,102,0,2281,14306,24826
santiago_17.tif,train,373455,0,0,202575,40801,48202,170993,48813,41761,37144,93753,3526,2012,0,5938,33195,18197
lambayeque_48.tif,train,306674,0,1987,93673,9153,119734,127998,36684,36692,36694,28474,0,18858,0,36954,19889,46558
santiago_44.tif,train,343803,16990,0,110093,108933,137618,14319,22781,90605,49622,125616,6699,685,0,121,0,3524
pisco_12.tif,train,859370,361486,17774,86459,145546,0,438198,0,0,165020,4841,158969,253011,87436,0,0,0
tokyo_51.tif,train,326787,0,0,54331,78555,81286,153596,46085,18691,57132,11707,2957,213,59196,29929,25800,34096
ngaoundere_11.tif,train,338319,0,0,126558,3882,69872,213582,17933,39264,19591,43108,0,0,34516,255,69849,38228
slaskie_1.tif,train,201764,0,0,78812,80022,31454,63949,478,8842,23842,19849,0,0,58693,10387,8485,18715
svaneti_2.tif,train,399117,7511,1109,213361,38566,38810,116665,29818,5574,23843,192064,72439,16477,8677,1134,4658,27528
muenster_44.tif,train,190496,0,0,60887,63654,52576,37985,20255,25145,13392,22332,6197,1858,20975,35971,16214,3551
ngaoundere_15.tif,train,432942,172,0,159844,52885,134072,112349,42880,52239,17740,88566,0,129,38224,105946,40010,20828
dortmund_30.tif,train,275508,0,0,107960,40822,79787,83254,41194,34248,20960,75266,999,0,0,6471,24608,35447
daressalaam_16.tif,train,449009,116712,8902,127779,14854,103439,275241,54730,7493,8119,68526,89,308,0,0,38141,73685
wielkopolskie_39.tif,train,89862,0,0,42462,27918,10231,18018,3059,5990,12613,7996,147,164,17137,27458,4213,2318
tyrolw_39.tif,train,219635,0,0,54114,92102,16917,60723,38925,10146,12595,49103,0,226,74316,1789,22768,5546
lohur_6.tif,train,151106,0,0,25678,102119,4728,6099,1968,3856,6436,11514,3654,557,105657,25255,2985,1706
rio_55.tif,train,362956,0,0,20773,48242,19584,300400,117518,5301,8663,2360,0,0,0,0,196418,6653
zanzibar_136.tif,train,413076,0,217939,257133,137987,3453,9959,0,2,146254,25548,0,20365,0,62,6236,1214
chiclayo_38.tif,train,439829,348243,6098,13451,9989,26415,294805,14030,18658,3583,638,11545,100236,0,176,22562,9229
kujawsko-pomorskie_13.tif,train,264937,0,0,41177,129602,121212,71095,65644,52029,14119,2431,0,0,0,0,22785,9780
rio_17.tif,train,347447,0,0,1793,67,142939,158306,78149,17848,18040,4869,0,0,0,0,106526,166357
chisinau_35.tif,train,264554,0,0,127768,557,29486,164982,58255,20238,24727,53675,0,0,0,0,24318,25102
pomorskie_34.tif,train,375464,0,0,35251,328662,484,2886,6025,2230,327959,38257,0,0,0,2156,5745,1273
ica_23.tif,train,145500,0,0,20386,62323,39042,6149,517,13984,30731,6700,0,0,51263,55941,3561,403
tokyo_33.tif,train,501610,12095,0,86908,198574,43351,199432,81088,15308,42972,47143,22910,0,158475,5066,53811,36087
chiclayo_37.tif,train,861112,421,844594,425397,1975,366330,13971,29245,0,39184,528,0,24,0,0,535,20
santiago_29.tif,train,441934,0,0,359560,24872,41821,45887,3117,23041,22975,325539,4625,505,0,0,9836,22090
muenster_40.tif,train,285955,0,0,84791,17832,91847,117944,60693,48482,21970,67685,1485,0,7742,5075,17427,28937
chicago_26.tif,train,336673,0,0,45695,3331,67502,229117,131241,51228,8521,20060,0,0,0,3795,83714,29142
monrovia_20.tif,train,232642,0,0,48141,3917,52369,157986,47750,16279,3965,14614,0,629,0,0,80417,39217
slaskie_11.tif,train,494251,0,0,4082,464128,4723,11320,7783,5112,5373,6534,0,0,471398,3318,892,3839
svaneti_28.tif,train,403286,46993,0,230325,60787,2649,103891,0,226,27150,147972,96169,18020,0,72390,0,0
kyoto_49.tif,train,387036,0,0,15434,6812,47640,307544,106400,25367,10207,7281,2686,3,80776,0,123893,40029
rio_25.tif,train,364379,0,0,163187,13465,28506,328097,87779,16092,0,1396,0,0,0,0,84907,5329
tyrolw_45.tif,train,313933,0,0,71014,23903,39323,167792,103788,9076,50149,46396,157,540,15833,22810,33669,43416
kitsap_7.tif,train,240311,0,0,162728,24923,15196,51745,33471,6418,17358,144819,214,475,0,3449,11344,8482
sechura_33.tif,train,486573,167175,0,160967,15576,21855,283961,34077,24416,25273,130746,14475,10249,0,13640,62751,7985
shanghai_17.tif,train,378563,0,0,21904,36939,194942,86683,39430,18166,48934,6019,10456,2878,9876,19336,53021,208542
accra_4.tif,train,348406,0,0,52688,13464,113038,183941,23180,43945,25621,25899,3208,918,0,203,130671,80036
duesseldorf_37.tif,train,263016,0,0,46771,16464,61605,155813,68378,39954,35249,6625,0,0,0,13688,51013,30472
rio_1.tif,train,351257,0,0,209850,78358,40423,92044,64909,55,15583,16545,0,0,0,159699,20492,4556
accra_13.tif,train,371678,0,0,622,1742,47000,296825,38922,15023,8601,2320,0,75,0,0,276533,55693
dortmund_54.tif,train,294510,0,0,101570,56696,94340,67207,9836,26324,51956,72115,698,0,0,9413,36110,62755
ulaanbaatar_17.tif,train,378183,0,0,222449,22,42923,327814,21142,24797,3361,3954,0,0,0,0,88308,21596
khartoum_22.tif,train,495685,111732,0,716,17861,265116,170321,60286,32046,13830,63054,0,4166,0,0,44005,208237
kyoto_54.tif,train,352082,0,0,9035,21593,80059,227334,65624,16623,10755,22555,0,0,115492,0,71117,63977
svaneti_9.tif,train,310444,0,0,154548,46834,21676,108229,32696,3210,27764,138267,51014,1452,1202,198,21544,12254
zanzibar_9.tif,train,263195,0,0,89241,150486,4152,13242,0,0,142129,8761,0,41,26114,87798,1559,2867
ica_18.tif,train,246270,0,0,6607,8784,111919,125884,30604,42203,21000,11519,0,0,0,0,76140,57880
ulaanbaatar_41.tif,train,448666,0,0,308010,328,21782,410707,48871,10119,2133,11211,0,0,0,0,67870,16301
mazowieckie_40.tif,train,169219,0,0,69367,50762,11787,22351,16695,18167,27697,349,0,0,27547,73304,16126,4286
ica_8.tif,train,407428,153508,0,33233,2842,49376,340732,56117,9183,17120,12086,158,227,0,17123,97916,25235
khartoum_57.tif,train,614040,368474,0,0,20920,108875,202228,63278,12930,23949,18551,0,222665,0,98311,49464,38435
coxsbazar_8.tif,train,329248,8598,0,162121,129774,6654,76,0,6247,72294,161303,15078,79,64096,31649,407,120
viru_30.tif,train,290320,12085,41030,84858,4984,54985,195643,53388,14103,17342,10988,0,1746,12787,0,54875,21826
swietokrzyskie_8.tif,train,230456,0,0,74773,123814,12657,9382,2886,13334,28603,36026,0,0,106204,46674,5333,1226
ica_6.tif,train,564855,0,1326,96297,83043,34499,96972,33031,12856,29223,316110,10644,30452,337255,3158,23906,20938
tonga_21.tif,train,405112,0,0,323378,16323,21057,199973,19331,8765,24788,157074,0,0,0,0,16558,22977
shanghai_48.tif,train,429040,0,0,46134,19437,175977,163080,63082,15831,4299,14700,0,278,5289,50210,134259,165504
baybay_52.tif,train,90818,0,0,38526,25457,14804,12382,5727,3257,6298,22976,0,0,24648,25588,815,1158
soriano_13.tif,train,290159,0,0,37370,121272,155989,65304,33581,6493,34588,39004,267,226,0,0,28364,57860
shanghai_61.tif,train,352541,0,0,63256,27828,161131,112731,34525,20264,28951,3935,6725,0,0,9231,57953,178552
dortmund_14.tif,train,284443,0,0,109785,26637,73507,99946,43594,15301,34466,88244,0,0,0,0,23091,54315
tyrolw_48.tif,train,309948,0,0,279909,8977,2691,14876,13373,1178,9515,79364,281,11615,0,188670,4179,5268
malopolskie_37.tif,train,139957,0,0,84754,37961,7205,4740,962,4436,30169,14110,0,7181,13923,69183,2944,2346
mahe_27.tif,train,203832,0,9573,114631,15056,18931,80027,33685,6685,10046,69731,17048,10293,0,0,9491,12467
muenster_34.tif,train,260297,0,0,83816,50991,76231,77161,23787,21626,52809,62988,335,0,0,0,23319,47531
melbourne_54.tif,train,263360,0,0,35147,47660,87023,127295,98590,58752,35441,14060,0,7090,0,0,7159,8503
koeln_68.tif,train,277440,0,0,107284,34246,34416,96127,62881,20094,22960,90353,262,950,0,18018,49637,17652
zanzibar_7.tif,train,245348,0,0,118799,92956,0,1706,19972,201,46516,60170,0,0,59418,89276,643,1039
coxsbazar_58.tif,train,180080,0,0,94544,47848,38661,9835,4863,5900,20420,88145,3227,817,9674,20515,8691,7020
shanghai_22.tif,train,423979,0,0,55777,16382,169076,120708,179405,21734,0,0,0,0,0,212114,19721,53041
vienna_1.tif,train,246226,0,0,29754,19243,117892,84367,16265,63681,11570,25955,0,0,0,0,70745,52980
vienna_68.tif,train,221159,0,0,42435,22120,97585,70693,17163,42879,8430,52342,958,0,0,207,54588,32918
ngaoundere_45.tif,train,453161,141508,1484,153230,40332,51108,231233,11375,9054,8865,139648,19326,268,38986,5159,28763,25983
dolnoslaskie_20.tif,train,463873,0,0,372644,54502,18664,17428,7463,11602,25599,95174,6666,810,22943,281892,9894,2465
pisco_16.tif,train,309702,0,41211,47969,132467,17894,36782,1370,15213,39607,3246,0,18590,201548,61958,1314,235
daressalaam_90.tif,train,226048,0,0,41216,1840,82042,99176,20731,29120,15857,44400,0,0,0,0,66202,51512
monrovia_32.tif,train,330202,0,0,205161,9487,39290,164341,20967,12775,11762,130174,0,2534,1858,0,51164,10891
slaskie_3.tif,train,270749,0,0,42932,199492,52807,15618,3956,11177,66795,26573,322,0,95763,1435,8174,16454
coxsbazar_29.tif,train,146261,0,0,27363,118764,8120,0,0,30,57841,24852,52937,2615,0,0,0,0
christchurch_69.tif,train,247753,0,0,67098,54279,84637,98106,39157,4440,38021,32504,719,0,0,0,18121,58424
kyoto_3.tif,train,403274,18416,0,71700,101039,51200,207426,97891,17897,19327,56701,52400,0,42260,581,50080,19630
tonga_66.tif,train,321188,0,0,102949,101616,79324,135258,10380,17133,106144,25807,435,600,0,0,21956,40774
slaskie_29.tif,train,329704,0,0,105766,178279,59941,9608,28062,10668,131279,23570,1533,0,0,104810,3123,2769
lima_13.tif,train,808496,788517,0,0,34,775,776772,11890,3760,0,0,0,0,0,27871,7314,59
vienna_43.tif,train,245669,0,0,67459,13851,113430,92001,18261,63429,17939,17842,200,0,0,6245,28380,52301
rotterdam_30.tif,train,299438,0,0,33803,15138,63993,159303,54335,37422,17079,37558,35932,74,0,2064,94296,47879
viru_1.tif,train,289954,0,0,76025,4492,54926,185456,11549,31275,26764,8900,2297,2149,32306,34155,86087,23527
vegas_22.tif,train,406321,0,0,149149,14643,166106,140204,31770,5168,36642,43096,6084,0,0,0,16570,203210
lohur_19.tif,train,433234,0,0,86999,317877,45234,15112,9020,8376,39213,2071,0,3,242507,86076,10261,3719
kujawsko-pomorskie_4.tif,train,299116,0,0,62088,145026,149120,71031,38580,30934,17186,21693,18,0,0,0,32124,30432
melbourne_10.tif,train,302583,0,0,1899,5714,68023,215237,59596,56386,33884,2591,0,0,0,0,139181,22655
kyoto_34.tif,train,298036,0,0,40533,98553,76816,112161,60436,37048,52408,37332,18678,0,1437,2597,47728,10345
dhaka_11.tif,train,241117,0,0,58758,10363,124895,60808,18703,23222,12122,30897,0,11860,0,0,26639,103967
shanghai_27.tif,train,312001,0,0,0,1411,227097,13264,32665,37261,0,0,3330,485,0,68019,48909,191561
austin_35.tif,train,332918,9736,0,148391,90096,68728,99543,28538,24374,52794,91717,10792,0,0,8803,13939,18385
pisco_44.tif,train,223656,0,4810,39091,5957,77662,125939,31168,11566,10459,34877,2328,186,0,0,62948,40321
dhaka_52.tif,train,275511,0,0,116022,15681,50064,90645,43055,3326,27841,55994,10807,28215,0,0,27722,81650
lima_23.tif,train,845591,793702,0,0,0,23881,654259,22049,8500,74,0,0,0,0,177163,5885,5669
dhaka_4.tif,train,200998,0,0,36560,26962,43864,79452,8806,7518,69033,24878,4460,396,0,0,38275,61792
tyrolw_66.tif,train,188435,0,0,91797,27229,24220,63052,24774,6123,31131,62429,0,87,0,0,16513,29515
ulaanbaatar_39.tif,train,446162,0,0,322592,0,48624,387455,18961,34523,0,4284,0,54,0,241,55985,19605
zanzibar_53.tif,train,420835,0,67,300804,93913,1090,185555,8793,0,52347,109177,30750,1377,26742,30523,309,223
ngaoundere_41.tif,train,357127,0,0,92340,199195,38064,58756,10717,15364,8603,34943,824,8141,201370,30523,5209,10205
kujawsko-pomorskie_5.tif,train,374258,0,0,196630,70294,76445,118272,40914,19285,9818,98857,168,0,0,0,50283,67550
rosario_12.tif,train,107904,0,0,40769,50996,11610,11555,7372,13150,25343,27287,401,1168,22409,3612,0,136
tokyo_6.tif,train,449755,0,0,28136,65247,99004,255763,89314,8103,39223,9543,10152,27,76553,4347,107373,106725
bielefeld_47.tif,train,307249,0,0,167719,48644,48608,88525,46654,26703,23490,126903,2229,0,0,164,18549,16310
swietokrzyskie_2.tif,train,252674,0,0,80308,136509,9045,174,2819,3638,84138,31261,0,0,73747,80582,2617,510
shanghai_54.tif,train,465754,0,0,120403,11915,97015,280854,57642,42591,172499,6230,0,392,0,0,18195,123772
kyoto_11.tif,train,475191,0,0,101072,9472,43373,322804,167146,19070,17844,32406,0,0,44152,46633,101604,44806
bielefeld_8.tif,train,246412,0,0,141418,34022,38394,82574,15114,16257,34934,65964,7,0,4833,183,11712,47412
khartoum_7.tif,train,881600,787072,0,1524,97400,29156,585890,23154,48283,7439,13530,0,87412,0,9852,33255,39233
tokyo_69.tif,train,412667,0,0,49879,80648,85721,223371,119485,6578,70336,9585,4240,0,32556,0,50450,92485
daressalaam_96.tif,train,196070,0,0,44189,6268,84719,56186,19820,35700,10065,26506,4175,65,0,24111,33102,47234
ngaoundere_27.tif,train,324842,0,0,138560,25900,61681,166466,9528,13962,25663,77233,3445,758,11082,6434,74883,34089
chiclayo_39.tif,train,484981,375158,9769,10243,7334,30886,268346,9112,24005,3343,5994,26433,129524,0,31182,29806,8827
accra_9.tif,train,284884,0,0,5762,52,133498,125546,54265,11123,19426,7222,1200,0,0,0,70733,140941
mahe_25.tif,train,215879,14262,149,68638,13139,20026,127341,5822,8296,12281,37380,81717,8258,0,8868,13133,12448
rio_50.tif,train,329825,0,0,1946,2619,32605,256730,92208,11258,31189,22870,0,0,0,0,171877,36348
ica_43.tif,train,287205,0,228,23068,1787,67046,187221,58881,11489,41902,7722,37337,8175,0,0,58971,70583
shanghai_10.tif,train,469161,0,0,42002,173742,126787,116933,90452,25696,105970,7962,0,42,0,47353,103950,97433
rio_66.tif,train,696376,641542,19,48625,189705,0,393298,6209,7209,0,6,0,106139,0,0,0,0
vegas_25.tif,train,233017,55024,0,6798,35551,119017,71916,25329,105936,19454,5869,0,0,0,0,7395,13745
khartoum_35.tif,train,315628,0,0,6498,4007,128179,150610,97655,35208,13570,17523,0,48817,0,0,69726,59463
lambayeque_39.tif,train,252067,0,0,135403,45493,9291,41152,15203,3822,50838,11048,0,96,39642,149222,1690,1234
paris_8.tif,train,598914,6,0,30463,76186,154532,317852,38488,136253,57029,1889,0,0,0,53029,318396,13705
malopolskie_31.tif,train,91164,0,0,47808,25267,15224,8963,0,5477,11802,33170,0,978,4581,15634,11749,1675
ngaoundere_30.tif,train,458161,2465,16656,49491,331718,43568,31976,25618,19427,15924,35045,0,2946,320249,18033,846,2360
chiclayo_24.tif,train,217992,0,0,22196,81656,93962,39299,3469,48127,50441,9748,6667,2024,30576,36526,10681,612
accra_3.tif,train,366332,0,0,107799,23002,61012,213285,43686,28551,39062,50574,6934,870,0,7470,107839,42580
tonga_15.tif,train,277838,0,0,109767,125349,21273,75760,19429,4329,112098,52673,0,9336,0,219,15271,10172
dolnoslaskie_25.tif,train,274456,25301,0,129672,87691,31827,48043,26765,3350,28467,103375,5975,8593,10818,10761,15631,12643
baybay_29.tif,train,254427,0,0,170963,39789,21822,30158,7704,1422,22528,170614,0,0,12912,2865,18498,9579
ica_48.tif,train,244229,0,0,41618,2333,77230,149706,23072,28210,21865,24381,0,0,0,0,80444,39599
accra_35.tif,train,420386,75912,4681,16199,342629,63462,45980,13825,4690,41375,9080,200796,1463,0,0,8817,11863
santiago_33.tif,train,414841,0,0,169945,8525,125860,209707,33328,63434,23697,64242,435,0,0,0,61576,68933
lambayeque_25.tif,train,435746,0,66888,242820,10142,33321,239277,9379,20793,40298,72281,0,9984,105713,4243,4215,12138
pisco_23.tif,train,572889,136045,30046,107428,110212,16072,227942,935,4749,22882,36444,0,78875,280593,83528,8934,1093
christchurch_15.tif,train,69202,0,0,25756,20291,4866,11805,12607,3424,22648,15611,3091,17407,0,0,234,664
vienna_27.tif,train,215315,0,0,4578,14824,135262,65043,59965,64399,4836,83,0,0,0,10941,10674,60025
chisinau_36.tif,train,222039,0,0,54386,16049,97229,88786,10303,69307,26666,31193,0,0,0,0,33455,16704
svaneti_52.tif,train,235092,0,0,140094,84559,4015,6858,1945,3730,9211,54364,0,0,75625,84895,4202,686
podkarpackie_2.tif,train,212352,0,0,124117,32928,52054,1688,994,17790,7533,27048,0,0,25094,132646,2560,252
christchurch_28.tif,train,189814,0,0,102252,19218,45408,30014,15173,28537,21242,40115,1176,1625,1,58124,4562,12181
khartoum_38.tif,train,295556,0,0,521,224,152830,133060,58923,13727,10335,20268,0,0,0,0,72947,128277
sechura_6.tif,train,383259,0,33673,66991,8070,298110,33924,11122,19325,6535,13083,0,5827,0,0,501,269357
mazowieckie_21.tif,train,255191,0,0,200676,23977,18193,85279,7619,8546,18034,127929,0,1046,20,328,10649,8086
vegas_45.tif,train,592166,409456,0,0,145799,132011,329318,32741,9070,9441,16650,0,33136,0,19760,8517,38433
melbourne_56.tif,train,280429,0,0,66593,58528,47581,153492,17024,29841,66477,19002,0,142,0,4803,82754,14621
abancay_9.tif,train,268898,0,0,80575,8690,72356,151359,9384,51379,35229,5867,5129,0,0,0,66225,51603
christchurch_65.tif,train,234416,0,1389,94600,55469,42553,116495,50760,3508,35679,13170,4302,1788,1,24272,6521,18325
kyoto_58.tif,train,418058,0,0,21254,67921,52566,273189,81678,34772,13496,19590,13297,421,94514,0,141253,22165
malopolskie_17.tif,train,227757,0,0,52017,108322,14229,51781,5646,13159,76736,24180,23903,4455,47605,14630,7621,11230
tyrolw_23.tif,train,204543,1530,0,47800,39559,60206,85421,26372,22400,17919,27045,644,60,0,0,50072,30058
aachen_16.tif,train,359035,0,0,163482,74005,77798,116674,27068,29376,72863,83901,588,0,0,34,17236,55045
chisinau_51.tif,train,252838,0,0,112639,11127,32346,149685,23542,9917,35281,64501,913,0,9171,9,38946,17599
duesseldorf_18.tif,train,363765,0,0,209406,46677,79453,64438,16672,29536,37389,183615,83,0,0,0,20762,39499
malopolskie_28.tif,train,124849,0,0,108461,13044,0,317,0,1064,14469,107677,0,1636,0,0,1919,1111
melbourne_14.tif,train,270442,0,0,1691,13183,46585,204986,60566,29311,62434,3891,0,0,0,0,99166,19071
paris_25.tif,train,481271,0,0,194833,65493,132566,179475,27903,36802,106775,38205,1499,0,0,3236,17695,158060
lodzkie_23.tif,train,86883,0,0,18714,37590,15857,1534,3209,1994,22623,4414,0,7200,25462,29874,1018,4277
rosario_4.tif,train,366663,0,0,117763,15897,60420,256937,10953,43829,58181,34025,0,0,0,1172,119346,14803
kagera_16.tif,train,404658,0,0,143658,175621,22531,78169,24134,5426,90340,131960,0,2275,119270,2009,4725,9198
koeln_19.tif,train,353254,0,0,110997,70744,71436,61648,11829,22461,42518,53180,242,1235,90272,41217,25960,102769
mazowieckie_20.tif,train,131643,0,0,17786,104462,4759,1491,4362,4914,28540,17809,0,0,70319,2716,5877,251
coxsbazar_47.tif,train,205917,6374,0,94477,95449,8421,1423,0,1584,80445,88696,10843,3800,4894,14403,463,562
koeln_29.tif,train,343720,0,0,175899,45516,65859,78354,31514,45583,12066,146244,0,0,0,16592,58382,11431
santiago_58.tif,train,404229,0,0,158926,13208,55934,234754,58613,34972,51636,73796,1638,0,0,0,77482,47499
chiclayo_33.tif,train,198427,0,3944,51004,86319,27410,52412,13195,8160,29517,10777,8091,1420,68121,33189,1089,2206
mahe_2.tif,train,397277,52091,2945,131529,10640,21458,167788,10503,7583,5392,158357,171786,2475,0,0,4518,47489
lubuskie_9.tif,train,212886,0,0,155168,40460,18894,0,4368,18101,34437,128823,0,0,0,25502,19,0
muenster_11.tif,train,157511,0,0,77202,27156,35009,28595,8767,19885,12826,32963,42,9,20037,43252,3628,5651
mazowieckie_37.tif,train,372527,0,0,103465,136291,11148,44446,12170,75019,95329,5344,0,7,133933,97435,16482,13985
duesseldorf_8.tif,train,252887,0,0,81342,86797,23247,59856,16402,15903,44592,52141,1695,152,77053,15972,8556,22066
svaneti_62.tif,train,345499,96175,0,145143,93651,13920,52214,2286,393,4069,3322,6247,98307,76947,96336,712,1276
koeln_4.tif,train,50527,0,0,11011,11470,1386,8729,9778,1659,6900,4304,137,8226,20304,9747,1011,6392
khartoum_36.tif,train,414795,0,0,0,1982,248446,68167,93871,6991,3041,163309,0,0,0,0,69437,174346
koeln_3.tif,train,255619,0,0,50958,46887,131732,32158,18241,83849,32347,13039,0,0,5100,72027,17241,7659
daressalaam_7.tif,train,283441,0,0,54428,1109,111254,134395,12779,25872,40494,33064,2349,0,0,0,62137,89001
melbourne_32.tif,train,317994,0,0,124624,12463,87067,163403,16579,53779,59682,38401,907,376,0,0,29135,49572
sechura_22.tif,train,162389,0,2370,25920,1560,61861,91743,23901,33052,9863,9917,0,2,0,0,40844,23745
paris_49.tif,train,425671,0,0,169570,55569,172166,102105,34624,25762,32402,43251,0,0,0,58025,16909,140959
chincha_33.tif,train,175129,0,14,16875,16205,66639,82769,25978,27741,20584,11479,3374,7812,8104,15461,33575,13648
tonga_25.tif,train,308157,0,0,83075,157909,31890,55422,24832,4837,149185,35221,0,23569,7729,17293,11446,13906
lambayeque_50.tif,train,123542,0,0,17123,142,24912,90305,50244,10638,2718,953,0,7609,0,6404,28545,7491
niamey_6.tif,train,242186,0,0,46230,16296,75279,142208,50441,15183,22294,29168,0,1147,0,1520,47942,36664
piura_39.tif,train,200068,0,0,71887,46914,19963,30176,26360,9887,73460,29882,5419,19918,2979,63291,0,0
soriano_6.tif,train,261263,0,0,74606,46950,82994,90620,49176,15227,28270,55513,247,343,0,0,25970,52610
coxsbazar_17.tif,train,305213,0,0,166558,115361,1695,152,5507,9333,49564,138881,0,313,81862,41124,27,49
santiago_5.tif,train,429793,0,0,123957,21848,61333,266307,59296,20145,100828,46609,5260,0,0,0,79119,74884
ulaanbaatar_14.tif,train,431474,0,0,300468,306,51165,359810,17070,36700,2593,14241,0,0,0,1720,60178,18697
niamey_3.tif,train,247545,0,0,13841,23452,99015,126436,36921,18292,32390,24503,23157,0,0,149,42221,54713
dhaka_54.tif,train,193303,0,735,32912,76099,21545,59379,5576,3516,80353,12256,12058,19894,0,422,40859,21002
tonga_28.tif,train,291895,0,0,173826,71176,25005,107472,18009,5308,59443,86049,93,184,0,3446,15519,18260
abancay_4.tif,train,290173,0,0,50066,24295,133608,103044,14267,36140,10794,35021,0,0,46521,0,34917,91673
zanzibar_15.tif,train,262899,0,0,224287,35794,4484,69,0,311,34128,222079,0,0,0,4457,0,189
melbourne_30.tif,train,217594,0,0,38126,5671,34306,157116,57514,15311,18291,14026,0,102,0,30,69357,25338
christchurch_20.tif,train,565824,0,0,30883,391606,51691,123331,0,36263,13665,53,0,0,466863,12341,2722,2230
accra_52.tif,train,369107,0,0,187642,10590,114512,136677,15035,40706,29100,84077,0,0,0,0,22818,97057
coxsbazar_52.tif,train,205601,0,0,116573,35354,31150,7422,5843,3320,16959,76514,7000,7719,11266,69783,16810,5489
accra_5.tif,train,330350,0,0,18457,341,111826,189126,65026,4971,36840,16828,0,0,0,0,98201,119084
accra_39.tif,train,330678,65435,0,121728,49058,87676,158293,19827,40245,21709,49750,901,0,0,0,13402,33332
kagera_64.tif,train,376892,0,1002,189438,142788,26485,8958,0,3953,43974,189169,0,2778,114280,23530,2715,4714
abancay_5.tif,train,304238,0,0,125937,46242,82892,148757,15828,21068,15408,40178,0,0,7985,0,56188,47993
daressalaam_22.tif,train,352191,14135,4235,41900,11960,192743,94300,56617,30617,25036,30973,0,1883,0,0,21760,178223
baybay_25.tif,train,197135,0,6194,104427,17873,40634,44565,17924,4727,20911,74054,1959,16398,0,13687,11280,19637
lubuskie_19.tif,train,203342,0,0,134351,47909,26364,11864,3823,3670,22369,76498,10627,79,0,51686,5808,11636
western_1.tif,train,397786,83443,17267,263476,34837,14496,199123,12222,979,16748,127721,3789,5177,0,3183,3612,9499
ngaoundere_34.tif,train,402070,0,28024,295684,40894,29353,87963,1373,29276,29892,36867,0,5721,39838,166401,5930,6924
svaneti_27.tif,train,304219,0,0,21121,275926,12029,47,0,47,220998,21136,0,7009,49712,0,359,54
monrovia_10.tif,train,515116,0,1879,166210,168699,32353,93987,8276,4557,22567,170786,16500,58738,258718,4545,10492,11925
accra_51.tif,train,157044,0,0,48853,55273,0,192,9376,991,50975,8269,0,0,47733,92319,107,0
vienna_16.tif,train,279719,0,0,11826,11208,105285,150461,53143,83275,5952,15625,13367,0,0,188,90146,18962
piura_10.tif,train,200807,0,0,16213,5280,67197,110956,29647,17749,30214,19803,0,4589,6009,2713,51527,39717
duesseldorf_41.tif,train,302126,0,0,45902,3417,88929,184285,28586,45500,17026,18869,0,0,180,0,121503,50055
santiago_36.tif,train,330670,0,0,37674,34002,111000,169078,47159,35643,82180,38439,0,0,0,0,52657,53508
pomorskie_37.tif,train,272937,0,0,84843,158185,8419,13488,7630,6549,60250,20635,28233,0,76533,71029,7029,3051
monrovia_71.tif,train,250805,0,0,94761,72597,76814,72278,11356,9295,33456,71337,4182,2871,3272,2937,26964,19490
ica_31.tif,train,473044,113684,0,54647,1182,5370,390588,17519,40292,646,34932,0,0,275999,2556,5179,3494
ulaanbaatar_23.tif,train,412681,0,0,294853,0,50417,349538,20585,28378,2933,4939,0,0,0,894,43893,28932
bielefeld_62.tif,train,267345,0,0,175076,43960,20977,14511,9637,6523,43702,25946,0,0,15145,170983,2808,5422
dhaka_40.tif,train,341505,0,0,153317,22255,108967,59980,33608,3529,11880,111692,10481,1807,0,0,23252,142242
zanzibar_145.tif,train,217285,0,35613,130405,74674,6345,22239,5226,348,70365,71956,0,1241,0,9258,4944,1956
khartoum_34.tif,train,385847,0,0,3677,40693,149510,215978,90364,14810,24107,20117,0,36470,0,0,118189,57779
lambayeque_19.tif,train,283795,63227,0,43385,14413,66670,179590,42291,24664,6988,23645,13325,3873,0,1331,47909,36279
wielkopolskie_34.tif,train,205334,0,0,64390,55148,21914,114040,29176,5051,34245,5281,0,0,43425,11018,12184,14796
coxsbazar_48.tif,train,181216,0,405,91157,44046,15536,460,0,3129,15007,93198,32563,10053,23889,27428,3064,2497
zanzibar_60.tif,train,165146,0,706,86183,69441,23569,14251,0,2992,54688,75832,0,1060,0,0,706,864
monrovia_73.tif,train,347086,0,666,184367,88986,19690,79173,7948,1543,21735,119002,13696,34972,84198,9288,15452,13456
slaskie_20.tif,train,873946,18519,0,4823,56171,16333,6768,0,4400,18264,1831,814701,0,0,804224,1306,552
santiago_11.tif,train,414632,0,0,171858,52281,72827,193260,46417,25817,65075,83055,4727,0,0,0,53728,60219
koeln_49.tif,train,49005,7116,0,27325,384,2277,8509,11941,227,0,0,0,11,330,36685,16,3189
kagera_55.tif,train,547363,0,0,22209,399937,39688,12297,1294,13575,109258,103796,0,1606,370257,10432,4657,5720
swietokrzyskie_24.tif,train,159221,0,0,106615,44579,5039,3093,2981,1136,34058,8155,0,17409,5608,83589,4920,1260
lodzkie_19.tif,train,147687,0,0,36629,20256,9793,5367,12949,2822,7199,87473,1388,1349,76901,8899,2828,21521
muenster_25.tif,train,161951,0,0,28051,71220,11644,37236,9546,18265,5064,24544,3478,0,102337,6468,1831,4218
dolnoslaskie_3.tif,train,436900,0,0,180291,160407,22474,148,9037,8409,16218,103083,208715,944,0,163909,165,0
sechura_50.tif,train,275176,0,0,95779,28541,37440,155119,27125,9114,18182,53281,3300,10194,61698,252,31652,18675
dortmund_51.tif,train,183461,0,0,65002,27441,30561,82226,29462,17549,23877,35055,139,0,5590,6998,28830,14192
mahe_65.tif,train,289180,0,0,205982,21863,23806,58745,12908,15853,24137,164135,0,7947,0,810,22347,19827
svaneti_40.tif,train,417618,0,0,42870,341354,8834,32563,22412,2615,29000,25642,0,364,311559,12964,2943,2116
abancay_48.tif,train,248768,0,0,51049,16883,88843,129842,12532,18377,20499,14879,0,0,0,2423,75845,66364
kagera_32.tif,train,406514,5248,0,245378,117284,25950,36456,23094,6775,48233,235869,0,0,48348,2648,10263,7482
pisco_18.tif,train,716799,162353,1124,60292,214756,6182,307299,0,191,201220,3412,192128,184112,94624,5905,0,0
svaneti_24.tif,train,462872,198618,0,133829,47281,3804,221461,14888,2394,16664,13527,83497,70238,3707,105175,7865,2796
mazowieckie_4.tif,train,434023,0,0,22550,25616,12937,842,0,17351,363299,10609,0,4306,34260,375174,977,125
podkarpackie_10.tif,train,228962,0,0,135219,81228,8518,1184,2180,4697,18304,44300,8797,0,48521,96110,7423,1443
viru_20.tif,train,276378,0,0,15150,4063,53469,198876,39578,18220,21406,18012,814,9001,27376,0,118585,28206
paris_12.tif,train,497386,0,0,252939,83083,78024,176314,23938,65931,112211,42742,0,0,0,5934,30274,123382
kitsap_35.tif,train,249868,0,0,87507,60713,41925,122147,37405,8826,54134,36885,923,0,0,0,27974,21297
kyoto_15.tif,train,435062,0,0,82406,119357,40300,211141,71242,19884,9537,36593,27169,866,142333,15005,62075,32216
tokyo_68.tif,train,422111,0,0,38059,84977,116950,203519,97717,6847,46217,2614,1146,0,69530,0,52492,124154
viru_34.tif,train,349156,0,44,237003,28235,11234,208287,7507,8874,36256,26411,0,0,55632,73312,1524,3993
ulaanbaatar_47.tif,train,324619,2550,0,192911,63529,33288,140090,5952,10201,4708,3770,4068,12925,55195,93410,25947,694
rotterdam_2.tif,train,247945,0,0,71962,34563,66502,55221,30873,19171,11738,30352,47168,6352,0,26122,19702,76164
lohur_39.tif,train,76228,0,0,17135,13218,14915,31107,5969,5436,11301,11608,0,0,26073,12912,835,1947
dowa_18.tif,train,204608,0,0,17825,443,44647,156923,25331,21642,4976,2472,0,159,15218,2536,96611,20433
wielkopolskie_29.tif,train,221528,0,0,49360,107081,52306,58282,28134,14607,76787,7511,0,0,0,11771,14941,22276
rio_18.tif,train,454526,30732,0,98935,273598,18204,31921,18383,6539,6772,84815,58384,0,222093,52066,1023,5587
daressalaam_86.tif,train,319963,0,30,101843,109603,141235,77840,30983,10503,8444,98525,2207,2865,13465,161,21786,20436
vegas_14.tif,train,337275,0,0,145196,19744,119563,159002,16362,35917,37435,58008,2443,202,0,0,16276,64402
abancay_12.tif,train,302662,0,36,31360,231550,25672,55423,16950,894,196852,7056,21321,171,0,262,10507,7270
pisco_25.tif,train,177205,11090,0,32419,12191,28053,31025,2,13034,36110,2504,0,68849,68407,49471,1124,131
vienna_15.tif,train,269887,0,0,17699,5706,139307,108739,2023,99574,2967,2108,0,0,0,23,107891,53737
wielkopolskie_12.tif,train,106859,0,0,33356,48993,37802,9389,5550,7981,21301,26172,0,0,5225,7210,3625,7114
monrovia_49.tif,train,224818,0,0,56354,91022,74177,68362,6386,4695,29479,19522,3251,2815,0,9367,55171,29035
maputo_3.tif,train,255616,0,0,50690,941,111416,117699,15128,20358,16931,31542,0,0,0,60,61451,85016
tyrolw_44.tif,train,166477,0,0,101761,44216,10399,4932,9835,1980,6972,97511,0,2694,36388,14338,1122,806
warminsko-mazurskie_12.tif,train,622239,0,0,470517,43600,65798,20044,12705,5160,26998,149498,44751,83,0,402623,1470,1231
chisinau_68.tif,train,326879,0,0,212491,11589,47846,87644,30997,6357,13281,176044,8425,4365,0,3623,13839,37257
zanzibar_31.tif,train,351924,0,0,44516,303071,24785,1715,0,549,282300,38347,0,0,0,7844,323,398
vienna_4.tif,train,363742,0,0,37048,18389,82478,242150,39840,49443,10884,13237,0,0,0,39,193492,40484
abancay_46.tif,train,248658,0,0,48371,50449,105718,107201,13687,18563,32811,10265,0,9620,0,0,48071,52560
zanzibar_33.tif,train,279397,0,0,112841,144742,6798,4486,12707,913,59945,124762,0,18,85993,2500,1113,1976
daressalaam_95.tif,train,237780,0,0,60451,7716,105588,79489,23183,18020,13734,62957,315,0,0,138,34509,69460
tokyo_13.tif,train,393176,0,0,41936,66085,175960,143538,61583,18003,16470,7058,12879,0,58572,6407,25776,152085
austin_30.tif,train,244855,0,988,72945,24640,38549,137113,24527,25373,90706,31838,5940,2231,0,2,12188,22670
abancay_28.tif,train,267798,0,0,44066,17316,126571,120668,21376,23608,15623,28501,0,0,0,0,60162,77705
tokyo_60.tif,train,361052,0,0,39274,96267,48228,176064,68982,10392,35016,4747,0,80,150428,20566,19124,52936
svaneti_44.tif,train,207140,0,0,87752,99528,21046,20992,19340,2734,38419,65583,0,2414,36881,13002,3702,2887
tokyo_41.tif,train,434850,0,0,51549,86529,110686,205482,102691,10788,53927,14574,0,0,76105,69,39892,117408
chincha_8.tif,train,370619,0,0,102497,34627,35994,267591,37023,12913,58005,12522,9561,375,44258,19809,83281,22782
ngaoundere_31.tif,train,427596,0,0,35922,137096,31549,42684,1813,17013,21356,186188,5298,10258,300132,22871,31526,11486
chicago_11.tif,train,291770,0,0,27204,4352,52752,219804,45441,18893,36455,12207,0,0,0,0,129918,36514
chisinau_61.tif,train,248019,0,0,58184,3217,84200,111362,29839,51382,24952,54671,0,3564,0,0,50844,23823
aachen_28.tif,train,55804,0,0,4030,18861,24914,1952,0,9200,33,2612,0,331,25472,18114,1355,4734
zachodniopomorskie_5.tif,train,189537,0,0,116140,29774,37170,4784,7,5498,33333,13445,2716,118054,6,17491,165,491
zanzibar_64.tif,train,332728,0,0,78114,167152,108455,21611,2487,924,61902,94891,0,2,81725,47538,45,610
vegas_35.tif,train,784245,681805,0,19917,114108,1312,488217,36120,0,36254,4790,0,3022,0,174003,8837,105
accra_7.tif,train,352818,0,0,17134,8109,126373,195300,80323,13749,38889,7315,7241,4743,0,116,82858,123486
baybay_61.tif,train,146565,0,0,85452,33981,16878,11436,3270,4437,21432,75030,0,0,13372,12478,6161,9203
kyoto_21.tif,train,649308,8907,0,21625,470603,30994,89184,20634,7993,46721,41818,9670,298,480515,9827,30242,29585
santiago_46.tif,train,324223,0,0,8159,29868,132514,145451,55705,43912,76134,53117,2014,0,0,0,49697,51875
monrovia_7.tif,train,291458,0,0,139342,41117,35904,145057,10692,10448,28952,74484,1330,1273,22728,3058,52510,16021
zanzibar_66.tif,train,439078,0,0,135643,195457,20930,49034,17689,2558,35751,156684,0,2008,226412,6932,2653,26405
soriano_10.tif,train,386027,0,0,31094,217455,248538,53058,49359,3473,42520,22776,0,0,0,0,14516,89265
pisco_1.tif,train,350458,89329,0,24346,57775,23794,124984,17138,9880,53462,14715,6669,109996,117778,29563,17942,3545
dortmund_10.tif,train,260578,0,0,74665,79181,80608,51529,4685,28039,57165,58878,752,0,11960,1074,30743,41877
monrovia_64.tif,train,324953,0,0,162216,7875,82805,118535,18763,18689,11932,123712,0,12214,0,186,49237,43742
chisinau_16.tif,train,304149,0,0,102096,72380,150125,115428,14644,25014,17279,36168,0,0,0,0,20005,55159
chiangmai_4.tif,train,210996,0,0,92947,55456,56082,34979,11206,17852,42714,57229,4558,15751,0,5486,3489,24243
pisco_26.tif,train,424847,72958,886,54177,89901,9902,187255,3785,15641,23443,14466,139886,51843,96855,63997,23841,858
dolnoslaskie_33.tif,train,178316,0,0,76960,64094,51398,2602,13799,26017,17388,43924,0,0,17700,41545,1071,134
tokyo_59.tif,train,338643,0,0,64583,37604,68067,183386,110500,9506,16126,11631,134,275,55603,22019,23630,74222
rio_42.tif,train,343328,0,0,0,4008,58447,259721,68176,41884,38257,7112,11211,0,0,0,167237,30603
abancay_7.tif,train,308336,0,0,53758,119513,138510,84455,12301,23681,34996,37354,0,0,27316,762,41455,42571
santiago_69.tif,train,349928,0,0,214643,19784,35657,96601,13886,31120,47050,160936,7366,137,0,100,31326,41250
dhaka_58.tif,train,277143,0,67,28906,22664,141675,73100,32565,7911,22204,48741,21599,6905,0,0,30194,117755
austin_28.tif,train,304264,0,0,33212,14120,108628,148214,48184,79979,47606,20988,1784,0,1222,688,63628,40275
chicago_21.tif,train,274811,0,0,50072,3365,83330,153421,52182,20252,19696,47125,0,0,0,0,69531,50648
chisinau_25.tif,train,252170,0,0,113242,9618,22307,154909,78231,11842,26580,63041,0,0,0,0,11810,12760
abancay_24.tif,train,238335,0,16473,101707,118891,3746,77340,9726,602,110042,17246,0,714,12585,5616,529,1453
aachen_35.tif,train,410626,0,0,243043,102351,17817,99499,13740,5323,12343,149781,864,0,110970,1697,11849,51975
wielkopolskie_14.tif,train,169676,0,0,26619,101121,62507,28279,9741,18794,58055,2419,0,0,0,5828,12754,13235
vegas_49.tif,train,327511,0,0,35581,80564,118186,101070,92859,63049,45435,67183,0,0,0,521,35450,15124
svaneti_65.tif,train,181697,0,0,85834,78740,10881,39760,0,0,63219,4203,18836,1344,983,57650,1944,0
bielefeld_59.tif,train,343178,0,0,126730,51343,89472,104424,19660,24959,71153,93774,9542,862,0,91,26621,67725
shanghai_55.tif,train,429844,0,0,53107,21856,103754,179970,32337,17660,21815,16747,16600,0,12759,100287,189472,93324
muenster_24.tif,train,179854,0,0,25417,114254,11713,8877,4222,2338,46255,13344,235,1767,88945,35484,3067,3790
kitsap_49.tif,train,275614,0,0,56032,90358,9717,11814,6818,1548,10032,164442,190923,2,0,1340,2092,6110
austin_25.tif,train,255884,0,0,49418,30579,49540,162894,40366,27805,28178,26823,0,0,0,0,88382,7783
rio_5.tif,train,408790,0,0,39743,24462,178977,154737,62903,20049,22356,52791,1086,0,0,0,103725,156751
chiclayo_3.tif,train,861593,0,784791,4364,1028,299248,61353,31388,555,27641,8896,6732,4218,477009,0,15211,752
santiago_14.tif,train,374507,0,0,131444,30585,103631,182098,33875,41680,39779,62354,1527,0,0,24772,64251,33018
abancay_40.tif,train,254055,0,0,22385,3161,163073,77546,16362,23717,7692,4809,0,0,0,52,44543,144770
shanghai_42.tif,train,466533,0,0,83432,20616,209278,107262,27766,49053,26594,52969,50143,727,0,13084,69320,222822
vienna_22.tif,train,151046,0,0,28172,32747,68624,43740,1482,32515,18396,19848,7176,0,0,1819,27196,20377
melbourne_26.tif,train,329221,0,0,88904,7186,111913,162660,50093,83200,36848,31255,0,0,0,0,41463,44920
christchurch_12.tif,train,279741,0,0,82775,47987,99757,102847,14732,30263,56842,39306,1886,0,0,0,23749,59338
paris_39.tif,train,353014,0,0,140473,103800,120720,55587,19543,23130,55958,83333,0,1404,0,10283,16320,75477
tyrolw_70.tif,train,191298,0,0,110579,52089,3245,6911,14056,1672,5122,105506,0,5525,57814,18644,482,951
mazowieckie_28.tif,train,161369,0,0,116572,36280,0,301,0,8696,12846,89,0,0,31947,115697,4,306
chiangmai_8.tif,train,272385,0,0,111061,11823,24044,165400,56655,11975,20683,63363,0,5,0,0,59942,19819
slaskie_26.tif,train,589058,2793,0,41628,283957,29407,81886,1440,22111,55568,5903,454906,28,0,190817,3316,4356
coxsbazar_68.tif,train,269555,42615,92,115256,70664,15251,57767,7273,12196,18334,101296,39843,1283,27130,24749,3853,1508
shanghai_47.tif,train,390015,0,0,23193,85547,66101,153558,25917,32133,92971,20,0,66543,0,44519,181833,7695
lima_43.tif,train,203062,0,0,0,415,142636,60393,26942,47899,5083,0,0,0,0,7517,28401,86838
rotterdam_50.tif,train,317687,0,0,20605,22326,53953,144115,62638,25010,27049,56187,85463,438,0,4027,67979,65584
aachen_59.tif,train,321861,0,0,113076,51945,113452,102486,52636,16456,24206,63726,773,0,0,2944,17718,84304
chiclayo_34.tif,train,258139,0,57,4463,44581,83699,104930,19522,6369,25716,33850,0,20424,114260,28724,10479,19204
coxsbazar_13.tif,train,192476,0,0,126304,26512,5183,7,0,942,19702,72899,14394,2615,26546,89349,347,152
dortmund_40.tif,train,242722,0,0,73434,22806,43838,124177,47253,28963,23581,51742,2,0,28769,306,25845,14728
rotterdam_6.tif,train,374859,0,0,64452,18617,160443,138735,55949,27779,34321,54355,4245,0,0,836,55449,134537
accra_58.tif,train,351238,0,0,2725,341304,46210,863,22129,1349,49876,524,0,0,228193,0,2105,7198
tokyo_48.tif,train,386084,0,0,17979,85308,98128,211045,140406,13921,49974,7210,0,3992,13305,0,66292,64608
coxsbazar_26.tif,train,220876,890,0,89794,78463,28790,34587,0,12626,58882,66577,22469,252,9213,25643,10838,2728
rio_30.tif,train,513369,180820,0,255769,118441,46807,48175,0,19293,11799,31007,0,22461,0,272405,18174,1587
kagera_2.tif,train,411172,0,0,219019,165862,12729,14279,9247,8716,37656,141317,0,106,127831,72612,4690,8280
koeln_16.tif,train,254072,0,0,32656,15788,107726,100619,36678,31199,29781,39932,0,169,0,0,47231,66365
lambayeque_35.tif,train,297132,0,17,86693,74212,15160,42869,2900,18941,56678,81902,11353,34086,122695,40278,1653,4827
coxsbazar_30.tif,train,343590,0,0,273004,58891,13809,2514,503,3345,5631,268725,25990,809,21758,8662,2895,644
ulaanbaatar_5.tif,train,367153,0,0,229018,942,17045,341647,46969,7772,4933,6136,0,0,0,0,69188,10656
ica_21.tif,train,197656,67833,0,10632,1015,44016,150650,20723,19021,11086,3464,0,0,0,1340,43366,22166
kagera_4.tif,train,319179,20595,0,36499,198655,52934,45769,7772,7402,95600,45248,0,0,100157,15124,5622,6981
santiago_20.tif,train,392031,0,0,95875,54492,117884,176440,47443,23178,77140,72520,2153,1069,0,2387,51536,61945
muenster_50.tif,train,175686,0,0,65283,16196,63204,61409,19753,39178,10162,16587,0,0,1616,22001,15668,20315
coxsbazar_9.tif,train,321342,0,0,237854,46270,0,0,4777,1668,25067,188180,9003,148,44641,84731,0,345
svaneti_1.tif,train,445565,0,0,411772,8850,15570,15276,8181,11066,1781,401635,0,2732,6216,0,2045,6006
vienna_5.tif,train,105967,0,0,26910,33788,44453,3539,0,31900,25138,14287,9466,17481,0,4837,0,135
dhaka_23.tif,train,287245,0,0,91948,20381,88515,128310,18688,18240,36577,34996,866,1250,0,0,50651,84068
tyrolw_50.tif,train,344707,0,0,270942,28179,32598,31285,13569,4778,20570,165558,208,16267,0,76959,6820,21681
kujawsko-pomorskie_3.tif,train,265813,0,0,49974,135889,130547,69560,54163,35841,5989,10357,211,0,0,0,24929,14166
austin_18.tif,train,251552,0,0,67336,19357,75220,80036,35405,40130,58800,75154,2196,0,0,0,12595,36875
tonga_58.tif,train,407993,0,0,307536,38007,22216,211671,22220,11738,31122,127821,855,655,0,128,24044,17973
ngaoundere_48.tif,train,387104,0,0,106919,123423,33017,196155,40825,12777,28406,30401,0,0,152012,12551,25925,11797
aachen_68.tif,train,252802,0,0,98915,104752,30453,13454,8009,5818,58346,23540,77,0,49746,86668,7256,18570
abancay_18.tif,train,263921,0,0,27266,22641,105115,128747,51918,22145,22095,16186,0,0,7878,0,49649,74202
sechura_45.tif,train,325105,0,0,59516,70774,185520,86748,32186,16190,7481,69988,0,0,0,56887,40402,24518
tyrolw_68.tif,train,358368,10979,0,156291,6114,3079,12250,35453,1515,146352,32507,1030,282477,4393,23498,791,7
tonga_39.tif,train,446951,0,113,27806,367009,12915,37102,22396,2045,378229,10759,0,3263,0,21596,5605,5064
dowa_8.tif,train,330126,0,0,81690,199,70991,232761,44738,16575,15913,35,0,2466,7220,3191,109574,74899
mazowieckie_36.tif,train,231719,0,0,148341,24690,2128,89360,39467,2861,26122,63609,0,0,9616,44424,6045,6775
ica_26.tif,train,826888,0,180664,0,53392,47745,541669,960,1963,82414,2708,0,46096,695323,242,446,154
daressalaam_119.tif,train,291310,0,0,110501,30615,64790,110993,39586,5862,17297,82865,3527,482,23773,35117,31836,25376
dortmund_8.tif,train,181082,0,0,66160,25923,47688,64789,10536,22934,19656,36842,477,6,9126,6727,27439,23861
vienna_45.tif,train,349120,0,0,30760,26788,104614,216692,140048,88728,14932,5468,0,0,0,5225,58766,6219
dowa_22.tif,train,312315,0,0,30346,27038,65757,200241,33056,26773,12449,2306,6720,0,99910,26878,64077,29079
bogota_1.tif,train,220096,0,0,112596,29015,50094,68540,28536,11253,20368,22155,0,60134,0,0,8502,28999
lima_33.tif,train,220729,0,0,35525,1409,43366,155914,105564,19564,5043,19913,1579,35,0,452,29652,23442
pisco_3.tif,train,344206,0,253,233049,32000,680,54274,5543,3967,59206,4585,0,1139,45046,247653,682,335
dhaka_53.tif,train,271917,0,0,27897,73048,49223,118959,17583,2795,85027,12094,96,16978,41764,7782,50327,40261
piura_18.tif,train,359872,20253,11507,102373,112171,5745,69446,1063,1164,55099,74586,23924,24866,150480,65874,935,258
western_12.tif,train,763395,463061,25782,116668,30165,0,608513,30930,656,17711,40631,135025,57182,0,0,0,466
daressalaam_129.tif,train,233165,0,0,19218,0,151027,60609,33188,7690,5271,5027,70,0,0,0,24391,159839
chiangmai_5.tif,train,193114,0,0,99444,15597,38150,71611,15462,13288,16411,76716,0,11,0,0,23647,15891
slaskie_32.tif,train,168768,0,0,30293,125557,23749,364,26202,6657,86067,19211,2318,814,0,16165,139,0
vegas_46.tif,train,290957,0,0,19990,31113,154755,92948,44308,11280,51849,46875,1366,0,0,0,18689,108741
tyrolw_10.tif,train,275925,43145,0,118599,154677,0,2234,0,205,114181,118778,0,0,0,0,0,31
lima_17.tif,train,208763,0,2229,19552,37621,59000,112304,47134,29213,25716,9809,623,7872,37899,0,18839,9715
kitsap_31.tif,train,313806,0,0,155601,20644,22308,213947,36643,14269,41371,51679,311,83,0,232,57572,12952
vegas_5.tif,train,156728,0,4158,0,54533,89566,57836,23354,1885,19553,15664,1663,3233,0,0,22592,19419
muenster_21.tif,train,277669,0,0,96923,84364,63592,65579,23432,28391,49539,55506,4899,15,19532,65,19752,43749
svaneti_57.tif,train,177208,18682,0,31956,126722,20193,21160,20070,2665,81581,9849,0,427,0,16215,4726,170
vegas_37.tif,train,161960,0,0,0,47364,80776,73316,38844,25772,17372,8620,0,675,0,0,24968,6213
kagera_50.tif,train,356276,0,0,154470,159424,45362,13636,7103,10019,82347,155846,0,954,63067,2897,3927,13500
tokyo_43.tif,train,441663,9120,0,69977,89508,69626,241329,90069,7115,54882,11054,37039,0,76563,10212,34387,82445
tokyo_46.tif,train,342208,0,0,25774,55692,92102,170276,92233,14770,56172,20114,12629,564,7656,0,55642,80792
lohur_13.tif,train,36685,0,0,19672,9217,5354,4241,1645,1736,8140,870,0,0,343,19972,1531,649
austin_26.tif,train,233927,0,0,53846,9754,67855,144435,30562,54852,35462,7455,891,0,0,611,45311,16820
paris_18.tif,train,493196,0,0,241783,45220,128644,150951,36881,94786,27751,126029,0,0,0,1193,58137,75017
vienna_29.tif,train,305161,0,0,8454,5546,82299,208430,61043,67268,3968,2840,133,0,0,1511,149264,19566
vienna_61.tif,train,264625,0,0,34099,47450,52590,151348,60093,39359,26510,20689,89357,60,0,2152,1976,3567
christchurch_53.tif,train,159577,0,0,37622,60173,57564,68717,35943,8733,22908,10050,0,0,0,2558,5540,9346
khartoum_47.tif,train,587661,0,291,0,155865,416784,112159,106276,35321,38456,23448,0,250204,0,4254,26145,6119
melbourne_49.tif,train,300070,0,0,49306,16918,83112,180675,92488,60812,31176,25006,946,197,0,32,43042,16430
paris_42.tif,train,559748,0,0,345988,41778,48442,252505,49210,24040,100261,64513,0,0,0,0,15847,176912
shanghai_8.tif,train,316130,0,0,104926,79148,55000,44237,19448,16505,51411,103751,51107,2886,0,28183,34238,41420
koeln_35.tif,train,297024,0,0,92295,18306,65456,164735,36001,30694,21124,50342,262,0,0,0,81886,32947
podlaskie_2.tif,train,609721,0,0,11574,542359,0,488,0,0,152877,12329,0,0,445226,54532,44,13
duesseldorf_49.tif,train,459567,0,0,61143,88782,48449,285496,19150,21660,34425,9137,365,0,244625,549,51410,53943
tyrolw_13.tif,train,487879,0,0,483115,2153,2123,92,0,392,2114,460449,0,17919,0,6867,527,7
viru_11.tif,train,271673,0,0,93237,14906,40987,162985,24161,10263,24704,30777,6977,129,49562,7591,32045,45022
chiangmai_11.tif,train,239220,0,217,113652,25423,13695,128592,37303,4083,37387,49506,871,2782,0,16937,36312,11680
mahe_17.tif,train,170054,0,2392,51266,32093,37584,73563,38019,6781,17944,28283,9650,18507,0,0,15591,8435
baybay_10.tif,train,243414,0,0,73440,12680,79252,92522,21114,16035,12448,50340,4398,27749,0,246,52762,43842
accra_17.tif,train,343879,0,0,80669,4623,91682,197049,21747,32420,59907,22442,0,0,0,0,89874,87345
daressalaam_123.tif,train,227873,0,4330,85065,12446,61265,120439,7660,11689,21733,20282,19928,436,452,2750,31770,55501
warminsko-mazurskie_1.tif,train,370149,0,0,27796,312185,949,2036,6271,2089,109903,34562,81371,2756,142342,16313,1517,208
lambayeque_8.tif,train,332846,0,0,126256,16190,50405,228455,50954,26439,14150,40181,0,1609,0,1018,91081,18954
chisinau_30.tif,train,253983,0,0,141542,493,51601,99146,23229,40439,20055,98121,0,1239,0,0,17556,14545
viru_23.tif,train,248817,0,0,21260,2785,104514,131250,42694,11046,20181,16073,0,0,0,0,60168,87663
melbourne_17.tif,train,345506,0,84,73808,104006,66217,96173,26076,37548,158109,9545,0,89404,0,422,21296,8324
kinshasa_1.tif,train,361578,0,0,255317,19184,62556,87831,22815,2038,5159,162149,0,21039,4855,9161,10876,60176
daressalaam_35.tif,train,348895,31847,0,87163,9010,148149,138134,24198,18306,13197,78111,392,536,0,635,43949,104163
soriano_5.tif,train,324182,0,0,95059,109469,121710,100192,48544,3999,32419,49033,0,186,0,9570,26450,51733
chicago_44.tif,train,324072,0,0,92921,24405,76738,170703,47297,12323,34755,70388,0,0,0,0,72361,46253
baybay_45.tif,train,94697,0,0,45038,16151,13077,12772,1849,4117,15451,15446,2804,168,6174,41436,10304,4607
zanzibar_117.tif,train,514879,0,11089,116448,322723,45715,43802,9392,6407,336325,7499,0,25803,0,95456,6999,2100
ngaoundere_18.tif,train,413299,162,1,263607,13234,49443,124323,34853,18096,8396,81140,12696,3950,5294,150573,38848,21982
daressalaam_62.tif,train,399026,0,0,55606,31587,234846,50650,24027,6594,17631,67045,7895,5602,35413,0,23608,237548
zanzibar_100.tif,train,533111,0,0,51055,360497,41789,111739,47496,922,329726,33262,687,4401,0,126,62358,22164
christchurch_1.tif,train,422315,126420,131,18705,249001,33756,80626,2531,51464,26599,4721,211537,0,0,29120,2767,7252
dhaka_25.tif,train,317467,0,160,15970,25752,54922,227936,89010,22322,39343,12228,7800,6403,0,0,110422,22666
khartoum_4.tif,train,395783,0,0,0,42151,80813,210720,99280,7643,763,50762,0,1503,0,37541,214927,45463
austin_42.tif,train,338455,0,0,163269,57409,40405,169391,19249,8881,93391,66585,1027,0,0,0,21114,36189
lodzkie_7.tif,train,585221,0,0,78263,130388,0,1606,6615,1996,28780,121101,0,107291,470869,2342,694,220497
paris_44.tif,train,479123,0,0,185335,79988,77680,141574,26437,114156,74167,54177,0,6244,0,66207,115504,16777
rotterdam_28.tif,train,313519,0,0,21786,23719,81541,123213,76540,66382,7585,59301,70447,550,0,1498,55620,38856
kagera_48.tif,train,270708,0,0,175858,47828,38359,16978,91,7437,27930,51074,0,5752,23383,136717,5087,4922
chisinau_14.tif,train,242419,0,14127,94658,61250,51247,57561,14474,12049,80927,70067,281,23940,0,2280,832,1145
kyoto_67.tif,train,373213,0,0,15367,95439,67114,199009,79594,16552,16220,13405,10348,0,122008,34,62562,48774
accra_45.tif,train,368042,0,0,91822,7499,79808,237921,60996,30546,7090,22165,0,0,0,0,128326,69911
austin_41.tif,train,278001,0,0,61376,16944,93999,143837,43440,77667,40096,21627,0,0,0,32,39090,17894
kagera_26.tif,train,472575,0,0,65547,280887,79125,108696,5653,13490,153445,55692,0,402,158908,3036,9897,10372
chisinau_9.tif,train,212418,0,0,18475,2824,66780,128599,20975,31123,22567,13667,0,0,0,0,83621,36205
dolnoslaskie_22.tif,train,399428,0,0,249516,62302,54689,70764,28318,16670,20469,27947,0,7437,0,207272,46436,7036
aachen_6.tif,train,383712,0,0,237049,39944,60111,148466,39918,23720,17627,48635,0,0,9941,7608,19066,115339
pointenoire_9.tif,train,258900,0,0,58844,799,75475,165574,67882,6330,24838,10213,0,0,0,0,31861,75984
khartoum_43.tif,train,432341,0,0,0,16417,208732,136856,72137,15302,19615,121758,0,0,0,0,131857,142008
lohur_35.tif,train,147432,0,0,81116,41041,24365,3926,554,2760,7278,300,1361,0,31085,98928,1673,477
pomorskie_30.tif,train,497541,0,0,28506,399977,12298,52001,8028,16329,48431,11235,7864,0,384395,11931,8019,6068
western_22.tif,train,323976,0,0,196466,2782,65690,153484,14876,7512,11818,106909,0,0,0,0,35126,53289
sechura_36.tif,train,198217,0,0,11925,1916,40124,154859,84296,17694,11246,3412,0,0,0,0,50626,20336
accra_53.tif,train,502896,13472,0,204182,200215,0,114304,0,56,35236,4098,250006,27609,0,156614,0,0
tonga_36.tif,train,379532,0,0,83563,118087,27526,216053,25340,7087,205261,21628,9452,0,0,0,28390,16677
santiago_9.tif,train,386172,0,0,241614,45742,20790,92461,11938,21537,64084,77753,23766,7484,0,122698,23980,18497
pomorskie_17.tif,train,114660,0,0,53202,40172,1015,14890,3069,3275,47492,32364,2085,14681,0,2835,7797,6443
monrovia_9.tif,train,323724,0,596,90588,71260,17411,155715,8027,1092,29688,86077,158292,1175,0,40,19718,7769
mazowieckie_14.tif,train,104581,0,0,63816,22291,1675,85,0,3611,23411,2011,0,0,13863,75340,1816,1243
mahe_46.tif,train,290265,1164,0,178136,4257,38048,150397,23153,9604,17572,89370,0,327,0,0,32192,36310
kagera_10.tif,train,385145,0,0,192371,130367,26435,95099,29845,3427,110779,139845,0,796,16663,3970,9052,11641
kagera_62.tif,train,560587,0,389,199122,225408,63753,19315,0,9499,70770,289006,0,2693,220478,2679,6464,11598
vegas_36.tif,train,359943,0,0,159900,6420,66222,124585,39815,146836,21285,25569,2329,3298,23,10044,70369,43191
lambayeque_28.tif,train,505875,0,204609,145515,103257,48376,162625,18628,949,69754,25419,0,4841,223216,4029,386,146
santiago_16.tif,train,259165,0,0,139121,69067,28822,3429,24863,10402,63719,174464,0,70,0,0,2640,1733
bielefeld_28.tif,train,330282,0,0,146471,49294,70590,100736,63123,28938,29141,117919,675,4,10774,0,9508,33391
paris_64.tif,train,466693,0,0,196900,88282,88855,152481,35558,30673,120087,71376,0,132,0,9202,25293,114547
bielefeld_67.tif,train,393586,0,0,307036,67948,2912,1398,9649,6927,16623,304375,0,5582,56190,6556,1176,800
sechura_43.tif,train,289778,0,0,19196,76567,130627,72087,45680,9849,11481,43269,0,0,68617,6131,14177,81875
ulaanbaatar_2.tif,train,414258,0,0,233030,948,26579,375877,45957,12645,4614,5605,3465,3865,0,0,100613,15318
dortmund_28.tif,train,292871,0,0,147044,30369,75418,84852,21559,35551,31305,97196,377,18,0,7572,17168,37313
melbourne_5.tif,train,265206,0,0,35202,73202,92989,123603,59624,32164,43742,12219,0,1207,0,84,33649,22727
rotterdam_36.tif,train,291330,0,0,30046,12497,87862,127001,45085,51216,15632,46487,41741,9,0,547,70964,53573
khartoum_23.tif,train,269972,0,0,0,7734,109222,111409,70554,14590,12698,54989,0,0,0,556,77498,80694
chiclayo_42.tif,train,819593,653013,0,146314,71209,3624,681054,1972,2309,2612,1499,206,2290,0,60425,11852,807
viru_2.tif,train,300604,0,0,33183,2841,96588,177631,30127,29210,11316,13694,433,6052,10649,177,118308,70999
lodzkie_24.tif,train,258632,0,0,26379,125482,3154,28357,7574,26449,12331,54022,0,1884,204667,11637,4527,10801
monrovia_50.tif,train,223819,0,0,41770,112443,57298,62223,1351,8294,41356,14265,18838,791,0,5400,63206,20403
monrovia_54.tif,train,213579,0,375,75726,33506,44017,72730,3135,4733,3537,10836,67965,28534,0,19654,19199,43211
kagera_43.tif,train,380398,0,0,204566,149574,20046,8540,3422,8664,49172,111952,0,10051,99878,88036,3314,3581
dortmund_26.tif,train,208505,0,0,50232,124266,13129,16571,9849,11234,19559,14433,2893,0,110694,32298,2149,9703
monrovia_48.tif,train,204580,0,134,55984,53279,82146,62203,3070,7487,13375,11256,0,218,0,25299,50005,44704
zachodniopomorskie_10.tif,train,152239,0,0,105888,27496,25391,36213,7748,13520,11768,58583,0,0,0,0,1444,16427
kagera_42.tif,train,654487,0,0,77195,388851,29275,35713,16114,4901,38067,214805,0,144,491040,3942,2796,6131
podlaskie_6.tif,train,49877,0,0,40870,8536,0,143,0,0,8989,32147,0,1358,0,7693,18,0
vegas_12.tif,train,349669,0,0,144527,13838,91421,195041,51321,6687,19161,38946,10065,18,0,0,33174,95139
koeln_46.tif,train,314157,0,0,122277,37439,108808,91056,22994,15535,35031,72990,365,0,0,7149,24682,89988
lima_45.tif,train,68759,0,3082,0,243,12290,56466,27301,7195,2648,16,0,291,0,0,26520,1466
aachen_19.tif,train,404394,0,0,217643,24532,62240,174031,76256,9424,19733,138259,0,0,0,1131,28522,57017
chiclayo_29.tif,train,375477,54583,0,61149,78071,77888,41637,1405,22846,82314,12364,17148,112428,77334,107272,3656,859
western_14.tif,train,588075,34966,14301,357429,36803,18088,154181,6313,11029,15289,322508,155990,3305,0,41700,0,4248
duesseldorf_24.tif,train,388590,0,0,81296,107134,67238,168055,39099,24700,165861,23946,727,0,0,5800,34369,58955
zanzibar_105.tif,train,315502,37218,3075,91895,183607,29445,54406,17117,62,129316,32176,0,3632,0,37828,10511,716
aachen_36.tif,train,156092,0,0,94005,28138,14922,14201,4749,5380,12571,42856,5442,86,19732,54141,4671,11290
paris_20.tif,train,444079,0,0,171462,96495,80734,116660,14214,35222,139591,36940,201,0,0,75948,37877,82814
rotterdam_41.tif,train,310442,0,0,23321,8028,42868,166092,68310,45446,23144,53250,68016,99,0,2547,84783,34980
rotterdam_32.tif,train,281759,0,0,23235,24446,94615,112178,79950,27285,932,3225,61326,1042,0,46912,21701,66671
lohur_15.tif,train,325500,0,0,79832,53999,32906,147978,20265,5412,24938,70071,0,0,104543,20519,63016,27521
lodzkie_13.tif,train,160385,0,0,30772,12504,4483,5101,1278,8377,3055,108761,0,16,119849,19087,948,6539
rio_28.tif,train,269539,0,0,131169,95332,28611,60819,63268,3356,17822,72047,0,0,0,0,28669,37985
mahe_45.tif,train,320424,19240,36,119552,11826,44926,187925,32948,34199,10957,65029,75475,2408,0,23,17326,18978
rio_62.tif,train,627033,0,0,118392,368804,406741,84216,14422,9001,7542,104681,6048,0,0,12637,73888,47694
tyrolw_56.tif,train,217323,0,0,71232,17100,34827,123681,52491,2768,13966,40627,0,31,4878,517,39929,32599
tonga_27.tif,train,383212,0,0,229457,71144,34689,210082,27203,2691,74755,60980,0,568,0,0,17108,37747
tyrolw_33.tif,train,1032151,0,0,11999,6297,0,428,618,65,714676,419,0,1024863,302451,65,2407,14
christchurch_37.tif,train,287140,0,0,75547,52594,68635,132205,46021,5668,74198,36721,5066,278,0,0,17673,59674
monrovia_5.tif,train,288381,0,0,154847,19131,50032,104661,21050,8581,21502,119567,6424,8887,0,23,34526,27531
chincha_2.tif,train,313375,0,0,21063,3951,96973,205802,15256,14339,29911,6727,223,0,2474,335,147475,82221
koeln_25.tif,train,272563,0,0,142235,36151,48475,117352,19530,32346,11657,6556,0,19632,12952,52707,37714,7819
daressalaam_103.tif,train,316445,0,0,77940,105443,51511,171598,11862,10829,65542,17192,0,924,91115,714,18475,9745
chicago_32.tif,train,227663,0,0,0,0,95199,114604,63100,54428,0,0,0,0,0,0,69364,58631
mahe_20.tif,train,411138,0,207,35249,233475,24628,64169,11739,840,33346,5158,306176,60233,0,21293,0,25763
ngaoundere_62.tif,train,508423,5080,0,385295,5031,21266,437073,30498,7775,15954,34592,0,0,28803,4723,21527,19229
soriano_2.tif,train,250632,0,0,133702,61252,60411,36521,17505,10191,25953,28780,1220,2,0,91449,11841,22437
chincha_15.tif,train,345213,0,0,14267,1896,66227,266286,40693,48526,24073,6587,2774,0,0,0,197179,21918
dolnoslaskie_34.tif,train,464403,0,0,317302,60443,31299,47653,88239,29613,16325,33571,0,384,2882,290460,8356,2279
chisinau_43.tif,train,256148,0,0,86484,2042,54076,150056,54096,8236,23682,57703,0,0,0,0,37810,38111
mahe_50.tif,train,210116,0,0,60468,7917,71531,112892,38534,36033,12477,18624,0,0,0,0,27106,34650
coxsbazar_66.tif,train,341431,0,0,9796,329975,0,400,5229,2827,297587,7523,0,643,28819,63,0,0
lubuskie_13.tif,train,414136,0,0,83128,256158,28160,7753,8391,10958,162478,13186,5431,0,116361,124226,10187,1855
baybay_38.tif,train,170083,0,0,137942,18748,4555,4380,3499,15,15449,117529,0,0,6454,27769,2184,1642
muenster_52.tif,train,230122,0,0,49172,71894,84987,49234,17166,15624,58615,22946,147,0,5170,15170,14865,55254
lohur_30.tif,train,251193,0,0,25700,180619,51254,43243,8191,8955,21343,6355,0,0,134821,9480,9884,2541
chiclayo_44.tif,train,821547,485548,2052,225236,8976,88305,461068,13194,5609,3586,6152,0,2191,1906,335477,3772,22
muenster_43.tif,train,318136,0,0,112542,52317,111601,96754,45612,28552,26399,70820,123,0,0,2477,21859,67216
daressalaam_120.tif,train,242043,0,186,115108,3754,48670,124563,25129,4302,9823,79544,0,117,0,1680,43313,27897
khartoum_8.tif,train,349112,0,0,26816,36799,154007,153267,80293,43722,12067,25212,564,10853,0,32979,75365,46280
kyoto_22.tif,train,394149,0,0,183861,39942,34863,205805,68284,24197,40122,40928,15818,440,9807,419,41394,82418
aachen_2.tif,train,150438,0,0,64311,40454,6344,11247,11992,1059,19288,45516,3993,545,28175,50442,16335,1175
mazowieckie_2.tif,train,186081,0,0,28389,86841,26722,9194,5604,4116,37059,38835,0,0,82852,42608,5455,4487
podkarpackie_6.tif,train,515623,0,0,24605,480584,9672,1120,0,1854,24990,16749,0,3351,454711,10150,1645,1815
daressalaam_107.tif,train,246761,58287,0,59163,2974,90374,145323,3194,67468,4729,7299,972,0,0,2290,30042,21407
sechura_17.tif,train,444373,354478,87,311,17094,15292,387887,9566,9961,1061,1137,46295,23560,0,0,17370,4647
zanzibar_61.tif,train,256372,0,0,106694,100139,3965,4905,9069,340,32690,136455,0,181,103019,5455,935,8897
vienna_54.tif,train,259117,0,0,75657,62113,38730,72165,59851,24269,65371,42848,1632,0,139,36853,17737,20869
muenster_22.tif,train,310675,0,0,127324,11746,61368,168245,61289,39308,14579,65686,0,0,0,0,46115,25690
melbourne_41.tif,train,279431,0,0,37123,13148,103364,142634,22529,55056,65408,39096,0,84,0,0,51007,29413
mahe_6.tif,train,72298,14464,0,27083,24468,4953,3933,228,7552,13536,27902,0,3715,12034,0,0,4728
ulaanbaatar_33.tif,train,400236,0,0,270443,121,31485,360171,22795,23018,0,5727,0,0,0,0,75513,11199
vegas_30.tif,train,276463,0,0,62261,24361,96068,90339,45998,21170,35212,46391,14276,18154,0,159,22648,75889
chicago_18.tif,train,92562,0,0,23241,559,5322,85249,56506,6720,365,18,0,0,0,0,7128,16
duesseldorf_63.tif,train,124341,0,0,61920,25253,34887,499,1964,11861,13556,8704,0,0,10730,76211,1284,1813
dortmund_46.tif,train,272280,0,0,55109,34016,102683,93561,39730,26904,35695,52615,455,0,0,1122,38608,64062
vegas_43.tif,train,274743,0,0,35210,2704,120216,133901,46029,5544,39694,15536,1541,1438,0,0,32053,115620
zanzibar_110.tif,train,408900,0,485,176199,141817,3243,209781,33771,2988,144138,45340,0,904,0,42,51549,7543
dortmund_31.tif,train,310938,0,0,88861,76240,115918,57743,17567,34193,60790,80184,637,0,0,0,27165,62578
accra_22.tif,train,354110,0,0,153290,52198,126416,83831,16915,33052,25968,129282,0,0,0,222,31521,55525
baybay_63.tif,train,194179,4771,0,43939,24031,56381,65531,7693,16122,34670,45041,2661,137,689,330,43375,42987
monrovia_55.tif,train,166357,0,0,57647,23658,58607,62179,2120,5316,8476,16508,10578,2683,1312,0,27617,56013
bielefeld_12.tif,train,284358,0,0,172326,35192,59993,57890,20265,11416,16182,90633,5039,1221,3467,38498,7086,49508
khartoum_53.tif,train,361902,0,0,0,39,137529,208901,140307,23615,2478,12366,0,0,0,0,81588,116981
pisco_48.tif,train,210438,0,1263,100146,4285,10985,186672,52459,681,5905,1881,0,13928,0,0,40943,1728
mahe_29.tif,train,287875,0,12682,179278,21730,50482,150814,14879,17329,14475,53158,0,3466,0,3477,28761,25219
coxsbazar_20.tif,train,360988,0,0,122473,46388,56622,195581,12640,8710,42754,34048,9226,79,37839,16069,79434,60113
slaskie_24.tif,train,177282,0,0,39059,95451,27080,45061,19829,7870,80170,12877,0,0,4479,2321,6665,13702
chicago_24.tif,train,627225,17611,0,27013,502129,39058,80024,26653,17788,18737,11668,0,792,479144,7493,19009,7331
rotterdam_48.tif,train,311030,0,0,27942,11215,60628,137557,67143,64888,20490,56737,75696,36,0,1628,59131,38969
coxsbazar_5.tif,train,304840,0,0,174767,121745,7880,70,0,1066,48567,173675,0,0,73626,7468,0,816
zanzibar_76.tif,train,276807,0,0,174707,76029,4309,5955,0,2,39129,87822,0,8520,58286,96510,376,1969
pisco_7.tif,train,216981,0,0,63368,11817,39110,112185,13109,10876,13555,14266,0,5777,9283,42898,78556,19162
chiclayo_8.tif,train,237531,0,104252,9930,11311,151309,70125,30132,7200,16068,33873,1229,5460,743,33,28120,5277
abancay_32.tif,train,324516,0,0,109867,45862,65785,189422,43111,16854,45591,19521,0,0,16228,0,43934,52857
khartoum_59.tif,train,518315,50699,0,118107,96788,118636,186446,71788,23426,35995,82026,0,2988,0,67240,123090,59401
svaneti_11.tif,train,331237,0,0,118552,133034,6330,38711,15980,872,30475,101035,0,21394,158435,29973,1465,6218
wielkopolskie_3.tif,train,87106,0,0,32072,30207,4278,341,9451,995,22144,2764,0,0,16852,52636,2309,163
aachen_51.tif,train,283263,0,0,72850,101146,80642,56493,10208,21895,59964,25175,31,0,43364,14260,16204,64294
kyoto_29.tif,train,307032,0,0,35389,57192,83167,154136,58300,27282,66020,39932,10887,0,0,0,53269,28490
tokyo_37.tif,train,315253,9748,5120,41120,90466,67991,119184,46540,14580,88438,28643,17353,9270,4486,0,39577,47990
ulaanbaatar_28.tif,train,331849,0,0,120467,401,62131,255051,15548,39708,16588,13087,0,3,0,0,117115,23599
kujawsko-pomorskie_2.tif,train,417840,0,0,2590,368067,370,1424,14047,129,350838,5983,31226,1022,17831,41215,938,0
vienna_40.tif,train,255147,0,0,36530,47003,138719,93860,16724,57821,9645,5311,51,0,0,1183,53478,49969
vegas_42.tif,train,897697,754422,0,52509,3644,7981,863549,41137,336,28821,443,0,9789,0,0,12827,19936
koeln_54.tif,train,349602,0,0,120237,54468,70534,130585,44910,36971,49080,96429,661,0,0,0,64180,31149
bielefeld_15.tif,train,455837,0,0,306979,32787,64110,136300,32209,17191,12719,165535,68,191,19040,40965,20712,62868
podkarpackie_5.tif,train,288395,0,0,151768,120958,4882,1704,5442,3749,11280,9942,3855,0,109386,150659,1782,1383
dolnoslaskie_15.tif,train,360493,0,0,270139,68221,10822,2282,6631,802,17654,47448,19055,0,34904,239881,1288,1859
rio_27.tif,train,461225,0,0,215863,40902,101455,146709,58757,10207,38622,149242,4426,0,0,41,42102,114124
piura_19.tif,train,179995,0,0,8936,739,62823,111667,18026,33368,22081,3798,0,0,0,0,68129,30423
zachodniopomorskie_9.tif,train,216752,46682,0,115793,58769,0,0,0,0,12621,112286,41165,45697,0,0,491,0
rotterdam_42.tif,train,347590,0,0,36689,22392,87421,175255,62440,39840,21874,46287,29213,530,0,6198,109953,57088
dortmund_69.tif,train,142850,0,0,82191,13371,20832,49940,9914,14714,11683,47932,83,3598,3080,3739,15067,9556
kagera_9.tif,train,505703,0,0,123462,296272,50543,49626,3865,443,55366,133780,0,108,268152,9913,4315,15561
shanghai_9.tif,train,257371,0,0,0,1412,239252,13031,13457,24117,0,43,0,0,0,4272,4662,214496
melbourne_16.tif,train,292402,0,2,23835,61606,65649,134480,46450,54565,122138,5504,0,22477,0,0,34330,13768
western_26.tif,train,367538,3360,134,221420,27924,42167,188128,45232,5676,17274,114807,1859,15,18487,3634,17739,27220
duesseldorf_53.tif,train,341061,0,0,140934,76920,65158,98767,32486,17568,74927,65438,141,0,63,41955,27352,40413
viru_50.tif,train,167050,0,0,32021,10684,71087,60514,13142,36404,11167,15001,3080,1264,11099,17178,25454,26005
muenster_12.tif,train,206210,0,0,59609,44244,21659,74660,15360,22917,10308,25717,0,4496,92725,28205,6549,5971
monrovia_11.tif,train,281473,0,0,169266,17722,56523,107669,6982,17522,12121,120425,0,38,0,0,36581,18097
wielkopolskie_38.tif,train,164175,0,0,102916,42589,18271,1127,12497,7783,27624,4116,114,0,2377,107849,376,711
kitsap_28.tif,train,254898,0,0,84361,20337,30223,181118,50123,15678,31899,27157,156,35,0,0,58136,10573
chiclayo_45.tif,train,558668,303715,9921,32846,47727,29303,258856,0,33685,0,126,191417,9335,0,197661,1387,1357
aachen_55.tif,train,309927,0,0,79590,152377,40971,50909,16719,13503,78536,49238,9448,14,70132,11365,14531,32521
wielkopolskie_28.tif,train,215621,0,0,42471,115309,60815,45877,4685,30489,95034,3662,0,0,0,383,12616,19901
tonga_1.tif,train,327155,0,0,101630,102637,46241,142640,9697,14219,146687,26218,0,22924,0,0,22900,18517
kujawsko-pomorskie_11.tif,train,250872,0,0,83006,86918,77683,86723,37610,32707,35358,18990,0,15826,0,125,17215,9583
muenster_37.tif,train,232375,0,0,27770,23674,87120,105280,45238,12671,25758,17423,10146,1411,0,0,36343,71916
duesseldorf_30.tif,train,291167,0,0,122891,24794,65057,134385,32571,50895,41135,52858,0,0,0,5483,29513,22752
lohur_1.tif,train,274540,0,0,114708,72925,17916,148461,33515,3861,40558,11640,0,0,40169,15387,27674,22266
muenster_20.tif,train,178454,0,0,74488,76596,9871,14732,19931,8927,12967,17831,1300,2638,56788,52376,3109,5354
zanzibar_65.tif,train,506154,0,0,331708,76533,0,260390,3839,1740,62681,94191,0,164,107737,72951,189,185
mazowieckie_12.tif,train,115560,0,0,83886,26716,1496,0,0,0,22745,28622,0,0,5699,59979,1734,243
chincha_21.tif,train,410767,0,0,25243,56471,24072,316184,18181,7896,33375,14400,5530,958,286465,249,17901,14609
khartoum_2.tif,train,338413,0,0,524,1016,146081,176012,110219,16862,31601,5752,0,1074,0,0,49988,137697
kampala_3.tif,train,237277,0,0,59095,34291,97066,88505,16033,21276,22960,21159,3277,0,0,6008,38846,66038
vienna_17.tif,train,476766,0,0,92462,25620,195966,183260,1116,54591,8442,6050,0,37520,0,133611,178780,36114
dowa_1.tif,train,405003,0,0,256579,37847,53964,222899,18371,19571,28460,63657,70,0,34826,49852,12733,11177
accra_41.tif,train,449908,0,0,345236,22552,33534,375499,42341,18694,16872,12245,0,0,0,0,11925,20918
vegas_6.tif,train,280597,0,0,20729,2691,151818,96275,40198,6308,45935,14678,1775,0,0,0,20142,160645
melbourne_55.tif,train,294689,0,0,52315,69231,73861,154577,43896,42005,68564,11780,0,5771,0,674,56053,10651
rio_16.tif,train,256324,0,0,4080,54816,132324,122018,26120,43968,0,807,0,0,0,0,93800,34715
rio_36.tif,train,232955,0,0,13053,69009,80067,127928,33485,446,1667,5634,0,0,0,0,104683,29938
christchurch_29.tif,train,224177,0,0,74791,52309,78137,63835,13394,13159,46993,38028,0,0,0,0,10862,56846
zanzibar_68.tif,train,304069,0,0,142541,129520,2674,9137,13307,278,78830,152554,0,1788,63961,7683,2756,3109
rotterdam_47.tif,train,387865,0,0,45032,127963,236680,72305,97436,73145,5140,670,0,3569,0,12886,3577,97327
kagera_59.tif,train,449781,0,0,25092,302095,37760,15318,1898,12278,90095,93591,0,193,290126,20401,4810,5905
soriano_18.tif,train,194372,0,0,52811,61298,54047,76012,27302,14684,31496,11217,0,275,0,11205,28716,19681
duesseldorf_9.tif,train,301172,80019,0,45839,44397,52481,177634,51340,48224,49902,15232,0,0,0,0,21591,15685
svaneti_70.tif,train,393738,0,0,302625,36942,5225,28225,12215,2887,13252,281563,0,39946,58947,18,1474,4157
zanzibar_92.tif,train,388827,0,0,192059,77368,45599,168735,1051,18340,33677,91754,0,1085,0,0,116441,31545
chincha_13.tif,train,370421,0,0,65517,56741,56775,187700,11878,7565,17304,71305,0,0,161121,8321,57826,38789
zanzibar_135.tif,train,225336,7644,3580,74466,109599,16075,42714,18979,461,86797,38100,0,4354,6544,21857,14831,4671
pomorskie_19.tif,train,156558,0,0,36042,79874,1144,10675,7515,11495,35127,48590,16253,2041,58016,3881,2461,2
melbourne_59.tif,train,340159,18651,0,173628,34933,52791,206744,20156,40380,59404,41420,3399,5462,0,3211,12130,8009
monrovia_1.tif,train,244622,0,0,84202,6835,52955,156644,51871,10739,12057,26327,0,516,0,0,43537,43561
dhaka_17.tif,train,202272,0,0,16974,266,104618,76750,4373,37854,16514,6917,1385,0,0,0,58408,80485
lohur_28.tif,train,278609,0,0,126269,52968,19385,137155,22194,13900,41813,22194,13996,620,13351,36664,41601,15108
duesseldorf_57.tif,train,417227,0,0,194652,76661,47311,212370,24258,28345,63082,62969,807,0,61614,1126,25503,35756
tyrolw_58.tif,train,384442,0,0,68382,6699,25493,278905,48038,5790,10307,38241,212906,4712,0,31650,19316,18445
western_20.tif,train,565482,53474,49961,230390,27337,631,322790,13406,3927,21388,136194,246193,21610,0,2561,0,1102
shanghai_70.tif,train,356776,0,0,54476,113498,97374,144040,56885,39751,68882,14106,39071,0,0,0,40088,45381
chiclayo_25.tif,train,225000,0,0,39233,79426,17326,35321,34347,12028,78122,732,2451,29527,53521,67966,0,0
tyrolw_15.tif,train,525100,0,0,430338,25820,5200,4517,1989,4301,16383,195388,0,1963,68105,292224,3085,887
christchurch_33.tif,train,269507,0,0,72169,73040,100212,82715,14394,11172,54940,37627,1105,0,0,0,26687,64953
khartoum_14.tif,train,553125,0,10450,0,14155,293837,127111,198623,7308,0,14447,0,324968,0,0,60665,54686
chiclayo_48.tif,train,801290,762966,0,9217,306763,0,38875,0,4775,1475,301,3812,18845,23820,431731,0,0
kyoto_46.tif,train,414033,0,0,69563,69737,22806,190805,74289,13181,10607,96246,141462,989,32637,31061,62669,12014
niamey_8.tif,train,258456,0,190,94508,39166,86926,97832,38690,12868,9153,52759,10562,0,0,14945,18617,40696
lambayeque_3.tif,train,259694,0,0,138332,2950,54231,132006,7816,29027,20899,76566,131,0,0,0,38285,19145
lima_16.tif,train,252283,46527,0,23735,12422,99372,140664,31734,50245,7614,1714,0,741,21351,0,21950,46497
kitsap_43.tif,train,180105,0,0,70995,106830,0,650,12489,117,96621,72479,0,29,0,0,0,0
dhaka_36.tif,train,286365,0,0,89454,58277,44264,119485,18518,1859,52906,36287,2171,7847,13714,0,65338,62610
lohur_31.tif,train,250821,0,0,77765,68458,23793,108723,30339,1429,51024,7534,0,1,37959,49211,29941,15465
dolnoslaskie_28.tif,train,295376,0,0,89230,156728,17561,21295,29811,30942,17835,61053,0,0,135367,22583,5572,2775
rio_57.tif,train,169232,0,0,134480,18642,6037,11598,0,3696,17094,107501,0,5396,0,11667,11621,10732
chincha_26.tif,train,286239,0,0,19665,7602,51991,219812,35056,18965,8510,11088,0,0,6668,268,164349,28504
chiangmai_6.tif,train,278509,0,155,202257,13776,15796,156602,15529,6877,23514,79014,0,5845,0,2340,21413,13900
svaneti_68.tif,train,241314,0,0,119516,117377,46,8078,11521,962,27690,56949,0,1109,82541,56839,0,0
chiangmai_12.tif,train,259116,0,823,127478,24943,18619,143466,50393,8963,39550,55349,220,11355,0,0,22856,14217
svaneti_53.tif,train,518290,114775,0,271382,167021,4159,21376,11698,270,15994,2593,9852,61707,89881,265229,549,94
ngaoundere_32.tif,train,368682,0,0,158169,55416,38953,94799,7065,31354,32888,138840,0,7439,97467,17328,34140,23506
kitsap_24.tif,train,346589,0,0,151935,20164,27127,259600,47553,7967,33871,45311,67,0,0,0,86036,13547
muenster_3.tif,train,145392,0,0,36475,22122,37636,60704,27825,18927,9721,19378,0,0,10138,8286,23597,15975
zanzibar_55.tif,train,228257,0,6752,128782,21408,0,74946,0,0,38011,105443,25082,19552,36382,42,0,114
chincha_40.tif,train,762902,255925,3450,354278,22035,816,726012,27600,305,19691,933,0,9626,90100,485,14492,56
daressalaam_32.tif,train,258822,0,0,61482,2176,82894,127823,37396,23708,28349,55340,0,0,0,0,48701,49775
tonga_37.tif,train,205087,0,0,93706,93594,11009,23312,11219,663,85203,60686,0,690,2226,20084,1724,6058
rosario_8.tif,train,407833,81312,0,146246,103057,62118,176216,10851,18050,55607,88650,3379,0,0,4398,48320,17462
sechura_8.tif,train,199002,0,0,13820,6592,95680,100319,33495,16056,3860,3676,0,0,0,0,52147,72359
tokyo_50.tif,train,317628,0,0,51321,88298,78876,68409,34813,14156,28668,61272,1334,1957,114949,65250,7667,18286
dolnoslaskie_16.tif,train,235638,0,0,127000,50463,3017,72,8285,2814,77273,9339,0,0,17645,172510,2418,440
tonga_29.tif,train,318599,0,0,69268,182891,42287,78155,12382,11171,175563,30339,1124,2309,0,375,17975,13359
slaskie_37.tif,train,115108,0,0,31009,68232,1081,3501,18425,5715,19334,31907,44190,4915,0,0,1069,838
swietokrzyskie_6.tif,train,131829,0,0,49247,43674,19131,24949,3169,9405,30625,30151,0,0,15474,12144,14183,11506
rotterdam_49.tif,train,306754,0,0,32776,5587,33089,180261,73152,28933,16352,53755,61023,0,0,2990,90362,35228
mazowieckie_32.tif,train,184951,0,0,102320,59457,28417,38947,2843,12769,47433,56521,0,2439,0,11056,3938,3762
lodzkie_22.tif,train,114437,0,0,17379,4545,11715,11346,3819,8841,5617,40056,0,1570,73850,17863,2057,30216
kagera_12.tif,train,413043,52270,0,270293,61406,29408,250639,11775,127,44492,75444,0,317,3,3768,4802,21342
lubuskie_3.tif,train,126097,0,0,110422,12593,0,295,0,1022,13503,68180,0,6539,0,37468,2172,0
christchurch_26.tif,train,253471,0,0,99440,28189,0,17467,14853,4096,17227,203533,0,0,121310,0,641,186
muenster_23.tif,train,254768,0,0,84255,46861,120941,25080,13420,24849,24038,72194,123,1005,4995,33980,6996,50799
kitsap_36.tif,train,215554,5655,0,70295,57044,29444,91066,29860,8062,60797,40422,0,0,0,0,19503,18960
kyoto_60.tif,train,334421,0,0,3819,51906,69912,205335,66824,14594,18653,6058,0,0,71136,0,104077,56528
vegas_47.tif,train,291341,0,0,22942,4268,167829,81725,28367,12364,54946,26109,0,0,0,0,17257,166875
western_21.tif,train,634873,139669,26702,292287,10835,13453,317976,679,2423,40101,144526,141800,117399,0,0,6884,15012
lubuskie_1.tif,train,230622,0,0,146610,55377,0,0,8029,2912,75635,11553,0,2881,0,157899,348,0
kitsap_1.tif,train,237364,0,0,93863,100233,13074,20145,52439,12763,69588,71742,530,11561,0,14828,7870,6092
western_10.tif,train,174764,0,1723,61163,60977,29465,51936,2520,3213,61758,36502,2844,131,0,2810,17014,17472
dowa_21.tif,train,340173,0,0,64137,4099,104347,198241,29032,31538,32435,14622,0,0,27989,30515,82233,61158
piura_30.tif,train,340162,0,0,221398,20283,24763,126634,26917,20396,28764,134248,0,1139,0,35373,38320,2089
dortmund_58.tif,train,234047,0,0,56828,15031,69196,108328,43661,13053,24858,42333,0,0,0,4009,39504,51293
baybay_65.tif,train,120777,0,0,58954,50850,3995,4275,0,14,50175,51478,0,0,2642,12516,5011,1644
piura_37.tif,train,183163,0,0,39622,86303,22213,22752,0,18178,18331,43330,7928,0,95069,12071,0,529
accra_15.tif,train,211044,0,0,48109,147425,49090,14619,18694,2349,59198,42866,30008,0,0,47,5945,3738
zanzibar_95.tif,train,216050,0,0,137770,29887,6451,117393,25614,790,6181,47986,348,15430,0,444,39686,4120
monrovia_67.tif,train,323188,0,34,223523,25019,28991,148483,26220,9021,16438,111624,0,923,0,769,28016,27315
wielkopolskie_23.tif,train,161870,0,0,105895,17095,10491,35068,12985,12861,20891,17494,0,0,9191,74821,2417,4531
lodzkie_11.tif,train,156962,38352,28,32437,15989,1073,26885,4609,4442,483,49910,14496,2357,65130,44948,382,12403
soriano_15.tif,train,265754,0,0,23752,53317,120997,89000,40433,24208,36255,30505,1546,0,0,212,42771,68512
duesseldorf_25.tif,train,311797,0,16,59450,187924,7830,5402,4018,9359,70017,34176,38999,20126,131394,54794,89,0
chincha_50.tif,train,229229,0,0,18286,4807,50273,165853,32106,14371,14992,9739,0,20,8002,1443,105570,32996
bielefeld_55.tif,train,376049,0,0,216273,32206,56264,136345,32005,24639,39218,132594,355,0,0,253,31934,50012
dowa_16.tif,train,217583,0,0,43012,52918,102034,77854,15160,16967,16501,32293,0,11671,17230,587,23646,25293
duesseldorf_38.tif,train,331562,0,0,65501,11169,115977,171453,30931,60720,42458,23976,0,0,0,0,76695,64244
melbourne_9.tif,train,330347,0,0,27226,61416,83862,177194,41186,65401,64733,14167,0,264,0,2649,113340,9256
ica_20.tif,train,248561,98625,0,13639,0,16848,229800,49059,6936,8225,3351,337,0,0,0,61828,8474
melbourne_65.tif,train,294850,0,0,115833,52327,96727,92859,24611,62094,36067,75982,16961,4622,0,229,4651,6737
bielefeld_16.tif,train,211480,0,0,45097,120553,10371,12607,5807,6197,95030,32782,47,36,52400,30738,2728,8567
monrovia_66.tif,train,380828,0,0,254144,34306,41628,83214,8031,2912,15182,155809,5544,79858,20594,10940,35705,13789
paris_2.tif,train,490333,0,0,216594,88808,114054,131179,29181,13994,117757,136374,0,0,0,6296,12747,113682
chisinau_7.tif,train,218268,0,0,18645,2031,71269,133454,17892,34677,45316,15334,0,175,0,0,65146,32597
piura_32.tif,train,394459,191873,0,58661,36865,51922,280685,15810,29342,30292,28446,0,9124,4496,2644,41405,7353
santiago_45.tif,train,286014,0,0,143533,90988,20048,45134,10105,13295,61607,89052,11785,0,22566,37605,16370,9940
lubuskie_4.tif,train,235910,0,0,136924,87080,3492,802,5548,2682,61309,30575,0,2671,18534,111508,10103,592
piura_27.tif,train,262152,0,0,61780,1277,68916,161972,30290,32985,8862,16888,0,0,0,0,92304,49030
chisinau_50.tif,train,189329,0,0,63909,15854,58404,84471,20972,11922,22436,43692,0,0,8486,639,15122,32751
rio_15.tif,train,215098,0,0,77357,2986,68726,139867,38403,27750,0,1867,0,0,0,0,30612,42628
dhaka_24.tif,train,263220,0,0,73636,63965,57688,126181,46676,14743,34951,34435,1266,5437,16588,0,32415,18459
abancay_1.tif,train,443230,0,3826,97902,271037,39796,119119,14046,386,184732,24411,25244,2565,68614,0,12896,21886
vienna_50.tif,train,195036,0,0,11627,6770,59588,75458,18407,41515,8733,3874,0,0,0,52248,96681,15171
zanzibar_24.tif,train,293212,0,0,105565,186610,3943,97,25538,526,158166,103576,0,0,0,2403,0,0
svaneti_39.tif,train,201428,0,0,31655,150257,10985,9107,1915,801,45280,20663,0,5035,107775,13954,3818,1611
daressalaam_61.tif,train,343562,9532,0,9799,33,210020,77484,56365,4704,22620,9862,1480,668,0,0,33746,250811
santiago_35.tif,train,281473,0,0,27444,30898,125005,118543,50411,75598,34848,31547,1024,2009,0,363,42741,22515
koeln_45.tif,train,331545,0,0,104582,35219,67621,190641,92180,27269,16825,42736,579,0,0,9973,49758,25707
svaneti_41.tif,train,553002,31641,16100,363305,37440,17943,105912,23592,11263,7452,361056,56854,9793,50058,2579,2157,8859
zanzibar_108.tif,train,209808,0,4946,63400,115203,30010,38838,13540,425,89799,41737,0,5820,0,0,13059,2839
koeln_70.tif,train,276205,0,0,29787,17793,98357,162646,80117,20967,7253,4372,0,0,0,2413,60691,68014
lima_5.tif,train,300873,29600,0,24184,50,107984,135092,53505,14039,47723,610,19538,8100,0,0,18339,142982
zanzibar_13.tif,train,414644,0,0,149689,204572,14667,0,0,1390,249445,23257,0,0,843,185425,0,0
lodzkie_4.tif,train,285420,0,0,7241,12349,0,510,0,3058,650,267118,0,0,276163,2102,1366,283
tokyo_19.tif,train,348439,0,0,19312,52105,106036,183788,95820,17714,26396,12713,1723,0,52468,1,46684,82118
sechura_24.tif,train,223843,0,0,35130,3616,100199,107937,20037,50840,11443,12737,0,0,0,0,57034,48713
tokyo_15.tif,train,444924,959,0,26272,103462,193425,162207,70550,25108,62027,5325,14004,0,35044,57,42643,148765
lambayeque_18.tif,train,262750,0,25625,43219,24343,91318,143977,46409,23249,9582,21769,11800,18,0,0,60422,23769
chicago_28.tif,train,228115,0,0,28458,8474,71157,124204,58101,32191,25640,20122,0,371,0,1193,44759,41560
zanzibar_128.tif,train,455155,89923,993,159447,91539,6829,294580,30763,1775,74657,60787,58910,7,0,0,34626,5474
dolnoslaskie_19.tif,train,331074,0,0,276118,41681,5219,1533,1432,1741,10899,131545,10934,669,23661,152533,2811,1372
santiago_67.tif,train,376947,111565,0,128047,60877,24811,175793,58292,34009,35553,42859,10069,56409,0,240,8610,6760
dortmund_4.tif,train,108994,0,0,26663,41836,28670,17750,4181,14454,13874,8134,367,826,28435,8686,6804,17308
chisinau_20.tif,train,213128,0,0,33256,3761,43917,145723,27634,16720,24121,24183,0,0,0,0,84200,22741
zanzibar_77.tif,train,222342,0,30,43511,160972,36944,37588,9001,741,126034,12328,0,3145,0,6747,6852,791
baybay_12.tif,train,98040,0,0,51486,4224,15322,8603,4543,3530,14635,42424,0,1461,7741,22312,4313,15486
chiclayo_4.tif,train,285748,35716,0,75875,16593,54427,179535,19110,35183,11236,11900,9420,13898,20607,1887,59357,26752
dhaka_10.tif,train,244260,0,0,76625,14461,70914,121719,38425,11828,18197,19565,5773,7056,0,0,34326,69631
pisco_36.tif,train,835073,734447,1,46034,753235,5329,62473,6706,1519,16623,4810,12776,5552,13158,7483,0,0
swietokrzyskie_17.tif,train,235669,0,0,90862,90296,14610,6652,3731,10180,48187,29296,0,0,71913,98009,6366,1236
malopolskie_18.tif,train,94219,0,0,61900,22249,1598,11185,928,2585,19783,5432,0,0,6429,50853,3581,1915
chiangmai_16.tif,train,346245,0,0,243890,11065,17121,248106,22937,3879,30977,64812,0,1281,0,0,31320,17102
rotterdam_26.tif,train,311453,0,0,29361,4095,25022,201648,72088,33398,18032,43054,51968,2,0,2569,114982,26687
christchurch_56.tif,train,145129,0,0,10290,109857,90773,12057,5597,11739,35501,6181,0,491,0,995,2968,3809
tonga_55.tif,train,292366,0,0,146804,75520,46564,135729,10279,10651,72742,45449,0,508,0,0,15977,24509
daressalaam_122.tif,train,295330,0,611,198195,49899,20825,85046,1615,6775,12212,75099,19440,4264,41431,65709,1612,7927
western_2.tif,train,823932,360564,10210,201808,17619,0,672449,42736,1765,16035,62221,202789,59208,0,0,0,460
santiago_24.tif,train,474128,0,0,142382,29198,57537,299391,62120,16028,106908,66744,10062,0,0,0,95119,62767
muenster_38.tif,train,287919,0,0,56900,27479,98066,110579,52960,11245,31774,46086,0,0,0,0,48219,92530
dolnoslaskie_17.tif,train,116402,0,0,42460,63719,4539,333,0,14,21848,25800,0,0,46752,26126,803,410
daressalaam_118.tif,train,386410,0,0,166550,25868,73266,134577,27889,3438,12914,163078,7598,0,56286,2907,41907,56542
abancay_47.tif,train,298855,0,885,223303,55631,8748,100565,3118,6733,35753,103501,0,0,22317,24318,5616,7222
dolnoslaskie_26.tif,train,260577,0,0,76613,102334,60357,1689,2623,19129,25204,54540,0,98,94627,82659,1153,128
lambayeque_20.tif,train,253284,23895,64799,77555,9179,86661,143148,22512,4476,6477,25945,13138,977,0,0,23046,4760
monrovia_4.tif,train,279310,0,0,135471,41761,40421,90335,11030,4805,15877,111829,0,1133,45514,8464,30997,20983
sechura_28.tif,train,203507,0,0,36380,571,59471,139566,46929,25494,7229,2263,0,0,0,0,53498,35613
aachen_15.tif,train,268840,0,0,71761,104671,35587,60623,24185,25549,35371,52622,5363,394,75351,15561,21222,9420
chincha_34.tif,train,299781,0,0,17240,3473,40013,250463,47619,20663,14362,4625,456,385,0,0,180091,20172
baybay_20.tif,train,265569,0,0,102561,12699,52202,102274,23267,9876,32032,92292,1352,7152,2115,59,52040,41217
malopolskie_5.tif,train,183627,0,0,114474,22287,11991,43130,11586,1930,14109,9564,0,1169,25005,80013,6462,25534
chisinau_47.tif,train,270763,0,0,128007,24023,45982,125121,19564,8792,40313,79834,3191,231,1529,0,32177,32762
daressalaam_33.tif,train,335306,26172,603,134119,121123,34949,35608,14816,896,111631,88095,2661,57536,0,5203,10958,26242
chincha_37.tif,train,649968,320259,23272,65926,99357,22989,516683,26303,22,65818,8282,1066,2293,139292,0,8315,59
baybay_43.tif,train,123133,0,0,88733,13986,8143,3191,4827,200,12687,32288,0,0,6663,68378,2080,5090
tokyo_30.tif,train,442558,0,0,20477,66386,84870,281004,83704,47838,66924,16419,0,162,0,25,186583,30724
coxsbazar_34.tif,train,367173,0,0,45512,291310,35474,4989,0,16090,245916,34745,22756,5971,14444,13566,3071,502
coxsbazar_27.tif,train,250590,2722,0,58626,114802,8773,35623,5187,24070,37570,61056,25726,5195,98040,5787,13946,4057
bielefeld_4.tif,train,151139,0,0,91880,36403,13724,7031,8376,11973,30200,19629,216,236,3197,71181,3546,4686
austin_23.tif,train,373156,0,0,83887,6980,45898,297961,55651,49775,25122,6394,0,0,0,0,162598,12046
mazowieckie_5.tif,train,285648,0,0,11724,167760,36903,6054,1155,45998,25067,28843,0,0,207902,32706,2897,4287
swietokrzyskie_22.tif,train,241211,0,0,74245,112636,17310,17386,1182,21043,44770,4406,0,0,96146,82296,7558,3444
koeln_39.tif,train,195281,0,0,118907,10935,36065,18115,3147,35036,8109,104288,97,6312,18806,10299,10150,10296
vienna_66.tif,train,259224,0,0,52306,8832,141755,63850,11970,51080,8338,49039,210,1219,0,0,44645,85204
dolnoslaskie_9.tif,train,401210,0,0,365755,23660,4178,917,7125,1854,11838,30390,3576,0,3788,342937,4950,1452
rio_65.tif,train,338392,4574,0,177623,38699,19336,61193,21978,486,75861,113595,0,541,28946,83279,10074,40599
kyoto_24.tif,train,400587,0,0,36017,69987,61780,237010,97916,34402,9300,22811,28690,0,88384,0,78500,36377
zachodniopomorskie_7.tif,train,128307,0,0,65173,58988,5723,148,4066,131,38485,68563,14390,314,0,0,470,163
tonga_43.tif,train,327739,0,0,111957,109209,27732,159840,24177,5289,139431,38674,0,0,0,0,24442,14727
coxsbazar_79.tif,train,67585,0,0,25037,22732,10188,3524,1009,232,15916,31024,0,473,11488,5943,3947,3657
zanzibar_126.tif,train,369173,0,2057,84534,261415,5262,97284,0,0,259838,8112,362,18,0,3,19177,284
kitsap_46.tif,train,55349,0,0,11910,37368,2595,12255,0,962,40095,1404,0,2079,0,0,749,1281
maputo_5.tif,train,274867,0,0,34994,1566,176150,64835,9050,35770,10638,35513,5894,215,0,0,38141,136968
chicago_10.tif,train,288068,0,0,44400,8662,58750,193713,55533,32213,43072,20143,0,0,0,0,86313,33337
ulaanbaatar_37.tif,train,364200,272065,434,57716,24022,12787,206629,12892,2330,4,437,0,129672,0,0,8736,676
baybay_55.tif,train,154592,0,0,62844,60119,10330,24703,6786,307,56031,56438,0,1030,11373,4152,7228,7843
santiago_6.tif,train,387204,0,0,114054,10418,85230,222858,57590,33774,74663,67687,1428,0,0,0,54239,52467
mazowieckie_22.tif,train,300932,7943,0,125099,118988,31967,57497,16107,25311,6462,9439,0,1344,111368,79192,1986,9161
svaneti_59.tif,train,254680,16432,1308,191204,37632,420,137216,0,177,43140,47685,0,75,3238,28583,246,2004
chincha_20.tif,train,478448,23824,0,39071,39503,47820,329409,11631,5759,51243,49459,5264,0,268633,23367,30962,30951
accra_67.tif,train,390893,0,0,210657,1979,67080,287723,37696,30447,31843,26506,0,0,0,0,43617,44238
melbourne_3.tif,train,248916,0,0,61581,35169,89291,107124,28134,29621,23811,33522,0,719,0,715,46099,42046
baybay_19.tif,train,310988,19479,3110,167483,58096,115,5835,0,550,12217,182302,1816,56739,109878,4147,0,209
lima_44.tif,train,347526,0,0,212600,49374,40002,231245,20437,32404,3466,5270,0,12,0,1325,71021,27896
khartoum_67.tif,train,384308,71848,0,0,17352,69050,298466,136070,13971,10798,17090,0,47,0,0,96542,37382
austin_40.tif,train,290531,0,0,97763,42279,51538,135970,28641,21570,84842,47159,791,0,0,0,26956,43553
chiangmai_14.tif,train,201040,4013,338,92255,47382,63825,47383,6111,17039,21296,61502,2181,5565,0,8622,11359,13209
lambayeque_49.tif,train,321906,0,469,109793,18342,44294,206612,34654,18136,41926,46871,3977,3752,41477,0,45785,27724
daressalaam_67.tif,train,258252,1322,0,47030,21908,59246,131292,49073,12402,45621,41383,0,65,0,422,55960,50780
accra_63.tif,train,337064,0,0,34102,389,156285,164264,19195,46443,20588,8349,76,0,0,0,106818,117619
christchurch_14.tif,train,101070,0,0,46035,35441,10597,10823,4031,7404,13864,18205,21335,2132,0,19555,5208,7510
viru_26.tif,train,404860,10955,100,68593,90606,38096,140899,16455,10882,9965,108223,4459,18017,247564,18824,8773,17309
zanzibar_67.tif,train,424576,0,0,173693,123724,0,4910,7015,1141,22275,289693,0,642,219809,3431,1784,1035
western_11.tif,train,732429,118168,9565,121907,2749,1823,623816,0,13,11041,86165,479490,3496,0,0,0,6625
lambayeque_2.tif,train,307379,0,910,121888,16383,97510,112592,49823,25375,14141,65959,5546,20631,682,20400,17789,45129
dhaka_63.tif,train,255267,0,0,36175,106643,96928,25837,8655,3820,60049,49891,6122,3881,0,13,47338,65182
melbourne_21.tif,train,317460,0,0,111747,18929,62032,210568,50325,24728,58250,39995,0,207,0,4,35106,23029
vienna_35.tif,train,171415,0,0,60471,25008,56397,44842,8575,36424,33474,41221,0,101,0,1850,12498,21969
svaneti_29.tif,train,201379,0,0,72051,96177,21572,40768,16513,4357,60725,51634,22758,3418,0,0,7760,5025
ngaoundere_35.tif,train,381355,0,0,214316,53586,29381,61992,5205,18673,46236,143021,1472,8307,69070,85699,15675,10077
pisco_5.tif,train,891358,574191,8846,77927,80837,0,517019,0,0,74664,20692,164576,263964,0,0,0,0
dolnoslaskie_29.tif,train,365154,0,0,213012,86879,62511,72930,28202,22582,41654,24399,2293,0,0,141737,17482,16627
ngaoundere_2.tif,train,275891,0,0,66459,14363,61268,151745,14051,29527,19941,28432,9873,1717,7891,20094,96408,30013
accra_69.tif,train,749657,402454,0,24024,106130,21126,179019,0,26759,1278,44855,273451,21628,27324,370487,0,779
accra_46.tif,train,585549,0,0,108181,2542,2216,396277,10762,15231,1566,17101,29959,0,427989,52015,4876,102383
dhaka_38.tif,train,231295,0,0,47016,34044,60683,63118,26700,7768,60326,23999,3697,3327,0,0,32873,99039
chicago_38.tif,train,314869,0,0,1226,62,149512,138385,26285,115702,63299,202,0,0,0,0,74547,60518
podkarpackie_4.tif,train,371950,0,0,143095,208436,9568,1237,9759,1215,23702,63255,1403,1259,183076,95548,1347,1000
aachen_49.tif,train,399046,0,0,170683,146543,41593,27520,7940,12696,100944,16450,213,0,62819,175694,14854,20143
tokyo_47.tif,train,384926,0,0,127234,83291,42902,192627,101955,4802,43161,36173,196,16334,46705,34520,22773,17179
soriano_20.tif,train,292304,0,0,41246,158886,133950,46331,27065,21438,78358,17308,0,988,0,0,11685,47353
kagera_11.tif,train,427077,0,0,304414,85726,21084,56017,10798,6684,53425,197377,0,1716,34225,74088,3131,5469
daressalaam_1.tif,train,341130,0,0,88241,2253,104654,210132,57971,24284,19638,19341,0,0,0,0,70626,85120
dolnoslaskie_40.tif,train,223214,0,0,56560,27013,13606,759,4475,39471,11718,12949,0,105700,136753,37322,102,0
christchurch_41.tif,train,333759,0,0,174619,35340,85585,140131,10472,23355,31225,55666,193,0,0,0,31665,79267
bielefeld_41.tif,train,323720,0,0,91735,164925,18408,22958,30463,7810,155903,45783,176,0,24109,78540,2926,3704
dhaka_6.tif,train,276290,0,85,45480,93543,49382,102081,32490,3277,104923,17729,6247,29228,0,22,37768,30325
zanzibar_70.tif,train,209649,0,9,127885,65009,37711,9030,17630,50,20487,127539,0,4285,0,2075,5936,1652
mahe_22.tif,train,137942,14162,8,20622,33457,19505,45782,28814,6024,11422,12950,35454,17764,0,10604,7963,11353
melbourne_68.tif,train,307869,0,0,56126,120270,45073,115318,29187,14319,133445,2610,1160,43522,0,578,42878,11252
swietokrzyskie_21.tif,train,162769,0,0,25693,96498,15170,33008,4440,9703,16118,5259,0,0,88393,16344,12955,1957
lima_19.tif,train,119290,0,0,5521,0,38254,80592,36981,12823,787,494,0,0,0,442,37747,24939
coxsbazar_53.tif,train,308745,16878,121,242350,53928,3642,2256,0,24,21465,238472,6220,7146,17746,6059,444,739
sechura_16.tif,train,197159,20758,0,18738,894,42350,134363,62008,24427,7608,1864,0,17366,0,0,45697,18245
zanzibar_48.tif,train,199271,0,0,74488,96251,4732,20291,7813,510,102226,60385,0,0,6896,18513,3116,3321
mahe_56.tif,train,290876,13211,5921,34971,50346,20643,87523,6334,4517,22712,98152,156851,7548,31235,10324,4919,26545
chicago_14.tif,train,334565,0,0,124720,9657,69257,202163,44009,30192,19440,55062,0,0,0,0,77139,37491
dortmund_61.tif,train,327319,30528,0,130107,39224,74010,134454,20880,27185,34799,82585,297,0,0,48,36698,43823
christchurch_38.tif,train,202678,0,0,24248,8910,104971,83242,39197,49505,7637,10588,0,0,0,0,26625,50433
tonga_70.tif,train,343812,0,0,174815,53203,32798,203563,10885,9276,91257,59777,185,13,0,0,33872,17980
daressalaam_112.tif,train,336872,0,0,150894,17590,113519,130945,14765,13286,25206,66753,7508,207,0,85969,24980,22122
swietokrzyskie_31.tif,train,140387,0,0,21944,80373,12430,11833,1595,7805,10676,24773,0,0,87141,11287,6601,4316
ngaoundere_26.tif,train,410259,14943,0,158328,147733,35143,187924,10544,28940,30871,26072,2115,0,149921,10044,8394,9546
dhaka_29.tif,train,233943,951,87,35280,24165,76310,119553,22218,10176,23852,16738,4093,7444,0,0,71239,55780
kyoto_36.tif,train,317861,7337,0,4562,52406,52488,174218,71187,19038,4427,11478,11727,0,114133,10796,52000,49925
pomorskie_20.tif,train,111867,0,0,31735,50726,4413,16962,5260,1088,53887,13122,10213,24853,0,962,6359,4154
viru_36.tif,train,579927,183997,0,104836,177401,18359,284298,13427,12627,87000,30996,22624,28813,144763,45468,4921,324
ulaanbaatar_45.tif,train,659622,0,0,602030,200,15661,601929,12784,9832,530,2698,0,9,0,34291,28617,10663
koeln_31.tif,train,219228,2189,0,138989,21641,28887,26740,19406,15802,4474,141452,3284,340,7083,0,14916,13253
duesseldorf_70.tif,train,269447,0,0,82369,34133,68254,124377,66409,36740,24366,34062,369,0,0,10890,27680,29245
tonga_2.tif,train,400531,35724,0,119399,152237,40293,169915,4791,19518,74885,43867,91149,18,0,38,34290,14938
tokyo_22.tif,train,373018,0,0,29648,47059,175368,136422,71992,20138,10338,18792,2135,0,52060,26,31477,150581
viru_35.tif,train,283855,6566,5485,100824,36848,17551,161216,10944,1595,32959,13686,2084,5677,110896,26151,2031,33197
pisco_4.tif,train,407877,0,222,89408,185979,16676,155820,11630,4384,61735,15591,0,39726,217702,4494,10726,1661
melbourne_47.tif,train,332324,0,0,129661,10643,66017,182862,46019,29275,48572,78076,0,0,0,0,42055,31468
dortmund_37.tif,train,125570,0,0,33751,45089,29625,14839,8817,24580,19792,16572,23,0,31771,20918,1791,3572
daressalaam_41.tif,train,273245,0,0,89973,14511,80311,113485,15322,15964,32826,66572,1078,208,0,0,53735,62505
rio_3.tif,train,473918,0,0,169557,14088,101644,269702,104051,7627,29884,46602,2567,0,0,0,66215,135899
coxsbazar_67.tif,train,216843,6136,0,164251,37240,12713,350,0,983,4326,156717,17615,11824,11802,8982,0,747
dolnoslaskie_35.tif,train,317259,138312,49,91593,56224,19763,120093,15175,3621,8684,107198,27351,17916,3708,5888,12673,6270
bielefeld_23.tif,train,354920,0,0,95489,39517,115334,160025,57162,20110,42594,51548,0,11,0,0,44341,83709
aachen_63.tif,train,275424,0,0,90911,105109,49026,58288,27879,11666,75388,14550,94,0,6673,45679,25453,40132
kyoto_2.tif,train,484906,0,0,61121,6716,78162,238410,226224,29602,20170,34964,0,0,870,137071,98359,38143
lima_42.tif,train,908039,872494,0,698,80,3746,872132,13434,6608,384,390,0,0,0,28679,17283,150
lambayeque_40.tif,train,137679,0,8410,10765,18,38434,94973,60704,6062,9819,18207,327,16,807,0,16823,9993
daressalaam_34.tif,train,297885,0,0,67996,28253,66142,196259,73277,25922,27405,10424,0,0,0,27,63065,37000
maputo_15.tif,train,239731,0,0,8365,2485,65889,158449,5352,36758,18238,13041,0,655,0,0,141887,28343
swietokrzyskie_33.tif,train,206909,0,0,108381,40738,6952,957,6122,5220,21374,34938,0,0,63448,124242,632,814
swietokrzyskie_3.tif,train,332474,0,0,84492,224415,0,671,9567,418,4928,12757,0,0,233181,93854,306,359
daressalaam_37.tif,train,314790,0,0,41597,3675,132177,127436,85852,38458,17839,25925,0,0,0,7718,37325,111578
baybay_56.tif,train,344760,41405,381,36475,138700,39897,93574,3739,7943,30453,27147,79278,21645,101082,14657,12431,40713
christchurch_34.tif,train,302573,0,0,133410,41617,82802,118808,12854,26587,45966,51703,466,0,0,0,27075,63858
lubuskie_2.tif,train,423568,0,0,360823,42124,11426,349,2864,2369,37174,13888,0,0,0,363494,11281,1344
aachen_33.tif,train,314120,0,0,97418,15143,78885,179454,81756,17870,26295,16049,342,0,0,0,29424,85604
tyrolw_52.tif,train,312298,0,0,133743,20370,24538,180833,110458,9281,11277,61963,0,0,0,10188,32282,29663
dhaka_43.tif,train,183012,0,25,53536,19921,38988,84025,12193,10079,27294,48376,2970,7362,0,214,48031,13010
monrovia_27.tif,train,471240,0,0,110884,260095,23763,60958,379,11046,19823,94344,10634,29014,287378,880,18379,14903
dhaka_50.tif,train,267563,0,0,48490,60458,83143,103391,38330,12485,41743,27542,7562,21156,0,0,48295,42531
duesseldorf_60.tif,train,276937,13290,0,42621,129447,26732,56004,12800,10966,24842,46112,0,241,145820,25312,10832,8855
daressalaam_80.tif,train,337705,0,0,120000,73005,60992,120727,88379,30223,34360,44839,0,216,15263,22074,18711,46621
ica_4.tif,train,259425,0,13,51968,3525,57939,147020,36497,29363,15307,52824,22497,20,0,0,75217,26660
coxsbazar_37.tif,train,307770,18120,0,212840,52679,20086,6040,0,2280,3428,213274,22337,706,27848,31949,3111,842
lima_27.tif,train,296891,0,0,64635,78154,66591,152066,12801,13250,47241,30760,6954,0,21523,4029,77146,18632
piura_49.tif,train,205294,10074,0,19293,12628,71815,105145,34313,19056,22678,30196,2729,0,2122,5,42270,38264
duesseldorf_1.tif,train,350302,14750,0,140622,44316,85004,108476,33041,17944,42951,115745,1272,0,258,17330,32404,46491
rotterdam_4.tif,train,295722,0,0,22105,23498,54409,127015,82475,27120,39760,56686,32602,1356,0,3797,64371,56250
abancay_33.tif,train,436839,0,2,241821,22805,50424,302712,57100,14245,8645,41758,0,8892,17210,866,61639,45559
podlaskie_5.tif,train,266240,0,0,59098,164267,7252,7371,0,8759,4646,61986,5094,4399,189217,15904,933,3554
piura_33.tif,train,307753,0,0,175412,30966,9666,92735,53098,10092,36729,142882,5756,3347,27092,27731,0,0
monrovia_72.tif,train,342630,0,0,219487,46736,30563,104830,38680,3890,21247,153438,0,6595,8440,5087,24213,22054
melbourne_1.tif,train,384073,0,0,131759,83170,70508,209680,52073,58125,77713,21410,20800,7628,0,625,31220,3435
rosario_2.tif,train,372645,0,0,166588,12035,55088,250093,17467,23822,26280,50617,276,0,0,0,106946,36078
rotterdam_33.tif,train,340999,0,0,60057,20764,146153,112687,104192,38424,1044,11537,0,1215,0,71059,29553,85313
kyoto_25.tif,train,347243,0,0,53248,59006,52748,204690,83638,15756,38475,22618,105,1198,22061,1850,96968,42125
shanghai_67.tif,train,301450,0,0,47183,67246,67716,113961,60566,13118,36419,33772,0,0,0,54256,89566,19097
zanzibar_35.tif,train,296095,0,0,115304,148891,6157,12198,10441,2544,54784,110873,0,1745,105288,13439,4121,6405
daressalaam_49.tif,train,335160,0,0,6891,6955,244697,66553,32253,17046,13498,14968,740,0,0,0,37081,229638
dowa_2.tif,train,190038,0,0,44933,12112,46822,29634,10046,2090,25247,65968,0,1657,51298,69763,11692,8814
dhaka_2.tif,train,356051,0,0,226231,12043,38547,177983,30162,7462,15893,49716,13227,37434,0,0,31991,71413
monrovia_16.tif,train,239838,0,534,172340,17735,18034,70259,3265,5713,12455,83369,21004,53904,0,1201,12740,7123
pointenoire_4.tif,train,248052,0,0,18726,60,112183,119384,44581,16238,44677,17958,0,0,0,0,27885,94412
swietokrzyskie_40.tif,train,148153,0,0,14065,87130,7870,2202,2219,2299,41144,11012,0,0,65903,44798,16952,712
lima_18.tif,train,233026,0,77,38186,4254,26706,183842,40828,13763,3193,14168,0,7041,101694,6534,22419,3347
pomorskie_16.tif,train,173321,0,0,129803,28404,7341,9106,4121,2189,11617,126876,15660,2865,2011,2407,2768,1474
muenster_19.tif,train,327431,0,0,21502,204514,23193,9462,4369,24026,26075,75794,767,0,248823,12269,2702,1366
dhaka_26.tif,train,288916,0,0,121295,13758,54570,163678,28471,20644,23357,19631,5474,19399,0,0,55749,51806
ngaoundere_61.tif,train,296019,0,0,155433,77513,25736,174333,11706,17969,12627,10659,0,0,76433,6617,14084,8928
mahe_10.tif,train,227809,0,0,43962,9891,38653,162842,43522,14133,10540,23654,8137,0,1,0,82994,17289
rotterdam_24.tif,train,338529,0,0,22852,13892,139243,134609,68316,42017,15672,43779,25314,894,0,7805,67132,95533
koeln_63.tif,train,305510,0,0,39486,8583,83585,184720,44496,33817,25255,25084,429,0,0,0,112259,53306
chincha_23.tif,train,388951,0,7368,51501,10992,23210,314297,9101,6049,18787,26751,2747,238,218504,8456,65101,14800
kyoto_56.tif,train,362408,0,0,35412,31209,90801,206835,78647,24272,20363,34204,27037,0,35135,1253,75013,64635
ngaoundere_17.tif,train,454981,3214,547,342774,31671,45104,154816,16808,12739,21213,134025,4415,2901,8487,109893,12966,8389
kagera_13.tif,train,431078,0,8472,295702,90761,100416,52905,0,3974,26608,251437,0,2842,6682,17661,1670,3026
koeln_53.tif,train,318885,0,0,29654,161220,23205,30327,10081,15139,33045,13747,0,68066,197442,26888,25458,3498
bielefeld_57.tif,train,328677,0,0,285409,27485,22187,2025,927,9055,19190,286980,0,0,0,0,964,3132
zanzibar_93.tif,train,307806,0,0,42810,217069,18565,84089,6332,665,174156,116,0,157,0,4222,65943,1488
pomorskie_36.tif,train,143136,0,0,26579,113699,0,71,9339,1647,98070,27227,0,0,8993,492,155,0
aachen_43.tif,train,333755,0,0,87237,88757,91930,129756,56337,17185,68142,34822,0,0,0,4573,30109,58662
duesseldorf_62.tif,train,500708,26681,0,86181,56083,25180,93323,24034,6400,18744,61927,277748,1671,0,269267,42140,12037
ngaoundere_51.tif,train,266615,0,0,140903,42435,16978,42302,11003,10878,10680,108775,7943,348,54882,51588,24226,10289
tokyo_67.tif,train,419009,0,0,6404,86143,145543,174517,125808,5449,42650,10153,0,4,66997,1495,31607,141248
austin_6.tif,train,279147,0,0,75747,21641,69596,149014,105556,68092,23412,19688,0,0,0,0,4836,20712
kagera_37.tif,train,369333,25373,0,205410,126752,10367,60557,0,6334,14803,143436,1002,1800,110291,25965,2087,4489
paris_22.tif,train,613372,0,0,422834,14392,86955,265330,38807,16076,50125,51227,0,0,0,7195,14651,259152
piura_6.tif,train,215351,0,5241,104908,13304,29486,121303,35412,4574,17270,47733,0,633,20507,11311,7768,11252
mahe_47.tif,train,262649,16489,0,36124,44096,43355,68078,11788,7284,13838,9237,128604,5456,0,107474,12451,21024
ica_2.tif,train,461446,0,1383,12532,11916,31520,395617,13540,13279,16785,16771,9785,944,339491,8498,37793,13038
accra_32.tif,train,327091,0,0,15897,1727,171829,135325,20780,35230,36443,24334,0,0,0,0,82142,130475
mazowieckie_34.tif,train,102933,0,0,79863,15102,3288,297,2994,1508,2767,69670,0,0,12760,16227,1261,129
viru_18.tif,train,506644,0,0,79518,255584,42453,62174,8076,17566,19309,53461,4967,35729,326802,58883,25519,23247
monrovia_42.tif,train,539274,0,210,78803,27808,11982,379425,0,10624,16556,58727,417336,30280,0,4211,14597,27989
dortmund_22.tif,train,308598,0,0,153131,26017,63432,124522,39276,32134,22592,72543,603,0,0,4156,29564,49226
bielefeld_46.tif,train,118993,0,0,45965,26947,29739,29978,10182,13826,19591,6528,0,0,2989,31097,10527,10617
vienna_19.tif,train,230694,0,0,90679,13185,81572,66293,4960,33715,18156,64794,2060,0,0,0,33267,52707
muenster_49.tif,train,253146,0,0,105069,18993,65831,88971,21197,42953,22958,26565,0,0,0,58337,38091,17327
podkarpackie_18.tif,train,379251,0,0,188867,114815,64576,23891,8161,22195,64566,91864,8121,77,15617,117427,29343,8982
baybay_24.tif,train,166969,0,0,62285,71704,1645,6379,0,3325,45640,68818,2759,14237,52740,1646,1900,860
christchurch_59.tif,train,272313,0,0,93609,62081,104035,94809,15364,11510,43613,22306,409,0,0,0,15283,81607
khartoum_56.tif,train,494810,0,1765,47041,17661,326500,78249,59762,17432,12993,54812,0,89848,0,150404,48514,84639
kagera_53.tif,train,283631,0,306,47990,191898,43919,7120,2319,8914,133512,52221,0,4686,51111,10987,4780,7499
sechura_1.tif,train,159651,0,0,2532,2650,53430,94619,69026,17543,9668,8182,614,0,0,0,24381,36657
pomorskie_3.tif,train,437810,0,0,113883,100239,2271,218978,29519,7558,8402,64112,32430,1365,239092,42010,12213,3548
viru_31.tif,train,266633,88305,3253,30135,13342,81201,133757,10083,55671,8731,11368,0,351,36298,39615,11880,9276
abancay_27.tif,train,381400,0,0,50927,257289,159375,62930,28058,3084,51941,31768,0,271,64045,21439,27054,4619
tonga_57.tif,train,383421,0,0,109495,176623,28880,140098,11374,3475,207175,46743,0,3487,0,318,26497,12677
tokyo_5.tif,train,319059,0,59,33991,117572,84639,94606,27962,49621,53838,40891,86007,2817,0,4812,32622,8681
dortmund_5.tif,train,55480,0,0,10599,13602,9541,10021,3543,9236,8267,12998,0,1542,16845,7659,6685,422
chisinau_15.tif,train,214914,0,0,53342,4935,30427,159618,47037,16894,67210,15902,0,0,0,0,16898,17565
pisco_45.tif,train,267383,0,498,111115,5466,54207,186923,55377,9166,11098,4054,2240,20473,0,425,33346,40378
monrovia_63.tif,train,283921,0,0,155443,23419,56406,106056,7674,8506,13103,117521,2676,538,0,1908,48619,25973
monrovia_58.tif,train,219498,0,0,45035,67754,85339,88919,27798,6869,25288,27186,466,3781,0,1021,35572,23968
chisinau_27.tif,train,235061,0,0,67347,1606,46775,156291,59006,14335,15876,29197,0,0,0,0,46057,33632
kagera_33.tif,train,543011,0,0,401048,95782,44628,30905,4853,9835,0,375055,592,1350,88514,21252,3376,8832
daressalaam_74.tif,train,218912,0,264,78159,46952,50648,87614,9925,7263,49603,55928,0,0,0,0,30577,20891
santiago_47.tif,train,456894,0,0,258091,21428,53436,197370,20594,29798,63498,127492,11657,0,0,19070,49618,61736
coxsbazar_57.tif,train,262550,33500,0,76291,108429,9892,31775,2015,26727,78280,63423,33572,823,26998,28823,2002,2550
podkarpackie_17.tif,train,174305,0,0,70435,93964,2020,531,0,912,27871,47582,0,0,71098,31083,2881,233
chiangmai_15.tif,train,192881,0,129,42382,23444,61436,76951,32729,21492,26163,37982,28,6065,759,2925,29384,23893
soriano_11.tif,train,283562,0,0,60411,61785,115099,111087,32306,22937,22717,29581,1072,0,0,0,51957,58172
santiago_4.tif,train,388568,0,0,107877,87892,66025,161174,24792,25055,112945,76652,0,0,0,5417,76929,32378
chicago_36.tif,train,299426,0,0,17436,59,80184,149575,157530,18848,6701,223,0,0,0,0,37575,130721
tonga_35.tif,train,343016,0,190,112145,130513,19360,126025,15803,2409,149962,48553,34636,23867,0,331,11110,11128
rio_14.tif,train,206781,0,0,605,55357,49292,139138,90130,5784,1912,0,0,0,0,0,64842,6502
tonga_14.tif,train,386580,0,3637,132512,198830,23567,55703,18075,2017,199588,31119,0,17823,0,67788,12838,9663
aachen_9.tif,train,233303,0,0,86536,46232,82598,69061,13571,45087,26139,37712,17,878,0,16769,24442,17564
slaskie_25.tif,train,395171,0,0,18539,139036,50658,10976,2698,17138,84423,7313,236317,0,0,218917,2536,1791
rio_54.tif,train,223737,0,0,83446,17773,20735,164328,67970,5379,17099,12584,0,0,0,12899,34487,10774
abancay_43.tif,train,273019,0,1087,60880,27510,118178,120549,34350,24278,25249,6922,0,0,0,661,34362,92012
accra_28.tif,train,311320,0,0,172000,42308,59416,65882,18347,20161,38809,146805,1777,0,0,0,20971,36164
ngaoundere_63.tif,train,764966,534117,18087,216828,181967,6404,473066,2433,831,3978,77635,0,371,0,42,1206,12967
tokyo_58.tif,train,360995,0,0,28481,57880,107658,192044,93091,14866,20040,20531,0,355,27930,17,83795,75302
ngaoundere_59.tif,train,311742,0,0,130280,17645,83826,153439,29315,24973,9497,37505,0,0,10930,46984,47894,31196
coxsbazar_75.tif,train,162431,0,0,106920,46310,4527,0,0,2748,6092,108743,8769,15,36123,4600,0,15
slaskie_22.tif,train,231252,17528,0,22138,147972,39560,13674,9004,3289,83661,8237,54847,0,0,50819,4514,7261
accra_64.tif,train,599122,0,0,294249,76076,50455,321713,16245,13890,46326,128881,0,0,161237,0,30610,58562
vienna_30.tif,train,169824,0,0,16114,16643,67862,77128,15776,37849,16379,5194,0,0,0,15569,53693,17441
aachen_7.tif,train,408550,0,0,226676,78301,43097,79248,2249,23600,27061,15318,6221,170,35746,207329,67500,4584
slaskie_27.tif,train,212972,0,0,134570,39836,17634,88240,24586,9430,21881,53197,437,0,0,6893,13864,15376
tonga_51.tif,train,259524,0,0,95632,55554,57481,106747,18258,23411,54985,47692,7333,2179,0,0,25835,23941
daressalaam_66.tif,train,425729,0,167,52994,294969,44060,34438,7077,4261,303695,27986,6869,19837,0,430,11034,43641
koeln_2.tif,train,331920,0,0,54541,144458,81394,62148,18176,33068,74326,40171,241,80,82055,620,21187,51375
dhaka_47.tif,train,327493,0,0,171025,9787,76021,82559,29407,4671,12150,98487,445,7019,0,0,38445,124970
piura_43.tif,train,348535,6032,0,177985,34538,24286,82295,41113,8887,73558,14663,4257,4567,13944,185638,7360,17947
duesseldorf_50.tif,train,266464,0,0,133738,67922,29877,17162,16627,24231,28401,43702,10765,705,41466,108532,5590,4210
zanzibar_133.tif,train,299186,0,0,31270,246453,24276,46466,6547,4478,223192,1022,0,254,0,0,13901,513
tyrolw_62.tif,train,109139,0,0,11634,26333,21166,54694,34654,5399,3801,4235,0,0,27331,6234,10553,12244
viru_43.tif,train,367578,0,718,73489,5875,34823,237091,27014,11112,10153,25942,3025,411,183500,46856,35574,39573
duesseldorf_16.tif,train,272928,0,0,234672,24565,9225,0,0,0,27089,245254,1942,3109,0,0,0,0
sechura_10.tif,train,138737,0,0,2023,165,36404,102092,54925,17901,662,486,0,0,0,0,44723,18093
daressalaam_84.tif,train,341792,0,0,0,99057,2033,229599,0,149,0,0,339759,1363,0,9849,0,1775
rotterdam_15.tif,train,301651,0,0,21920,16722,72170,163350,53817,38678,28417,32087,28789,1179,0,776,96538,48859
wielkopolskie_8.tif,train,98420,0,0,26221,61482,6783,11496,17349,3071,42451,5563,185,0,2842,14426,2589,2382
kyoto_6.tif,train,206996,0,0,5635,34337,15503,120706,27560,23708,5243,2682,8827,0,118942,17322,25286,8241
chiclayo_23.tif,train,231895,0,0,24582,1674,37905,186021,77987,10647,7640,5926,0,45,0,0,83781,27582
koeln_38.tif,train,163239,0,0,47743,15966,42515,61235,41315,28373,9631,47806,2750,680,0,465,19285,8714
ngaoundere_37.tif,train,361627,0,0,50726,66841,184594,52842,32197,71606,49590,45898,3351,3785,3699,98304,37470,22351
baybay_51.tif,train,198332,0,0,153287,16505,26415,5647,2787,2476,11724,67635,0,0,103,93380,4016,12689
zanzibar_141.tif,train,637316,121858,32155,167926,185106,9017,366745,38374,9,107990,45840,150156,731,0,0,41995,6730
paris_28.tif,train,452377,0,0,173901,82370,110838,140872,23664,29097,108531,55975,143,0,0,22429,35300,121634
mazowieckie_27.tif,train,262717,0,0,191618,39279,37943,77633,3754,4652,17862,79702,0,0,0,47850,11540,13601
monrovia_12.tif,train,323405,0,0,195627,35130,43281,123316,7416,13860,13354,104970,915,4979,30312,31959,32500,9191
khartoum_40.tif,train,339726,0,0,0,9237,121750,154487,90644,6313,4512,68179,0,438,0,0,122820,101072
abancay_3.tif,train,287224,0,0,102410,24064,53704,184584,8505,19565,38708,20934,892,28,0,50,83005,37999
zanzibar_139.tif,train,359631,0,82441,227834,104320,5060,165947,18703,3560,81731,2528,0,290,0,53,26303,492
muenster_33.tif,train,277934,0,0,64022,31225,121676,87816,39710,35402,30779,33655,0,0,0,33348,21747,56488
svaneti_48.tif,train,260924,0,0,103218,125919,23612,40773,21724,10689,16804,69326,0,0,86498,1794,9068,12423
lambayeque_13.tif,train,373594,0,0,87972,48773,168974,183689,43749,14112,6220,10735,13127,0,0,2902,53552,113383
chisinau_2.tif,train,279602,0,0,60086,1477,66017,190878,39265,46890,26771,18105,0,0,0,0,87463,22252
kitsap_10.tif,train,295461,0,0,128229,15241,30905,196467,50487,19189,32530,59135,764,0,0,0,52546,5429
pisco_14.tif,train,364214,0,0,41084,102243,32361,43950,1344,12971,45524,10517,1943,153460,229074,40731,12884,342
paris_45.tif,train,481504,0,0,232118,110885,56930,155249,38969,26410,129948,37591,1001,0,0,16325,22538,135044
duesseldorf_46.tif,train,336369,0,0,104298,26603,104597,132644,27485,54781,26095,79113,996,0,0,140,72898,43088
khartoum_26.tif,train,272380,0,0,0,4660,115283,99367,84741,9348,13296,65325,0,0,0,0,59060,93680
abancay_34.tif,train,265509,5179,0,148186,99620,10770,15616,4458,0,39779,62970,0,0,55667,83249,1470,4054
ulaanbaatar_25.tif,train,417273,0,0,291211,556,30440,370287,39556,13483,0,8015,0,2419,0,0,56066,22513
koeln_64.tif,train,290061,0,0,77898,52674,61944,119717,65389,24596,40820,22330,0,0,0,48971,44010,21773
dhaka_35.tif,train,104405,0,1,16675,31212,11450,42620,31400,554,33738,1316,3729,24479,0,0,7413,4223
wielkopolskie_40.tif,train,249787,0,0,103187,103414,42569,32955,24137,12885,63220,13518,810,23,5709,75000,10155,11992
lima_30.tif,train,267979,54404,0,33826,26974,30676,219259,49384,12732,24059,4385,0,0,5015,408,70615,4221
vienna_65.tif,train,253463,0,0,30581,14634,153672,64161,9166,54283,5750,22166,0,0,0,0,54294,98219
monrovia_53.tif,train,261294,0,0,17238,9553,79107,156225,17336,9722,4446,7528,125280,1829,0,9616,17887,66821
malopolskie_21.tif,train,276073,0,0,53517,51123,5498,638,20419,11506,157196,28486,10403,176964,27141,4402,1899,2954
shanghai_12.tif,train,504657,0,0,36204,11539,108970,287147,104165,21156,30950,13569,7225,0,0,54602,217143,116644
tonga_5.tif,train,474668,86350,0,32471,308134,39269,133996,25189,13469,44883,5024,228284,5473,0,4083,18222,4489
khartoum_29.tif,train,371338,0,0,5738,121740,173694,169133,38048,20125,6699,13139,0,20959,0,13966,147159,12276
dortmund_12.tif,train,186229,0,0,52899,39651,41434,44458,13093,12561,11617,28820,259,10176,61624,14204,5303,36359
ica_30.tif,train,950938,854563,5103,25460,35837,2383,835879,0,6614,35107,58941,0,7931,33425,633,0,0
aachen_24.tif,train,182845,0,0,70439,76217,5101,4635,10765,1923,25419,40375,1742,1940,67379,53566,2000,4189
tyrolw_25.tif,train,195457,19396,0,81063,45132,17561,30354,19110,12118,9839,95425,40191,1834,0,3734,8297,6860
kampala_1.tif,train,277844,0,0,150137,58459,32772,115714,35809,7282,36320,33923,4039,14884,0,35447,18767,12135
melbourne_28.tif,train,296960,0,0,19375,13375,131317,138072,43169,48325,73521,38525,380,1395,0,0,29198,57268
aachen_70.tif,train,365169,0,0,147696,161594,35460,30676,9468,11417,56806,137550,285,936,100848,7384,14606,15612
piura_2.tif,train,291823,0,2253,89482,65023,17794,134083,30047,3529,104015,15099,873,28750,39153,34613,10459,8473
tyrolw_28.tif,train,180935,0,0,68893,52535,26625,43730,30183,2603,29331,58857,3273,1190,12172,6463,10458,15557
khartoum_27.tif,train,317127,0,0,0,7224,130534,120343,100964,11326,9023,74118,0,0,0,0,76606,104116
koeln_17.tif,train,246106,0,0,44777,24658,66471,124937,30534,23317,43032,16801,0,0,0,0,61292,56393
coxsbazar_25.tif,train,200572,0,72,98024,92710,6327,7444,7203,950,84627,77953,1612,18401,0,1036,2779,2006
austin_27.tif,train,237056,0,0,36602,27170,77909,92104,20763,50015,56230,28939,0,0,0,0,45552,38828
kitsap_44.tif,train,87798,0,0,45044,16560,4511,7838,17315,9703,16653,51901,0,819,0,0,4275,977
lambayeque_1.tif,train,142922,0,0,53462,36894,57575,38631,0,10826,6496,13074,0,0,17689,40183,7700,3314
malopolskie_11.tif,train,185922,0,0,11292,173474,3736,1476,0,130,2651,6277,0,56,167721,4509,522,0
duesseldorf_29.tif,train,299943,0,0,82537,22155,111061,140663,52526,59232,29424,12818,3477,0,0,1692,20918,63383
kitsap_23.tif,train,351770,0,0,153072,22721,29706,257652,39132,8616,48556,50696,0,0,0,0,81304,12085
kitsap_41.tif,train,323769,0,0,318260,2118,703,1607,2901,896,1395,316552,3,2099,0,0,507,497
viru_12.tif,train,190412,0,0,20345,31079,50580,60065,9243,17223,17335,30174,5498,10487,64852,31750,22559,9634
vienna_31.tif,train,210794,0,0,25431,15224,107712,71509,20674,88937,17115,3849,0,0,0,25649,39862,5626
piura_50.tif,train,262966,0,0,57573,41786,74731,102680,9272,20909,22319,46597,0,932,65324,906,33747,49156
chincha_22.tif,train,482460,0,0,30185,69178,13863,359027,7387,6230,67508,32643,1032,0,333473,12361,29012,3021
piura_16.tif,train,500166,206038,79893,175260,123142,15449,211215,0,746,68572,50645,33875,3323,0,31086,972,116
khartoum_12.tif,train,461057,0,0,0,102225,264865,63659,18209,22418,24375,65820,0,2813,0,142631,153608,61491
daressalaam_113.tif,train,223522,0,0,17285,7801,136807,64676,12341,12216,15305,9905,11588,219,0,0,30196,128705
chincha_19.tif,train,315880,0,0,40699,13221,78699,208535,24049,13702,37695,11892,3492,0,41578,5262,89668,63268
warminsko-mazurskie_5.tif,train,680504,0,0,30157,635455,2189,9987,8933,349,74559,27861,8344,2901,549754,2464,6568,1487
baybay_42.tif,train,245838,0,0,100941,108948,17450,21543,4397,2053,52695,88966,4640,528,60475,14868,5240,8932
mahe_70.tif,train,254837,0,71,141743,17814,69012,42155,9058,23009,20374,131122,0,7082,0,22,14650,33562
dowa_12.tif,train,163864,0,0,75446,48587,18666,21362,9084,2486,34231,58368,0,2372,23376,28389,3061,2300
duesseldorf_45.tif,train,338456,0,0,17834,54104,56936,193007,60478,63833,12645,10049,0,0,0,29,190563,17434
dhaka_32.tif,train,268274,0,0,28345,66545,37139,163398,21672,5526,61018,4380,80899,12319,0,255,39201,15851
daressalaam_124.tif,train,180759,0,0,15309,23781,57658,90983,44539,17628,14876,4944,20687,0,0,9457,27690,33966
zanzibar_107.tif,train,238130,0,22142,41278,180166,20895,20102,18437,906,150992,8452,0,4703,0,0,6528,1659
podlaskie_1.tif,train,77271,0,0,17918,48676,8731,135,0,0,3378,2615,0,0,46613,25658,631,187
baybay_27.tif,train,205434,0,360,127179,9316,26763,45202,12487,4564,24856,107213,1971,13032,0,0,12178,25747
kujawsko-pomorskie_10.tif,train,147276,0,3448,32517,89433,4955,30702,29102,1047,67056,11401,235,6001,0,0,13411,5244
dhaka_39.tif,train,345823,0,0,109899,90123,79508,64527,26284,6975,94006,33097,3583,10871,0,0,32543,140230
daressalaam_29.tif,train,358207,0,0,76743,7624,152615,157626,56374,9728,6345,45738,434,4,0,0,65696,137487
muenster_48.tif,train,298164,0,0,65084,71801,131336,62634,31008,31074,49421,57257,0,0,0,0,21315,75398
lima_20.tif,train,142927,0,0,0,0,57865,85062,68431,6856,2539,0,0,0,0,34656,14092,16353
mahe_1.tif,train,356450,41557,1837,21718,128947,12486,106330,2703,8628,25210,104010,249837,9,0,55,2939,6634
dhaka_45.tif,train,256581,0,0,57855,55958,61091,75986,10092,12729,75677,13540,16771,33813,0,0,35095,64555
ngaoundere_23.tif,train,348766,0,0,163109,79619,26176,180551,27110,8944,12937,28384,1716,0,109299,41525,8419,9743
daressalaam_55.tif,train,341764,0,0,26160,1893,250966,48529,25233,26776,16487,35633,1411,0,0,0,21507,228933
daressalaam_82.tif,train,284591,0,0,101965,64264,75377,105867,36708,18905,31291,21022,1061,0,0,37926,38189,36607
kyoto_23.tif,train,355211,0,0,58391,117110,106425,134259,52324,36428,68495,29993,21186,0,16975,3889,31415,33532
lambayeque_36.tif,train,363703,72946,213,174395,56811,18577,66338,3212,8946,64450,24011,989,28796,29134,178277,0,311
rio_47.tif,train,272986,0,0,25185,33342,83447,163735,35546,20672,46358,10005,11172,7305,0,0,71278,37927
chincha_43.tif,train,304796,0,0,20818,0,59503,236861,27509,21142,2792,2965,0,0,0,0,194174,43828
kyoto_12.tif,train,277672,1,0,7992,39882,68840,152706,61873,43308,6891,4507,0,0,66051,11579,66024,25690
santiago_61.tif,train,421925,0,0,166915,15244,56109,285672,57177,22528,80466,40890,1895,0,0,4534,59363,53057
koeln_34.tif,train,334564,0,0,64832,12601,94316,173333,77110,28593,22850,35612,787,0,0,4908,74669,79517
lohur_18.tif,train,454176,0,0,352150,78046,2693,348,4280,1588,90200,4194,462,40,3714,369687,677,273
shanghai_1.tif,train,157659,0,0,2780,46206,41913,80119,0,17298,20312,4137,0,0,0,0,92654,9899
muenster_10.tif,train,327482,0,0,71926,91164,134460,65012,18278,31550,81239,54175,666,0,0,0,20913,85581
kujawsko-pomorskie_17.tif,train,265666,0,0,34460,151294,146229,64409,41539,37596,22060,6188,0,669,0,1149,21378,4361
dortmund_70.tif,train,209807,0,0,48722,9863,58563,105610,39587,42150,23545,25892,0,298,6244,1518,33146,24476
monrovia_26.tif,train,311840,0,304,180381,36596,30602,112237,8936,5912,12797,123140,6755,5162,37805,2705,34564,25784
mazowieckie_13.tif,train,216394,0,0,61637,136953,14160,2532,12311,2165,47690,68481,91,0,69210,867,11295,5396
tyrolw_19.tif,train,374359,19649,0,68802,14126,59417,245986,95678,13151,15622,49895,74856,88,0,1277,40335,49836
tokyo_40.tif,train,386352,0,0,39994,94915,83962,187187,105711,10188,49757,15459,0,0,69114,127,37814,78476
rotterdam_18.tif,train,218640,0,0,9785,40381,98174,108754,93989,24135,0,4002,0,6803,0,439,16692,34126
chiclayo_14.tif,train,276877,58735,19206,116646,84285,18809,69349,18864,12020,17717,43505,2216,2283,29892,43909,13998,2320
kyoto_42.tif,train,646504,0,0,12538,231243,22811,374542,44373,18388,8800,3849,11389,0,494985,413,51608,18069
chicago_20.tif,train,307399,0,0,91119,4056,72681,186466,40440,18718,22462,50749,0,0,0,0,80697,47410
daressalaam_59.tif,train,280045,1804,0,80471,8310,56803,150943,23445,14733,37293,61469,933,35,0,0,79296,44555
maputo_4.tif,train,234906,0,0,5305,1039,153329,59536,23800,25026,11523,34152,0,0,0,0,40949,115153
tyrolw_29.tif,train,282829,0,0,39143,51548,44595,181885,117121,19468,22182,10124,0,0,0,316,59788,19488
kyoto_69.tif,train,293808,0,0,82414,94560,19354,85934,25214,12259,11171,64566,64925,657,73156,27750,17574,8082
lubuskie_22.tif,train,68191,0,0,16459,38791,14424,6758,5115,5490,17479,16072,11514,0,0,0,3200,1080
piura_20.tif,train,370044,0,0,246659,19157,40739,132228,5607,9406,25397,72668,0,0,32630,131753,19012,4832
chisinau_55.tif,train,201933,0,0,27928,368,72120,105027,15703,38363,19907,27607,0,0,0,0,66275,30568
coxsbazar_61.tif,train,125210,0,0,28309,82590,12731,211,0,2013,70030,22186,2996,3978,10484,12842,660,1390
zanzibar_112.tif,train,471838,0,5920,106232,314720,4883,133810,28268,3981,304074,11066,0,691,0,0,28381,1650
bielefeld_60.tif,train,339684,0,0,107823,56738,136153,99164,41234,14898,30465,88726,0,12,0,1028,24009,79118
rio_68.tif,train,240592,0,0,177309,29680,0,8364,0,3278,61450,80079,0,117936,0,0,1833,1255
aachen_22.tif,train,266639,0,0,129243,49039,13631,127218,26428,6448,45430,23221,175,0,20641,40378,31091,20335
zanzibar_37.tif,train,476775,0,0,84492,182545,6594,8797,5638,343,28771,223745,0,40709,350900,17615,380,3021
niamey_7.tif,train,396892,0,0,18609,162304,294855,65985,40800,16807,19689,62272,0,0,0,75017,22939,14507
chincha_10.tif,train,275988,0,0,27564,36985,83606,147970,8278,14784,60697,8613,1181,0,29731,6146,64931,61490
daressalaam_43.tif,train,336138,0,0,18505,19001,255449,38827,16233,7206,12415,31983,3966,0,0,0,29570,239121
shanghai_59.tif,train,421924,0,0,52570,10307,180083,127027,52380,28968,24436,13727,0,0,0,48325,112455,193570
lima_7.tif,train,261656,0,0,69940,66155,77833,122814,2845,24513,52606,25037,3905,5,5193,981,49334,22151
khartoum_15.tif,train,347150,0,0,0,22616,198687,90086,49342,16961,18463,95808,0,0,0,851,80658,120828
tyrolw_6.tif,train,893965,790723,1880,28205,72103,0,723592,11513,1961,63524,5449,0,5,0,88975,0,0
tyrolw_5.tif,train,437056,0,0,58648,34033,0,2711,2738,416,344003,28074,0,358989,31415,12677,252,156
christchurch_44.tif,train,357750,0,0,104238,114146,47739,163196,91591,8655,10661,20663,8673,21,82790,32223,12058,18846
melbourne_27.tif,train,312695,0,0,143345,8947,59253,177176,50421,43288,24564,43851,0,320,0,363,35112,38750
muenster_56.tif,train,295533,0,0,87595,85827,70781,77683,16044,37681,65116,23918,187,0,37848,25577,17962,44847
kitsap_40.tif,train,214961,0,0,129899,84892,0,0,0,0,85062,129883,0,186,0,0,0,0
kyoto_39.tif,train,260570,6,0,23673,66346,39077,117839,69482,3132,34023,6321,12741,0,62879,38811,18689,28121
baybay_16.tif,train,348594,0,0,217052,22487,38200,117979,15007,22436,22882,105858,2824,4495,27425,58607,25204,16732
monrovia_75.tif,train,269987,0,0,145712,56209,31341,102748,14515,3330,43826,82492,0,4,10002,481,24591,24723
lambayeque_38.tif,train,339783,12942,0,41898,81351,25547,170536,12948,4172,38251,7537,120964,1024,87018,74907,215,256
daressalaam_47.tif,train,372716,0,0,10609,46238,271796,51331,16098,12879,21188,28089,7432,0,0,84,45593,234095
accra_49.tif,train,267804,0,0,133877,11902,16779,5513,13161,4233,93081,2077,0,0,8500,242379,2406,1700
soriano_4.tif,train,225000,0,0,84800,92514,57993,75087,33178,6677,20773,14324,0,259,8577,11997,19679,24142
chiclayo_9.tif,train,304509,0,1319,67157,142412,125435,7336,5695,6432,31460,31664,1845,21319,70179,92596,2738,1431
christchurch_6.tif,train,180432,0,0,100734,55465,20130,23124,12055,16852,45796,52534,360,388,0,29693,1357,2376
zachodniopomorskie_1.tif,train,141988,0,0,54409,9580,72749,2893,35,11456,6768,20168,1146,84834,6521,12622,360,435
dortmund_47.tif,train,352329,0,0,199331,52199,53250,117659,26522,17613,46353,111161,119,0,9976,14715,16778,38982
paris_53.tif,train,559508,0,0,377377,12620,90808,245244,37305,21995,34941,47554,0,0,0,2648,19077,229447
tonga_68.tif,train,379828,0,0,226710,67235,24401,185854,15103,7503,89690,103956,0,0,0,0,23924,15280
rio_70.tif,train,426381,0,0,40996,254302,16829,47126,49262,214,27408,96648,3873,0,260226,4677,27787,23414
ulaanbaatar_35.tif,train,413549,0,0,208617,3255,34265,338295,44780,18184,8584,35129,0,141,13741,0,103562,18545
duesseldorf_43.tif,train,314498,0,0,74035,98068,111130,71083,22236,25941,77532,28662,721,0,5454,17488,23390,73256
tonga_52.tif,train,309805,103486,189,38549,159903,31756,106655,12435,5963,112185,14742,1519,11958,0,0,9875,10395
ngaoundere_10.tif,train,394113,34654,0,111664,160161,60701,120844,23888,11854,27743,57269,0,0,130137,25856,5326,18129
paris_3.tif,train,501060,0,0,273512,39108,99845,191376,44827,45065,50684,58056,0,0,0,64887,32192,102568
lubuskie_12.tif,train,303735,0,0,119614,158163,0,0,0,966,108963,52081,75094,330,0,92195,64,0
dhaka_62.tif,train,261702,0,2772,40832,103848,18855,113231,36028,982,123014,3705,2047,16832,0,1481,40926,18851
baybay_54.tif,train,210517,0,0,110505,49567,40390,21584,8240,5040,33747,112635,0,54,8474,2593,9161,19044
vienna_11.tif,train,212370,0,0,36361,20888,82835,80397,17834,43900,16344,45068,0,0,0,188,58996,21929
chisinau_34.tif,train,225310,0,0,79849,13304,92516,87847,15612,52982,31568,39678,0,0,0,0,5765,31499
rio_21.tif,train,542022,0,0,337147,19458,0,300541,105121,2660,26090,158090,0,0,0,0,73664,61273
lambayeque_32.tif,train,177090,0,908,37544,39192,27728,57114,2180,18465,90948,8853,0,1382,14456,48330,4234,2846
lohur_37.tif,train,226283,0,0,116507,64987,30115,37801,14983,10957,18749,3578,19760,68,12879,105584,13290,3308
ulaanbaatar_21.tif,train,787314,101837,9876,658958,15076,11417,88626,11488,401,0,0,0,672314,0,592,3614,429
paris_66.tif,train,499148,0,333,238010,130971,105564,85266,4316,28769,133860,120531,2324,4242,0,5217,15074,123819
kujawsko-pomorskie_16.tif,train,337121,70185,0,14427,160410,32562,138888,26533,13287,31671,4418,5202,0,138926,18562,17615,1556
tonga_7.tif,train,298319,0,0,186931,61381,30233,102159,14481,12219,48061,94405,435,11526,0,428,18178,16201
zanzibar_74.tif,train,517566,36890,938,214786,39459,4477,226076,1874,2661,35299,124244,159469,156,64768,122225,3,1807
dowa_19.tif,train,288442,0,0,85313,11126,55862,193918,21085,20480,12688,15210,0,0,92935,34505,20559,13203
niamey_13.tif,train,244746,0,0,64214,12908,76531,128487,41858,18865,16421,34063,3596,1361,0,1243,42126,47819
viru_47.tif,train,403713,151846,3768,151807,46271,21912,188701,3396,20516,25859,25146,27847,25331,14559,87839,6487,6141
melbourne_40.tif,train,306385,0,0,137190,8263,57967,178928,17933,39422,51047,52652,251,0,0,0,41997,27120
svaneti_5.tif,train,303662,0,0,150615,94964,24354,31914,16975,8105,32943,161024,36580,2238,36361,2649,5834,2768
svaneti_4.tif,train,291359,0,64,176039,68001,29049,20527,9915,2973,34810,181912,41146,34,0,17748,400,100
dolnoslaskie_13.tif,train,270435,0,0,183544,58226,17063,14379,11111,5456,21540,122202,0,32,29504,64806,7673,5334
dortmund_29.tif,train,201399,0,0,45911,76458,62953,32002,2301,22825,43022,22415,916,520,35208,13273,11088,33906
aachen_1.tif,train,145390,0,0,100542,12021,22378,13093,2630,6456,10317,12344,1347,2009,1895,94435,6281,5032
malopolskie_29.tif,train,416807,0,0,113596,44527,12068,4292,11866,17782,185555,2958,0,327471,90646,16342,3076,3435
kitsap_17.tif,train,105898,0,0,85316,20582,0,2296,0,48,20539,9556,0,0,43,73416,0,0
dortmund_20.tif,train,171131,0,0,54405,46178,40257,25509,4104,41079,17978,35559,11821,1969,36736,19753,5830,1084
mazowieckie_6.tif,train,256381,0,0,15622,169935,31725,40187,55417,17999,38361,6950,6048,0,104272,1849,4936,19461
muenster_16.tif,train,100684,0,0,43837,17052,1194,3204,445,19755,13111,15646,2809,0,37607,44118,1681,909
zanzibar_86.tif,train,598372,0,0,146130,376115,0,67939,18073,88,422672,201,0,0,0,154023,11497,6
rio_6.tif,train,743528,31254,0,574121,63176,3753,107373,24191,2663,38536,25149,12829,0,0,538982,58844,6185
paris_9.tif,train,498697,0,0,295839,47216,70483,204694,34026,32986,74302,50334,0,0,0,6375,24047,157092
ulaanbaatar_13.tif,train,475114,0,34411,425657,6929,27167,316150,2139,15008,0,4732,0,70060,0,23735,20151,4089
paris_33.tif,train,575917,0,0,2724,528065,38326,31721,5341,14024,498521,11,0,0,0,0,31005,2096
koeln_18.tif,train,277099,0,0,83254,20800,107515,116317,40054,41282,4935,33523,0,1058,0,3224,41341,60895
vegas_3.tif,train,243015,0,0,20587,16768,132437,83139,35853,28391,29010,28713,7144,6536,0,0,17984,79468
wielkopolskie_37.tif,train,223726,0,0,126743,55727,17628,31416,9506,18852,20804,14641,2046,374,39983,99743,7016,2973
warminsko-mazurskie_7.tif,train,251637,0,0,142489,96835,0,220,5594,275,102853,62066,0,3210,642,89022,59,9
dolnoslaskie_39.tif,train,193898,0,0,12152,167056,8054,1778,1547,12704,1080,3218,0,3132,170838,6010,227,0
piura_23.tif,train,247788,14278,0,143917,54605,9273,54264,35284,12429,10511,74643,29965,834,4560,51013,0,0
vegas_38.tif,train,361836,0,0,170344,9736,86189,181009,35360,17805,30428,43192,16874,0,0,0,22641,110094
duesseldorf_12.tif,train,345626,0,0,161263,21132,111123,106032,33505,26238,16440,126361,0,0,4019,6374,19276,59489
kitsap_25.tif,train,370906,0,0,124317,14589,29447,296484,81200,14356,44883,36559,0,0,0,0,91059,8918
svaneti_36.tif,train,306200,0,0,97012,111906,33078,35341,22383,9443,75632,45045,0,69602,51288,28003,26807,6860
dortmund_45.tif,train,196881,0,0,59633,62285,48985,41823,20575,30459,29741,33541,416,4636,22519,8818,15012,15319
lohur_25.tif,train,103056,0,0,12222,48775,15188,22590,111,6639,52147,1151,0,0,23387,23901,1,0
dortmund_19.tif,train,259582,0,0,103265,86611,56594,27787,9322,11576,28093,82116,129,2530,55194,6964,6985,41998
pomorskie_14.tif,train,263419,0,0,128810,28865,5465,96849,9775,14272,4340,77245,24238,4,82768,45371,8023,813
chicago_30.tif,train,381466,0,0,97748,10712,112325,215211,46367,23367,61648,34947,197,0,0,0,63181,97229
tokyo_35.tif,train,336976,0,0,55370,64623,105182,154852,67113,12914,38943,14846,0,27,23186,0,47182,89714
shanghai_38.tif,train,444702,0,0,46691,103426,241156,38669,21573,40925,28885,66509,17108,8,75391,62368,13898,132797
muenster_36.tif,train,229898,0,0,45118,26425,66996,125156,56547,43007,23525,17286,0,0,0,1700,37712,16324
vienna_42.tif,train,238202,0,0,36848,35461,107285,71009,12921,52990,46068,18198,1195,0,0,0,33885,60544
paris_31.tif,train,589980,0,0,52338,436505,91920,24194,60641,37076,356785,1662,0,0,0,82963,28296,7580
austin_9.tif,train,272821,0,0,70828,21760,68686,129778,25747,51471,65707,42457,147,0,0,0,41706,27355
koeln_44.tif,train,328484,0,0,157989,34403,84676,102648,25066,34094,26279,100535,914,0,0,59,33560,56745
kagera_21.tif,train,412396,0,378,305546,84132,19330,42604,12752,4128,68257,260183,0,0,0,15648,6511,5323
christchurch_51.tif,train,269061,0,0,53553,105724,138026,50313,13792,7763,44551,22618,1579,0,0,0,17560,82643
paris_5.tif,train,429263,0,0,172969,96819,99035,163619,48599,24472,78112,32299,0,0,0,50180,30548,61874
rio_23.tif,train,311916,0,0,110518,21823,13335,269288,114968,2870,15588,1142,0,0,0,0,57507,16793
rio_39.tif,train,416817,72251,0,140388,46097,48477,221801,44989,12338,29848,69263,0,0,0,8874,80864,58444
pomorskie_10.tif,train,364458,0,0,71120,167663,32145,85227,7291,25296,18738,62742,14249,47,211296,19141,9619,4342
pisco_41.tif,train,252270,0,0,43393,15451,101875,131482,42644,20628,6230,11689,0,3627,0,0,58128,69393
mahe_63.tif,train,220592,0,0,118491,27543,32260,73912,10142,14961,33986,67573,4768,6888,3219,8624,17726,21091
lubuskie_6.tif,train,468444,0,0,380305,32176,27726,10547,2962,16840,34902,59551,1098,152,940,344095,20511,5083
aachen_13.tif,train,298296,0,0,129660,54613,47555,92340,36455,17544,26341,92926,986,0,35522,29524,21777,11349
shanghai_37.tif,train,495607,0,0,48832,42386,206649,131954,62522,51240,33076,8420,41951,0,69948,6635,32629,254972
podkarpackie_15.tif,train,436373,0,0,4036,384857,1346,241,376,4012,18833,41859,5520,91,405096,3962,1166,1351
swietokrzyskie_20.tif,train,80581,0,0,8655,50584,8090,1734,1743,10360,6529,3206,0,0,52488,12994,3076,1703
daressalaam_71.tif,train,298569,0,0,129786,24531,50521,151770,20066,6373,42784,68969,0,0,1433,0,53979,46926
vegas_28.tif,train,305640,0,0,18434,22051,186155,93384,38431,18381,17233,11279,3372,0,0,11270,42015,149275
vienna_21.tif,train,293927,0,0,56923,52513,157111,38680,9563,114930,44140,80482,0,0,0,910,26190,6412
khartoum_17.tif,train,343146,0,0,7785,20572,196135,92340,31889,32887,59284,27114,0,0,0,0,48053,170233
shanghai_53.tif,train,564315,0,0,172056,14450,160094,249582,96625,17437,112706,316,0,10599,0,0,22834,271931
lohur_38.tif,train,271557,0,0,26461,227523,16230,8680,4974,2959,17439,3106,9162,0,196206,28896,1085,393
monrovia_59.tif,train,324588,0,0,149668,57553,59324,144265,8369,16826,38268,60451,23776,16531,21086,2153,24097,26809
koeln_67.tif,train,383985,0,0,100986,50794,72007,216223,95501,32057,21594,23093,0,4,0,38308,93897,23506
tyrolw_31.tif,train,268026,55434,0,104773,75317,11499,24852,13399,5780,7450,21976,13480,39472,58214,93212,3777,7417
santiago_60.tif,train,389728,0,0,110931,17797,82322,227363,45807,30076,77420,54095,2433,0,0,1371,70815,59026
pomorskie_4.tif,train,462920,0,0,138099,25653,5646,379493,15818,21531,15200,19374,1283,0,276309,9627,10565,7242
ica_11.tif,train,224720,0,0,23292,883,106149,106861,12557,47153,12542,14798,0,0,0,0,70180,55025
koeln_55.tif,train,172447,0,0,100459,45044,5493,7802,3405,2667,18505,48345,791,3883,38280,63338,5514,1368
monrovia_3.tif,train,333359,0,0,149806,85550,35019,110027,16988,5837,25063,96725,7015,11537,76774,8225,22694,15458
bielefeld_64.tif,train,220910,0,0,115126,46728,39989,31115,9220,18534,49038,34505,0,3646,429,63851,7108,22531
accra_18.tif,train,211513,0,0,132624,39246,2912,1210,12418,802,52765,2771,0,168,8367,166904,2427,412
tokyo_62.tif,train,403132,0,0,32158,56729,130542,200852,112479,10416,67633,9286,0,0,0,0,60320,125849
melbourne_44.tif,train,302383,0,0,46337,17936,34446,216579,45990,13051,129021,10777,481,0,0,1,46108,44039
chisinau_60.tif,train,257711,0,0,84505,3082,66592,139414,28549,26477,24911,43310,0,310,0,0,53154,45118
vienna_46.tif,train,303628,354,0,35930,79444,86671,125260,77625,63117,62439,11654,570,0,0,6069,40039,18084
tokyo_56.tif,train,481479,0,0,41306,173701,74159,194528,90434,8138,45441,20659,0,1921,191314,5435,38825,77097
abancay_30.tif,train,287487,0,0,112439,40937,49792,186561,17826,16378,47019,12417,87,0,0,0,60324,31194
duesseldorf_3.tif,train,118105,0,0,26544,58344,23907,10646,5753,14232,20669,13007,70,58,37213,18875,3949,2943
vegas_26.tif,train,299285,0,0,57179,12429,98819,127481,17552,31333,60994,48853,16792,1204,0,0,47949,77985
pisco_15.tif,train,314381,144514,4,10002,48662,0,200717,0,2448,21471,2410,137530,35593,864,24547,0,0
khartoum_62.tif,train,363875,0,0,0,72403,280842,52590,32905,33797,28635,68493,0,10070,0,0,21493,126522
lohur_33.tif,train,289796,0,0,84247,38665,56167,110624,10862,16227,44344,27634,12016,588,23920,78195,58240,17863
ngaoundere_33.tif,train,328712,0,0,134243,9523,42020,146330,54976,23822,31194,36751,4524,9011,18441,72010,43314,31265
ica_3.tif,train,249740,0,0,40740,1216,65152,172508,33773,18215,13880,6561,0,0,0,0,96195,51240
zanzibar_102.tif,train,434022,0,0,49694,252566,95575,101645,18944,8483,211063,29888,0,0,0,652,58746,40788
santiago_19.tif,train,319086,0,0,45740,4904,76228,213477,34421,36639,76701,5150,0,0,0,0,85996,58916
austin_8.tif,train,349873,0,0,206432,18539,39334,164494,22282,20946,27446,112355,0,0,0,3370,54379,30169
vegas_17.tif,train,238823,0,0,32103,19078,43133,144179,111851,22367,15520,13454,2453,13494,0,0,33763,26251
duesseldorf_19.tif,train,150177,0,0,68188,62692,6035,4048,4586,232,12931,58580,4410,1807,52910,22638,1117,180
khartoum_60.tif,train,307414,0,0,0,2236,135796,150880,90736,9193,15719,5219,0,0,0,496,65163,139390
christchurch_4.tif,train,259315,63805,1183,94884,26486,9133,142550,20586,5965,46047,43033,12233,32095,0,0,12627,8003
paris_19.tif,train,502031,0,0,110596,166844,56131,236932,65093,49678,184935,4250,0,50,0,786,85276,43491
abancay_20.tif,train,252658,0,0,35760,3290,102841,136628,37834,42029,12219,4667,0,0,0,0,64004,66044
wielkopolskie_24.tif,train,374271,0,0,287034,37524,42479,38784,39750,4961,0,63,0,0,3488,292544,1520,395
daressalaam_100.tif,train,277759,0,0,44380,147303,131061,64117,21588,2341,68845,16669,0,0,0,1205,11885,46124
sechura_27.tif,train,237828,0,0,64530,1542,66995,156552,51022,32895,18224,11315,0,1114,0,286,37057,34124
shanghai_58.tif,train,265293,0,0,7789,56373,114493,109971,53701,25820,12517,8746,0,267,0,23119,76793,40997
dortmund_32.tif,train,257289,0,0,61384,18705,54001,162803,59843,24625,27939,20209,486,0,0,1532,53636,29415
ica_25.tif,train,598526,10574,15664,138691,96881,14274,424416,1129,7472,80160,4555,54892,8331,295523,40912,3283,295
kyoto_57.tif,train,382847,0,0,28654,61067,100196,200006,79700,17139,15445,26860,834,0,90623,0,67395,77775
shanghai_49.tif,train,459367,0,0,184163,36334,109637,186865,35279,67495,103204,47641,0,0,0,0,27084,121032
christchurch_63.tif,train,365906,0,0,230441,36283,26806,153066,34696,22630,59557,107079,354,0,0,0,14052,46848
coxsbazar_69.tif,train,188752,0,0,31944,134014,32601,15751,0,3289,112004,24319,94,6028,2210,1785,9899,3566
lambayeque_24.tif,train,697810,110044,374009,300355,58043,0,152043,0,19,30915,111341,0,61,256496,2223,0,71
western_18.tif,train,491169,42590,8093,293064,22498,31103,218186,25869,974,11529,213688,80113,7617,0,0,6901,20113
khartoum_1.tif,train,423779,0,0,4367,22129,164687,154653,152115,31665,12623,59578,0,0,0,0,89987,155754
bielefeld_63.tif,train,324018,0,0,191889,38619,30685,132584,38859,13251,46218,55329,330,905,3703,28965,12334,54365
piura_35.tif,train,299320,0,0,121789,67567,4918,148120,30459,20964,91759,17256,22362,5945,28033,39468,0,0
santiago_64.tif,train,474317,143075,0,113364,99173,79765,198258,44269,64386,51889,55925,27291,33732,0,2004,14664,20839
zanzibar_2.tif,train,243360,0,0,86605,128464,11214,21474,7394,1161,85135,59985,0,0,49882,24488,3130,7788
dhaka_14.tif,train,305499,53724,51,104770,60211,37791,84386,5889,3030,66360,23864,652,96652,0,0,36313,37305
daressalaam_57.tif,train,286911,0,0,9164,35,144973,112679,61274,17277,19369,22939,0,86,0,0,52131,133895
soriano_7.tif,train,279848,0,0,53703,74825,80438,103046,25333,25592,63648,34575,285,0,0,1105,56441,40705
rio_19.tif,train,325789,0,0,59948,4141,59371,236364,61353,20871,14373,19637,0,0,0,0,130744,44776
tonga_38.tif,train,245176,0,0,145340,65279,17956,48858,13791,4679,56583,95951,0,1845,0,22995,11506,5569
sechura_46.tif,train,293514,0,0,118855,52372,51877,110854,28687,23073,31425,86142,0,0,28141,5122,34529,15951
kitsap_32.tif,train,181075,0,0,82038,85316,14365,5297,3885,8445,79238,81620,0,0,0,175,1549,222
santiago_48.tif,train,444763,0,0,243387,39125,23366,175189,42186,29534,55828,161544,8605,637,0,0,71391,38734
duesseldorf_32.tif,train,249905,0,0,55524,9927,82551,129012,43945,65828,27159,13926,349,0,0,1,40377,31211
rio_22.tif,train,386324,0,0,181517,106247,5276,12291,15738,164,35349,243015,16238,14914,92728,2519,39478,7174
chisinau_62.tif,train,234456,0,0,49300,1467,70003,124051,27873,29928,20617,45561,0,0,0,0,66663,33449
abancay_23.tif,train,217294,0,0,67744,17842,44901,128604,23995,16031,18007,21577,0,0,0,0,62647,33240
kitsap_34.tif,train,87147,0,0,1531,82974,561,796,0,763,84037,1842,347,772,0,0,671,0
chisinau_57.tif,train,250703,0,0,88244,2187,90856,106385,12041,51474,23305,55432,0,161,0,0,36257,35064
shanghai_3.tif,train,454224,0,0,15392,114587,152213,45323,48375,54177,67379,14524,0,0,0,170515,170865,55098
sechura_39.tif,train,200235,882,0,1324,525,36045,163040,73906,11574,9698,1885,0,0,0,0,78380,23211
chisinau_1.tif,train,250476,0,0,55427,273,111526,113035,15190,57941,36262,22645,0,0,0,0,32071,56582
ulaanbaatar_29.tif,train,264014,176890,5996,74117,23589,0,158330,13007,157,0,58,0,75825,0,0,0,59
chincha_3.tif,train,328760,0,0,26677,65239,37475,215097,15567,24896,63950,8620,6965,3574,49180,6,128946,11328
rio_64.tif,train,479979,0,0,180494,51545,65205,288113,90411,12519,53891,39644,15340,0,0,359,74638,87799
muenster_30.tif,train,395432,0,0,141464,72737,156586,33204,9987,18603,29635,88430,218,8387,43766,92192,13776,81879
ulaanbaatar_26.tif,train,339552,40,0,186337,11355,56380,252949,22032,47755,0,7861,18005,6515,0,283,56758,12834
mazowieckie_17.tif,train,420118,0,0,19820,352852,0,37356,0,8355,124420,6347,0,0,275173,15151,705,57
santiago_43.tif,train,451429,188033,0,77892,149776,69444,141819,33629,104039,33840,30523,48591,18261,0,4132,0,2879
ica_36.tif,train,309691,0,0,10187,227,181638,118018,51288,20858,2315,658,0,0,0,0,64263,169930
bielefeld_48.tif,train,281001,0,0,54301,37637,90513,136815,72565,28431,37332,20513,28,127,0,0,26262,57478
paris_41.tif,train,658779,0,0,113958,18839,443248,103441,9922,30453,13017,15948,0,0,0,470870,78634,19228
vegas_13.tif,train,579461,0,0,40035,3341,448756,101109,25301,6807,45466,8099,4358,0,0,51169,15545,408936
pisco_24.tif,train,512419,0,1736,60762,144803,17846,167713,14268,3374,65323,11601,9926,163166,344294,18757,0,1269
coxsbazar_32.tif,train,267644,0,616,176349,49942,30509,35076,5067,2789,40204,173686,0,545,5486,35,10029,4955
ica_47.tif,train,796257,701677,0,38088,15546,8829,766631,9493,4948,15288,7859,0,0,2263,408,20619,865
tonga_53.tif,train,239248,36085,0,93978,75773,40875,114092,7542,11960,41464,8175,1383,17224,0,453,17921,11571
sechura_29.tif,train,418011,0,219325,20023,5263,141069,167589,24903,5618,18960,5318,0,2124,177743,0,35313,12774
kagera_22.tif,train,548477,0,0,70199,372977,23123,92576,16948,5053,221142,64900,0,1706,211563,817,5502,10448
dortmund_41.tif,train,269303,0,0,127046,38320,65194,63732,14984,28151,37951,89528,3094,0,4751,0,16283,49572
accra_33.tif,train,371162,0,0,192598,107326,30205,53942,52646,3835,95118,11846,0,0,0,193693,595,520
chicago_4.tif,train,462916,278171,0,43925,4204,26983,417901,96037,32626,3077,1615,0,0,0,5869,14723,701
koeln_40.tif,train,382285,0,0,60099,6770,61224,258933,120508,19380,14300,31472,0,0,0,1406,126154,64324
chincha_11.tif,train,327400,0,0,31962,17299,79530,218440,43279,41776,23176,9196,2546,200,18690,1567,128217,38922
malopolskie_6.tif,train,208187,0,0,47924,80843,3519,3145,13207,1318,37963,115443,0,2613,104842,3328,732,1497
melbourne_48.tif,val,330547,0,0,164639,24690,62611,155387,35620,40063,18939,93585,4331,0,0,0,44407,16822
tokyo_53.tif,val,490336,0,0,73812,103085,129580,216240,85025,12886,96028,22811,44130,0,24723,6204,37038,129110
slaskie_35.tif,val,227995,4540,635,109741,54146,41805,70163,9368,22334,27952,58669,24133,8,0,400,10456,21640
accra_12.tif,val,453615,0,0,3175,1951,37822,380256,16668,39482,14188,1627,11645,0,0,0,370117,30299
malopolskie_2.tif,val,49255,0,0,9018,36405,6559,1209,66,8245,8483,2292,0,167,24401,757,728,180
chincha_14.tif,val,193121,0,0,33814,4927,32425,151084,14449,9514,26585,5708,199,0,0,0,85649,21888
pisco_6.tif,val,101270,0,0,25777,20989,29321,12024,8610,12887,13002,4123,4005,7372,16468,40374,4087,3501
ulaanbaatar_9.tif,val,307047,0,0,120406,1142,29905,267161,35066,16650,12306,6244,3508,56,0,0,105856,15794
zanzibar_124.tif,val,453900,0,487,138399,239254,19823,132491,51375,0,219022,4303,0,161,0,75549,25281,1655
tonga_17.tif,val,245883,0,0,92482,105994,34747,74228,4937,8554,100079,34164,0,842,0,8385,13638,13716
mazowieckie_19.tif,val,171633,0,0,12527,138069,12533,2871,2393,1996,58807,10642,0,0,76972,14695,8401,3360
koeln_36.tif,val,352640,0,0,57950,1651,60169,253620,106840,32316,6186,21685,0,0,0,0,121495,43368
piura_5.tif,val,137054,0,0,14043,1765,51807,78831,36136,12123,14906,29439,0,0,0,0,20162,14896
malopolskie_38.tif,val,264416,0,0,187518,40271,4846,29686,13487,3761,45360,79050,0,27173,10261,74406,2944,10069
kujawsko-pomorskie_15.tif,val,260476,12073,0,40816,122466,104626,90693,46721,29125,24333,7385,141,2208,0,0,31766,8599
rio_38.tif,val,347006,0,0,6813,7248,53813,236851,121922,9721,7349,11003,0,0,0,0,157109,82183
chincha_6.tif,val,411713,0,0,67240,42082,35298,326150,8215,14594,35621,6820,0,492,180971,2260,84368,19315
daressalaam_93.tif,val,231783,0,0,46083,38385,91605,87862,22589,30983,21504,36568,9274,1120,6902,4567,33826,32298
ngaoundere_22.tif,val,502805,18464,0,367010,38115,19947,392761,36935,5229,16287,27725,0,0,39065,28650,5097,10325
chicago_49.tif,val,289966,0,0,66855,10908,39682,219396,37297,53765,3548,2717,11608,45,0,31,130976,3104
santiago_15.tif,val,405092,0,0,122731,65846,81340,181974,63426,21868,85945,82828,5123,707,0,21600,46527,30269
duesseldorf_39.tif,val,169849,0,0,49468,32947,79729,47856,5298,46569,14108,14051,15124,634,0,4272,6122,23520
aachen_18.tif,val,277327,0,0,82142,85518,86500,53628,10605,29064,58453,72318,0,1335,12761,521,26866,34943
accra_42.tif,val,364148,0,0,198949,18645,76581,137721,20399,23552,34516,109847,1942,0,0,0,31761,74383
zachodniopomorskie_3.tif,val,112626,0,0,74563,10465,24162,2891,5672,15013,3519,64201,4309,18162,0,1794,401,100
slaskie_21.tif,val,139069,0,0,14296,106857,50775,12996,21189,1398,50301,7130,0,0,0,8218,2508,2470
viru_45.tif,val,153120,0,0,22074,3277,36071,106466,41223,14725,11238,14573,766,48,9628,2539,32120,11492
ngaoundere_14.tif,val,363502,0,0,120276,100558,62964,21302,29717,13869,47081,51508,7146,12635,94822,152144,1496,11486
bielefeld_22.tif,val,315124,0,0,138548,46489,70007,67452,41744,12182,21461,33020,390,0,37519,60090,5455,95891
accra_62.tif,val,326332,0,0,22203,211,121100,188776,37644,31360,16889,3046,0,0,0,0,128496,102939
svaneti_22.tif,val,383780,31962,3268,220814,30799,13108,143207,23459,4908,31334,171681,59093,9293,0,5143,4010,15481
daressalaam_63.tif,val,338965,0,0,44876,5681,179755,89636,32211,21816,22787,62446,0,0,4284,139,55052,159247
lima_32.tif,val,371225,105836,10468,12046,10548,48016,293260,36743,9458,4295,4829,93375,98,0,0,70914,42564
lohur_21.tif,val,248822,0,0,57431,37185,38531,124018,11503,5682,45971,30432,0,0,32517,27251,62869,24254
daressalaam_97.tif,val,266009,0,308,126771,41647,69640,86980,21470,4937,19156,107612,3613,392,0,206,25359,23927
tyrolw_2.tif,val,343850,0,0,101020,83894,48313,144048,74215,10018,9512,55559,298,242,87473,4763,23019,45326
ngaoundere_12.tif,val,328398,0,0,85370,34851,68240,116910,5708,49425,21229,72185,9318,1237,81190,29696,57343,24094
pisco_42.tif,val,173315,0,6357,27175,16649,54001,108771,29729,14726,5202,4814,0,4947,0,0,57208,17051
coxsbazar_12.tif,val,577412,0,0,3745,552327,61819,2877,0,2452,489419,5316,6292,30,12684,8860,3453,5550
duesseldorf_68.tif,val,318358,0,0,21362,56219,154629,81169,42197,129963,51856,11379,40294,510,0,0,8020,39118
pointenoire_5.tif,val,280484,0,0,79114,2030,107812,116028,36669,16723,25833,47400,57,7144,2607,294,28392,90865
coxsbazar_33.tif,val,345382,0,0,41309,297475,4799,73,4321,1157,284522,38368,10271,95,0,7912,160,302
monrovia_56.tif,val,356628,0,0,246057,25570,36637,100162,10553,4769,8675,194936,6426,1892,21849,121,26431,29178
dhaka_57.tif,val,307051,0,133,64135,85530,26773,142541,34971,2867,96763,17920,21007,41504,0,0,63402,16556
dhaka_33.tif,val,232960,0,0,28448,74514,55310,65027,10966,11823,84923,10290,3480,13492,0,295,49833,57519
chincha_31.tif,val,178607,0,4,120120,1722,28925,138394,0,8520,3174,4485,0,243,4193,14034,22195,11205
maputo_1.tif,val,245129,0,0,12365,29851,85030,125862,60818,21833,26560,18356,7105,1408,0,26,53251,47793
rio_4.tif,val,439619,28856,0,30886,118554,89576,229424,50562,22537,86415,33813,18210,0,0,0,135114,35291
bielefeld_61.tif,val,281216,0,0,116209,93225,56758,50713,20840,9952,61041,71702,1118,0,11153,9071,14097,46553
chiangmai_2.tif,val,267550,0,106,53975,70444,15760,145893,4710,2614,24179,38740,161459,1884,1003,3188,6464,4681
daressalaam_98.tif,val,248343,0,0,81478,46319,61061,82753,17387,7838,41621,73987,6341,283,0,175,40455,36988
chiclayo_17.tif,val,362898,217597,11889,55652,1919,30220,294291,29529,8171,9476,39605,0,612,10029,378,10395,6033
tokyo_23.tif,val,304951,0,0,21899,26121,64286,190657,100804,15232,35176,37026,5623,1870,0,0,77163,34045
bielefeld_52.tif,val,267762,0,0,76233,62851,99418,86176,34869,18375,30450,38565,196,0,0,295,26596,61500
paris_29.tif,val,557453,0,12,127000,104189,122581,238794,45410,67827,169737,8603,0,59266,0,3277,92725,75485
dortmund_15.tif,val,175672,0,0,77057,43688,31952,42479,10929,18079,19211,47997,336,0,25081,2543,11106,20886
maputo_13.tif,val,279120,0,0,48442,4500,171306,76215,12713,32918,9808,34330,2711,129,0,0,34140,131028
shanghai_5.tif,val,591401,0,0,0,0,516,10815,0,11584,0,0,0,0,0,568486,590885,516
paris_43.tif,val,480589,0,0,233420,55660,146561,130323,19812,17750,71513,87879,431,0,0,0,8852,188977
aachen_29.tif,val,274931,0,0,225338,20561,25606,1613,0,10025,7774,225447,0,0,15408,9340,805,7945
zanzibar_36.tif,val,472664,0,0,121612,285265,0,12754,795,1209,78656,148289,0,265,271286,22356,315,2526
niamey_11.tif,val,250987,0,0,39761,11090,107526,117039,36950,30381,13984,36756,3136,352,0,539,49630,54830
shanghai_19.tif,val,301744,0,0,31466,160515,137441,70996,3937,29169,75927,6026,11467,3307,798,18239,40708,13492
monrovia_8.tif,val,294353,0,270,183490,37615,11383,87218,0,4689,46288,74111,23707,82620,0,671,29485,7159
dortmund_25.tif,val,233880,0,0,93642,97354,31663,31840,6488,17414,87557,35284,511,516,4360,41495,9659,9977
piura_41.tif,val,117249,0,0,0,184,34668,81339,59185,2170,9413,22324,0,4279,0,0,13983,6953
malopolskie_14.tif,val,301231,0,0,4000,283949,0,2767,0,1446,2097,0,8336,193,286738,12686,60,190
slaskie_31.tif,val,218093,0,0,30312,161002,52883,1409,2208,17794,98521,16264,33609,1241,0,20164,560,219
viru_22.tif,val,378368,0,0,60037,60130,39770,202168,43305,5465,47576,57906,0,1008,168332,21958,19348,29733
chincha_4.tif,val,250566,0,0,45194,19329,46157,180312,19844,17201,30984,5047,6332,68,923,1045,101132,27564
dhaka_66.tif,val,203271,0,1290,36161,48784,32557,68783,44778,2757,65224,11587,3363,46348,0,0,21188,23722
kagera_34.tif,val,401614,0,0,194836,168193,27159,42455,4920,8602,102444,128083,0,1452,67201,42895,5054,9934
daressalaam_46.tif,val,346218,0,0,2195,10208,272683,45096,24540,14532,9955,21739,2437,0,0,0,34408,254643
tokyo_3.tif,val,422658,0,0,40512,77599,78876,240918,104297,11730,47553,2947,1077,0,116529,2588,33814,86876
tyrolw_1.tif,val,365651,0,9,253930,3581,0,2883,9866,483,101855,68864,0,289831,0,0,0,0
tokyo_34.tif,val,384337,0,0,34703,143071,87300,143597,58649,9988,56451,21379,9802,451,70572,24270,66860,41581
ica_22.tif,val,675149,0,14297,18725,37784,44340,40241,17104,2893,37615,518376,0,39435,537872,1265,19493,20858
zanzibar_116.tif,val,612877,88958,0,316654,70940,3244,443867,48616,4980,87922,70645,979,231,0,58,66504,22156
ulaanbaatar_19.tif,val,385657,0,0,183854,44,39856,317973,64204,8324,1435,19239,340,0,0,0,95968,40077
lohur_22.tif,val,311928,0,0,72886,62890,44375,151881,33327,9624,54654,43368,2841,0,58169,13103,45676,31062
coxsbazar_43.tif,val,181910,0,0,82739,58636,14109,8079,0,2732,47986,76016,17733,2720,11422,32117,7921,1610
mahe_62.tif,val,293725,0,0,201333,15036,31537,88438,21027,17719,21048,132939,6308,4745,0,2287,12472,32561
baybay_18.tif,val,419363,38947,4,280737,35545,0,36374,0,1463,4131,300712,7102,27504,88238,17665,208,96
bielefeld_40.tif,val,235828,0,0,50210,35636,61957,113661,73968,21661,31659,11010,0,411,0,17255,18034,36194
mazowieckie_25.tif,val,165238,0,0,55681,92310,14159,6783,4969,8773,88026,52852,0,0,127,3623,2276,897
muenster_31.tif,val,82705,0,0,33667,22527,8752,3017,3316,6875,20374,7193,893,0,12752,39718,2951,3375
zanzibar_123.tif,val,90073,0,0,32997,44399,32718,37972,0,0,14436,6017,0,1639,0,0,9922,46
aachen_32.tif,val,297329,0,0,44824,5250,67065,188611,32106,43929,36104,14522,0,0,0,0,117230,45017
baybay_14.tif,val,219053,0,0,85286,20245,22849,12247,6781,21599,42524,89196,21639,31301,39045,38516,929,5949
rosario_1.tif,val,399798,0,47,212910,24180,53943,241297,11250,31270,18800,73323,1604,5193,0,6631,101291,17857
tonga_42.tif,val,389372,0,0,122202,136720,45769,180545,7975,16406,194098,34819,0,1784,0,0,19328,19098
kyoto_48.tif,val,326774,0,0,25555,5554,56279,241998,98311,21729,8859,11338,0,0,16139,47,121631,46108
dortmund_16.tif,val,268439,0,0,146605,28865,70316,31308,15727,28887,18621,127977,4622,0,109,27862,12439,23540
ngaoundere_43.tif,val,650247,425509,658,126584,174497,16181,406962,1049,3800,10748,50235,0,4,69270,5097,906,8994
viru_3.tif,val,290674,94784,0,84034,35541,21645,188050,18409,14375,15064,26862,0,1116,39075,20320,17663,4410
chicago_50.tif,val,176597,0,0,30855,26572,85013,73964,12074,16024,9276,4158,0,0,0,2313,39379,53566
khartoum_48.tif,val,361770,0,0,5759,101559,235556,60213,17050,37560,21630,67215,0,83,0,42708,81775,52432
vienna_26.tif,val,246326,0,0,47949,12497,87142,106356,15465,41088,8962,21231,81,0,0,11,86727,65143
daressalaam_28.tif,val,385810,9777,34,133275,23681,87811,164552,54457,6789,45580,85984,10589,23,5409,0,38912,104747
dortmund_56.tif,val,255532,0,0,76280,71335,90604,51114,9389,28000,53593,56704,572,0,0,540,25094,47839
podlaskie_8.tif,val,399181,0,0,14737,370912,408,15645,9274,269,3146,1120,0,352,370186,9840,1430,1043
paris_48.tif,val,558667,0,0,334503,68977,120955,49571,17829,54171,71652,5243,0,4,0,327452,13728,53249
zanzibar_52.tif,val,247051,0,0,132736,84915,10202,14957,20775,255,54360,126983,0,926,27081,9299,1897,9716
daressalaam_89.tif,val,225921,0,0,54151,47697,88398,89181,12261,11462,11769,31163,43948,9570,5231,2152,10163,34696
wielkopolskie_20.tif,val,260574,0,0,139081,39586,39836,95342,19344,36612,11347,3900,0,0,26384,67801,24582,17333
mahe_13.tif,val,345664,0,0,102205,97069,117423,146462,37503,12358,11036,63542,42907,1668,0,0,34590,24565
mazowieckie_30.tif,val,208336,0,0,117075,59159,10950,35028,39979,6899,11517,49062,2882,71,24911,52618,1022,5499
melbourne_50.tif,val,289968,0,2,21723,157994,67831,85307,18922,21673,45668,4787,312,14338,81035,394,54477,5473
paris_1.tif,val,442265,0,0,116831,245979,177229,42920,26523,17577,83079,112451,263,1968,0,320,38340,21050
zanzibar_140.tif,val,664664,166622,10084,169427,163805,6940,377321,46647,366,33893,100686,192140,169,0,4591,48995,7642
baybay_44.tif,val,9067,0,0,6960,453,202,138,0,55,1081,3547,2,0,594,4754,228,120
muenster_26.tif,val,335588,0,0,64529,113481,140066,64128,16444,36177,86111,42344,1063,0,0,0,27375,79458
accra_23.tif,val,382197,0,0,191086,9999,102597,166478,21576,36688,25192,102917,0,0,0,0,41746,66115
monrovia_23.tif,val,288913,0,0,143583,58586,22206,137275,18627,7249,33942,50427,5408,786,34627,17999,30520,16591
zanzibar_21.tif,val,282343,0,0,129931,126346,8589,31405,0,645,66200,76540,117,0,72887,43661,4619,3746
daressalaam_52.tif,val,284901,0,0,13950,10168,192500,47847,33223,21558,19219,9487,3021,0,0,0,22988,195841
mazowieckie_7.tif,val,213528,0,0,15564,112622,12986,3081,21085,4489,34426,62190,0,0,125950,26987,3517,4159
tokyo_54.tif,val,449553,51797,102,57516,166466,45058,182781,45728,30093,55568,21376,85069,108,63141,1074,45676,47553
chicago_17.tif,val,180562,0,0,61915,2201,14104,138821,27977,12073,1093,23523,0,2086,0,0,75473,1858
kinshasa_3.tif,val,235286,0,0,109357,9877,49551,114106,30115,4605,5665,59099,7134,3530,0,3689,33464,40380
daressalaam_127.tif,val,221567,0,280,68167,7427,64369,119095,26706,7794,22348,41122,1729,0,0,0,38248,45849
svaneti_7.tif,val,374611,0,0,289509,48574,25580,38714,16926,7750,30053,250762,543,8581,2504,11148,9496,9082
paris_65.tif,val,553813,0,0,350224,17161,116912,225902,25235,55759,22554,63445,0,0,0,2241,38888,189305
austin_49.tif,val,290369,0,0,151707,22372,44762,87513,14626,28684,37271,128392,94,0,0,0,41909,23408
monrovia_24.tif,val,145566,0,1198,32626,51796,9900,15066,1310,1550,38480,54852,57833,18455,792,594,4625,2055
austin_50.tif,val,247563,0,0,51377,10900,62042,143149,24361,48965,47408,21764,430,0,0,0,61945,22785
christchurch_2.tif,val,386460,0,0,48081,254313,53101,70361,29464,6644,59096,21913,189715,13,0,0,7003,33216
svaneti_43.tif,val,163685,0,0,29040,116528,2104,18051,11643,2190,29084,10338,0,96,89229,16082,2585,400
baybay_41.tif,val,176726,0,634,84693,46640,22804,20945,2811,2740,20715,74721,802,6625,37924,16531,6977,7890
lohur_3.tif,val,35355,0,0,7758,9118,10895,392,330,5526,11511,4382,0,2787,4012,13127,849,23
austin_12.tif,val,278243,0,0,3385,337,45764,223011,42948,48848,6670,1351,0,0,0,0,179476,4696
warminsko-mazurskie_9.tif,val,139636,0,0,67869,23652,2733,2832,1823,0,30249,219,0,112711,34164,0,2798,222
mahe_41.tif,val,263487,9889,286,120382,26511,43605,137803,26065,19662,16516,57856,35232,3317,0,1071,11798,16981
svaneti_46.tif,val,106677,0,0,66202,35156,8785,4870,9448,619,22242,60346,0,1639,0,4047,0,0
tyrolw_18.tif,val,347057,0,0,330132,7924,0,645,5539,377,10760,123762,0,144795,0,69302,626,252
wielkopolskie_32.tif,val,245014,0,0,72144,85533,37348,76127,38659,27578,29693,35873,0,0,57194,5297,9976,14606
lambayeque_45.tif,val,201857,0,1348,62154,2496,58577,128079,22839,32369,11331,7751,0,904,0,0,46956,28910
melbourne_53.tif,val,304016,0,4,76836,43143,41582,204454,80492,16665,70161,11544,1354,13473,0,0,33591,14733
zanzibar_97.tif,val,348237,21103,2065,46318,154382,5138,126994,5312,1133,9649,42483,247709,7792,0,261,13008,13127
austin_17.tif,val,279571,0,0,78676,5538,58248,177098,32621,32618,65951,28002,2346,0,0,0,41729,36315
dortmund_55.tif,val,285516,0,0,67238,67274,96515,91571,43265,28513,52707,43325,0,0,0,799,25791,54034
western_23.tif,val,626845,296937,24338,294023,42308,3204,420205,2984,2574,14412,102943,13847,6644,0,25846,1438,1987
vegas_39.tif,val,603544,510182,0,719,4485,25004,571198,61729,15579,4535,8274,0,521,0,0,1375,3487
malopolskie_10.tif,val,378918,0,0,213429,66604,25315,177933,21009,5822,28438,34294,1519,3679,76924,44731,12284,45855
rio_20.tif,val,447916,98930,0,128766,60008,8296,342252,31467,15300,36316,7599,108384,12572,0,0,35757,10185
melbourne_37.tif,val,279291,0,0,44565,21334,75291,158038,30622,45546,81169,16476,0,0,0,0,47644,37897
austin_19.tif,val,105285,0,170,25180,21868,29769,23874,10828,26470,27001,20842,11418,8380,0,90,1089,3591
coxsbazar_56.tif,val,372577,0,148,144517,98777,85197,66089,29105,6757,15770,138952,50287,13732,13691,6281,34010,41841
dolnoslaskie_7.tif,val,151530,0,0,60764,88558,6498,0,0,484,83973,24620,0,0,0,37744,295,124
christchurch_30.tif,val,250838,0,0,70331,70910,95256,67676,8339,23093,62621,37289,166,0,0,0,14125,51870
chincha_30.tif,val,296943,0,0,66199,2026,61897,229343,36804,16216,18341,3313,0,0,1482,2250,112220,43795
lima_24.tif,val,449263,372364,0,0,58953,48313,377858,12054,7147,2140,60,0,0,0,122,14392,5123
pointenoire_8.tif,val,264878,0,0,77155,5047,102448,125424,30122,18248,14983,37215,6225,0,0,141,33945,78803
paris_24.tif,val,407742,0,0,152829,138397,118065,39542,19552,37514,80936,131515,1724,1049,0,11018,34636,48707
zanzibar_16.tif,val,159156,0,0,118272,36223,0,3819,11173,2363,25256,116294,0,0,0,0,4455,457
santiago_50.tif,val,314087,0,0,170200,98292,18573,30103,12185,16882,98949,152529,2113,3937,0,0,12067,12344
pomorskie_9.tif,val,306084,0,0,101836,165195,4626,14041,7169,4344,23747,111917,21524,2743,144460,7601,2722,243
piura_21.tif,val,238179,0,0,16147,93,101067,119353,21347,75032,22798,8104,0,0,0,43,76820,35554
viru_46.tif,val,380053,143554,11239,82148,16929,39550,237165,15862,27885,39885,29108,20862,10515,2029,38464,36163,8748
dhaka_7.tif,val,368441,7195,0,243614,21904,44679,107710,8306,3263,12233,104963,30862,80041,0,0,21552,50560
kyoto_38.tif,val,237550,0,0,43425,44766,11300,127370,54172,7511,29018,5601,3763,0,67933,39432,27939,12870
santiago_57.tif,val,458707,0,0,183808,22047,87729,304991,92239,86173,43692,6592,0,0,0,3979,51239,34925
santiago_51.tif,val,382310,0,0,108390,45992,112412,176298,42332,73668,80107,41351,0,11842,0,4671,39069,28488
ulaanbaatar_34.tif,val,473530,25201,0,277421,8568,93690,276054,33794,87632,2041,15830,3864,35826,0,39897,37519,9723
dhaka_1.tif,val,351529,0,0,201443,59714,56679,68076,11435,3435,39912,76619,15630,51260,0,0,26430,92425
khartoum_33.tif,val,380028,8225,0,14549,25821,263122,91706,39720,20925,15094,27137,0,1666,0,0,39318,212773
aachen_14.tif,val,297922,0,0,149294,50489,55788,99067,23428,5820,27940,80917,218,71,24366,5474,16888,56084
kagera_69.tif,val,255624,0,0,83775,46855,85173,69049,31641,15455,24903,50579,1064,148,0,11907,29068,61631
chisinau_18.tif,val,239724,0,0,66511,1467,60039,154212,21916,27781,40174,18250,0,0,4592,0,46492,38014
vienna_51.tif,val,211710,0,0,29974,16808,100973,67003,24835,35743,22553,27797,0,0,0,463,33375,63896
tonga_34.tif,val,387856,434,0,178587,137358,27096,126336,23023,5686,140091,91911,2782,5901,0,2836,15843,17828
khartoum_68.tif,val,437615,0,0,37757,2558,239372,163494,95043,41783,918,55899,0,3,0,0,64525,173878
swietokrzyskie_15.tif,val,295905,0,0,130974,122744,13700,27801,1969,13652,13350,14526,0,0,126873,112797,9039,4385
coxsbazar_44.tif,val,215660,8823,0,126679,40545,27334,10672,6594,2493,14004,132179,1810,9305,20246,16647,10170,3819
lima_10.tif,val,309233,62322,0,34253,74481,59125,143703,3335,36644,41426,15923,16645,16,60041,19748,32086,18718
vienna_33.tif,val,400172,0,0,16944,35169,122934,137465,74190,101522,16902,2769,562,1675,0,114069,168640,7503
kitsap_19.tif,val,163609,6880,0,58650,57634,20812,59446,9242,12654,51392,17936,48,5558,0,2030,16585,8351
chisinau_24.tif,val,191217,0,0,39385,134,75381,91969,22054,32875,27102,18203,0,0,0,0,27295,48036
daressalaam_19.tif,val,353600,0,0,11044,89994,139131,76552,41014,9429,31820,59043,2826,4094,102309,7225,25456,107263
svaneti_37.tif,val,231222,0,0,93896,114896,13880,4484,13062,5480,47379,20065,4977,5433,53773,77505,4255,3359
rosario_6.tif,val,370575,0,90,187844,28598,55069,219413,15567,25303,53267,59087,4776,2718,0,1417,54052,33949
tyrolw_41.tif,val,209466,0,0,9652,157294,3417,9570,11226,1319,11695,31327,0,7047,171728,2080,1748,829
bielefeld_24.tif,val,400757,273,0,217579,40342,72640,168746,45718,22713,32030,109436,0,0,0,0,32517,59520
aachen_52.tif,val,262207,0,0,59765,41131,61442,152924,84472,32650,29909,3857,0,0,2357,6688,24262,24957
slaskie_39.tif,val,539195,0,0,44685,463355,17185,23724,25899,6510,39482,33167,5399,1123,400908,2889,5637,8427
mahe_8.tif,val,273920,0,0,34811,37438,53205,152233,15449,33197,12163,16850,104013,8833,0,3430,54279,21939
ngaoundere_64.tif,val,562612,65063,0,265506,146805,17980,293159,4842,17640,22955,78088,0,21,183293,9998,2973,16901
accra_6.tif,val,309314,0,0,13619,1110,115705,158894,61884,8724,26760,16621,0,0,0,0,91346,123965
bielefeld_35.tif,val,369766,0,0,206977,35522,49591,101709,39509,17252,58742,167617,2280,270,0,6974,12667,40422
malopolskie_36.tif,val,347586,0,0,83473,100351,4707,55601,17535,5599,99044,3733,7641,110462,131110,55062,4076,16778
svaneti_55.tif,val,266381,0,0,83130,173723,10231,11495,14736,2086,88645,45269,0,1828,63739,30315,5900,1665
vegas_32.tif,val,924933,849240,0,0,6256,6816,906213,41399,10357,8032,1868,0,0,0,0,19446,239
shanghai_20.tif,val,598461,0,0,110952,31766,33007,267920,148773,58126,41312,4627,83756,7149,96092,58264,84569,170609
kujawsko-pomorskie_19.tif,val,257054,0,0,16193,183257,0,28642,438,575,93397,30312,24870,3429,122043,10725,113,114
baybay_22.tif,val,352423,0,0,237784,53672,3119,14165,2483,429,12455,264009,0,106,88787,16801,7795,3241
tyrolw_3.tif,val,169004,0,0,136726,15945,6301,11513,5624,275,15166,80397,41,41,0,55571,5146,5262
swietokrzyskie_7.tif,val,223369,0,0,53763,158405,0,0,5744,1311,49874,5921,0,0,113858,57732,130,0
zanzibar_32.tif,val,301805,0,0,124157,157760,4678,2281,31525,337,133736,65277,0,0,6088,74482,1621,1668
kyoto_61.tif,val,345806,0,0,34517,10831,95433,202555,89941,24696,19945,40240,2436,0,851,0,102683,67484
vienna_38.tif,val,438968,0,0,12808,13264,229482,159720,179077,177296,5352,1217,0,0,0,58062,12249,29409
christchurch_11.tif,val,241141,0,0,33657,70904,120287,81779,55101,59313,14583,16123,0,0,0,0,17513,13022
zanzibar_115.tif,val,755361,216733,0,262742,81860,12531,552169,20336,15603,6752,81809,153462,0,0,0,82805,23920
chiclayo_35.tif,val,1023015,0,1017294,0,568,931702,4682,26591,0,53354,235,0,0,0,0,11368,236
kyoto_20.tif,val,371597,0,0,25188,62890,85843,208020,67200,23338,22784,22963,18676,0,74198,629,77708,53757
mahe_59.tif,val,206362,0,0,51084,142313,92991,6794,2214,5436,54067,48585,3530,1607,0,0,2476,1627
vienna_14.tif,val,241517,0,0,74852,7711,96785,87564,9229,32120,17093,27624,155,0,0,0,43403,86498
christchurch_35.tif,val,282049,0,0,117975,29139,84536,94870,17599,16679,29920,85360,3305,0,0,0,28714,56001
daressalaam_58.tif,val,346121,0,0,19400,3165,240254,63316,38697,16393,18381,44984,0,0,0,0,29389,218263
bielefeld_66.tif,val,198626,0,0,61548,108233,21396,10176,3346,19159,106906,58038,339,0,0,327,5091,2693
svaneti_69.tif,val,149890,0,0,29345,118472,6047,6008,10853,0,45886,1833,0,1326,57759,22251,0,0
sechura_42.tif,val,131201,0,0,28838,6658,35992,87909,13335,11501,17340,10115,0,0,0,295,35696,14723
duesseldorf_54.tif,val,318062,0,0,88145,18076,52985,178410,53993,34418,83365,38283,114,0,0,0,39460,48875
pomorskie_39.tif,val,648153,0,0,8237,630314,2020,962,5030,3459,533244,5004,5688,0,90606,8396,3328,18
khartoum_9.tif,val,438701,0,0,0,10842,273400,55647,86857,12377,3871,206155,0,0,0,0,74573,153680
austin_24.tif,val,300186,0,0,50210,31944,78226,175868,50854,43944,29433,31155,0,0,0,0,91463,17275
bielefeld_38.tif,val,255226,0,0,44884,25829,97244,129983,65724,27765,12811,21717,0,0,0,0,34563,49932
ngaoundere_47.tif,val,398773,0,0,182229,86458,61453,121870,28299,20338,45489,45174,0,0,43941,113997,37362,10936
niamey_10.tif,val,257038,0,2730,79029,64874,87140,58897,17670,13195,23805,59085,10228,20273,22240,1041,16926,36943
paris_6.tif,test,477661,0,0,102488,94510,157888,170078,92952,27502,71095,4596,0,0,0,85725,53238,95250
accra_68.tif,test,359070,0,0,73725,303,96163,218067,9647,52047,56668,22223,2428,0,0,0,120439,66430
pomorskie_40.tif,test,304900,0,0,119064,92996,30504,66519,7569,13417,26257,43210,32821,3448,71531,47481,17154,37829
swietokrzyskie_11.tif,test,303653,0,0,25385,165957,3460,3966,3179,13773,117202,690,52796,0,42672,118748,58959,519
lambayeque_12.tif,test,295081,0,0,89425,44478,61086,190491,30295,16062,45032,6697,0,304,0,13633,69243,23416
kitsap_3.tif,test,294680,1016,0,35005,63226,36609,170833,126269,2952,63116,20967,7707,12266,0,0,24958,24436
koeln_28.tif,test,287397,0,0,85217,64665,91593,77538,13245,27844,54731,66717,284,0,0,0,42327,50633
ica_37.tif,test,339718,26070,0,9062,2407,125392,184141,21293,62730,7231,5446,55771,0,0,0,94899,84994
koeln_43.tif,test,164079,0,0,93766,15045,42225,18199,8958,34175,8232,81676,6538,11515,0,0,4360,3469
paris_13.tif,test,541363,0,6,358089,44737,67037,181902,12431,40739,60353,121335,0,208,0,19934,43453,132502
bielefeld_33.tif,test,366463,0,0,93297,118425,124853,73434,20311,20592,114636,53866,588,0,0,638,12778,99508
bielefeld_27.tif,test,281017,0,0,61448,87563,47131,114784,40077,20985,50462,26581,1597,45,38684,3910,41618,27149
christchurch_32.tif,test,275149,0,0,107488,59833,60967,120426,15864,8055,67154,36269,859,0,0,0,22817,50566
kitsap_20.tif,test,246995,0,0,47474,60555,23707,138712,80423,22037,79651,21946,5217,140,0,0,10523,3605
shanghai_2.tif,test,366714,0,57,42735,209468,50561,33997,52844,2558,47128,68793,142862,20345,0,8611,30584,22885
vienna_2.tif,test,273442,0,0,2375,6395,108524,141833,48074,71381,6343,11106,0,159,0,0,108126,42568
santiago_54.tif,test,264904,0,0,144960,55832,13713,165706,23491,12575,39217,26202,0,0,0,40,43523,4549
daressalaam_40.tif,test,303880,0,0,105450,14401,91696,101804,41302,18342,11104,94188,0,53,20842,206,33486,74886
lambayeque_31.tif,test,204318,0,0,62999,20058,52531,79321,6851,22372,51030,23157,0,0,13544,36957,17363,22453
melbourne_29.tif,test,227424,0,0,36965,8513,57902,150411,47604,38634,19041,13467,0,3008,0,960,65912,12431
melbourne_13.tif,test,307175,0,0,58605,100945,120140,98829,19880,58547,53648,37132,0,1943,0,0,54902,9779
tokyo_38.tif,test,365786,0,0,26898,38276,83865,223515,132061,12193,43229,8148,1886,0,3954,504,73893,83150
tyrolw_7.tif,test,355600,3059,102,32604,43918,162733,114436,32264,36598,15580,22724,92078,1,9407,127626,7875,10195
zanzibar_28.tif,test,291472,0,0,26742,183117,4086,2868,5058,1300,52026,91341,0,131,202963,10126,597,2589
chicago_8.tif,test,291639,0,0,62027,15918,73634,185329,39377,23067,38113,20149,0,0,0,0,78488,47176
viru_39.tif,test,286968,141102,3966,51688,55939,22837,153185,10439,872,30638,11473,0,6402,29298,54196,966,935
coxsbazar_46.tif,test,247899,12152,0,25897,171208,8616,11489,1543,21330,104555,27022,20659,5949,70321,6960,4156,3941
lima_22.tif,test,137870,0,0,18975,11928,56994,70228,53066,12173,1895,214,0,0,0,40786,6940,2541
paris_46.tif,test,450614,0,0,161167,53343,190279,93988,16586,32673,47255,73844,8629,0,0,3171,26698,193595
dhaka_48.tif,test,166946,0,1182,22422,86579,6628,32542,7255,0,45257,5947,35609,12109,22325,0,27450,28587
daressalaam_24.tif,test,374444,0,70,73479,64531,168498,100251,20019,19273,58398,26886,4484,2127,19687,32,29879,161274
lohur_9.tif,test,368738,0,0,130440,60446,28715,143336,25573,6325,27569,63351,138,1739,109465,69299,46838,24242
vienna_58.tif,test,283681,0,0,60807,38695,101652,98263,15033,39223,51005,40489,1414,259,0,807,53770,65945
viru_6.tif,test,377612,0,9,174265,40904,43686,222927,21898,12044,68225,30202,0,0,1497,43963,68041,27563
svaneti_63.tif,test,267769,0,0,75631,164903,20536,20892,12023,243,10607,44265,0,70,143562,24250,5410,13146
abancay_45.tif,test,333645,0,0,141933,93335,40084,112124,20261,16846,49052,49593,0,426,49303,27514,33012,33807
tonga_4.tif,test,280272,0,0,123420,48565,38337,158943,17467,7648,77377,31490,0,0,0,0,23671,33626
austin_48.tif,test,307544,0,0,145698,30774,23276,143882,18123,23050,93748,49650,166,0,0,39034,26533,21154
daressalaam_104.tif,test,269335,0,0,24070,16792,112056,126506,30953,14701,21975,26430,0,787,2570,835,77711,83284
austin_20.tif,test,295791,0,0,13199,383,31151,256079,67951,23934,12199,1261,0,0,0,0,171291,14134
zanzibar_120.tif,test,409196,0,4135,78054,266530,29218,131244,10541,624,234146,1713,0,0,0,180,57237,4770
podkarpackie_13.tif,test,517590,0,0,22038,484598,10757,7654,7243,2210,63856,8881,0,182,405416,11333,8280,2732
baybay_11.tif,test,228231,47698,841,125706,21987,1939,18475,1130,1563,13100,111876,1945,51421,35199,20423,1514,1645
aachen_27.tif,test,285108,0,0,86638,85019,60177,69710,17395,25968,71663,30978,2417,0,32332,10089,14486,63344
coxsbazar_65.tif,test,183763,0,77,123583,37631,36351,597,0,4575,6456,114622,6873,830,9487,19776,1013,5655
melbourne_62.tif,test,266991,0,0,52164,47120,143864,53609,10564,76100,32045,36045,0,727,0,423,28354,52967
daressalaam_108.tif,test,270373,0,1247,71864,91060,39944,86394,19850,2579,26081,52081,0,955,87212,211,25422,35846
maputo_11.tif,test,209310,0,0,16455,3828,88393,101186,25854,17681,9479,18912,25779,3389,0,3526,43350,60788
melbourne_61.tif,test,295913,0,0,38560,59627,87765,127038,97078,38613,65549,19096,0,9467,0,568,6961,41504
abancay_11.tif,test,370727,0,0,260362,61878,10937,230674,25385,5836,31780,45981,0,0,25497,15128,16766,11230
duesseldorf_51.tif,test,256660,0,0,86795,79239,50028,33121,23091,44284,56141,23001,2480,122,32531,73297,5594,3596
zanzibar_122.tif,test,851305,148382,323,7302,597632,58505,228503,24805,2836,18117,15220,541523,36,0,0,52671,6755
coxsbazar_76.tif,test,95391,0,14,55848,32517,0,427,0,3008,18489,48068,4153,4844,16901,6513,0,0
daressalaam_56.tif,test,321825,0,0,56232,3783,182032,60777,42856,19661,17250,35184,0,0,0,0,23455,202420
chicago_2.tif,test,266853,18406,0,40602,25499,40167,183255,110626,22365,18583,23024,0,0,0,0,38469,12710
kyoto_27.tif,test,455514,0,0,16739,146198,19000,258795,53690,6719,27262,4841,3600,0,301429,21641,33794,17320
lubuskie_21.tif,test,159959,0,0,59224,56957,15549,8678,9681,1845,37276,51959,36404,12850,0,23390,1825,4280
tonga_22.tif,test,386860,0,1922,246654,84938,11781,96735,8475,4500,72258,90193,39855,95007,118,6591,7719,6974
koeln_8.tif,test,239600,0,0,80299,59985,41356,74642,11225,29931,30729,39945,0,0,59767,9458,16224,25639
kagera_44.tif,test,361350,0,295,213367,120329,35064,7154,4993,10600,62123,197333,0,4130,41568,14772,4235,6737
ngaoundere_56.tif,test,473959,0,9,395944,33131,3428,571,525,2057,24803,241430,3030,26400,46229,169984,0,377
paris_51.tif,test,442084,0,0,247045,123993,27318,85772,26713,18126,132685,84184,0,0,0,65353,8323,64656
khartoum_61.tif,test,502826,0,0,0,1042,150121,299128,225271,34849,1201,32604,0,0,0,0,126233,135203
dortmund_50.tif,test,284984,0,0,110426,12508,54524,136756,48216,30865,17384,64064,202,4354,19625,859,34607,35578
podkarpackie_9.tif,test,334129,0,0,37312,274656,20766,1060,774,8420,24056,10195,315,1344,250111,38247,795,207
christchurch_66.tif,test,130302,0,6557,57194,33039,6415,41668,8894,4718,9847,13192,47897,23551,0,5055,55,2522
pisco_49.tif,test,206464,0,0,64795,17874,57101,132718,41936,3761,3430,11514,0,132,0,0,39202,40465
zanzibar_146.tif,test,480169,0,85602,241920,184709,7914,183806,7125,1236,183696,18126,0,1297,0,0,39514,5393
rotterdam_13.tif,test,306945,0,0,21567,9461,39056,167784,87502,33741,13738,54404,63421,28,0,2441,81661,39086
mahe_67.tif,test,239285,0,0,202318,11021,15376,5618,1881,5525,15655,78059,3016,4551,0,128631,1039,5880
tyrolw_49.tif,test,284586,0,0,65594,12720,57978,157283,82067,4222,26471,45248,0,509,3393,2004,49083,62600
coxsbazar_36.tif,test,334320,0,0,85910,170854,19920,20488,4287,16527,68237,93726,50203,192,102543,31509,3220,1024
vegas_7.tif,test,350212,0,0,91051,17940,134230,128355,85835,12641,22091,41980,3289,18603,0,0,13716,130693
koeln_27.tif,test,295876,0,0,104955,9130,62850,149934,128071,55534,0,66161,0,0,0,1478,0,13639
monrovia_60.tif,test,252024,0,1080,95426,26533,77745,94285,30467,20741,15838,51393,0,18096,0,0,32548,39896
swietokrzyskie_37.tif,test,99109,0,0,19255,68605,335,126,0,65,10939,9880,0,0,66699,20061,1881,372
mahe_30.tif,test,176236,12320,2120,64463,9965,10584,71050,16944,4092,12096,67404,53742,13110,0,2360,6087,6135
daressalaam_99.tif,test,188380,0,0,57948,53728,64600,53575,12255,9611,33711,59138,331,2243,9584,126,9951,9959
duesseldorf_28.tif,test,318758,0,0,108233,82139,98878,89765,12280,37468,85672,65877,193,0,0,2356,13502,41153
vegas_10.tif,test,321477,0,0,53126,2259,180712,77040,25085,12869,42537,24446,4643,0,0,0,15374,204863
daressalaam_75.tif,test,243893,0,10427,37208,167304,94185,57051,16999,165,87000,7997,0,0,0,0,8501,949
daressalaam_65.tif,test,356123,3913,0,9137,12352,252205,33847,45182,12091,32368,10778,558,0,0,0,12760,287055
chiclayo_30.tif,test,336506,0,0,132051,101025,12245,33421,2604,21730,103145,29547,49475,34120,34265,116654,2721,9
vienna_25.tif,test,234315,0,0,15169,24861,109449,86548,39485,36269,10806,24989,0,0,0,5831,59406,55817
chisinau_4.tif,test,227110,0,0,43965,2384,82517,121423,26866,58857,29560,17413,0,0,0,0,44202,27033
zanzibar_30.tif,test,322438,0,0,232989,62816,10902,17500,6518,1285,52125,168373,0,79,17690,68534,2214,3851
lima_12.tif,test,943878,882404,0,0,125283,1439,815903,14021,2518,0,0,0,0,0,174,46014,0
chiangmai_3.tif,test,285006,0,1152,194912,15490,19414,111239,14285,4481,14040,122987,24923,235,0,13236,17432,16186
lambayeque_6.tif,test,179960,0,0,11826,69,87820,84755,16351,23656,8777,9592,0,0,0,0,55186,61888
muenster_15.tif,test,275375,0,0,106572,56162,76959,69567,19859,31685,23378,84045,1470,0,27432,4848,19705,29068
pomorskie_33.tif,test,242473,0,0,64179,73783,16725,94030,10011,7498,25327,17281,7652,3,105059,42096,13520,7782
coxsbazar_73.tif,test,80181,7607,0,42190,33919,3318,322,0,988,17552,40949,311,367,9203,3624,0,12
accra_20.tif,test,347026,0,0,196670,84007,51253,124516,14070,10093,62826,89256,0,0,0,0,22207,39154
vienna_41.tif,test,316351,0,0,46459,25080,67385,220553,125804,53787,21900,3320,0,0,0,9135,54803,4476
ngaoundere_52.tif,test,456224,0,0,267928,10888,31928,314818,75739,15493,23162,45651,0,22,6779,38792,50688,30560
aachen_12.tif,test,312035,0,0,100792,117369,58927,71763,22108,22974,106913,53377,52,0,532,4057,22711,42495
dowa_20.tif,test,245597,0,0,32687,84715,60829,35321,8502,23892,34208,33294,4162,1294,98990,62816,6219,4265
rio_59.tif,test,348437,0,0,95777,11388,37065,270759,46318,25019,28840,10598,0,0,0,0,140437,30673
wielkopolskie_4.tif,test,98968,0,0,60069,8366,0,40931,13185,832,3207,5276,0,4,22507,43559,0,0
zanzibar_69.tif,test,316932,0,0,242681,58264,9355,12905,14600,1786,43753,159536,0,552,4344,78535,2199,5354
monrovia_31.tif,test,386362,0,0,281782,17716,26598,168729,8539,15281,13249,153080,0,925,17271,12373,38923,18258
coxsbazar_38.tif,test,539030,62528,0,443929,49562,13964,4469,0,3139,4563,446536,6135,17898,5813,15917,2098,1509
ica_46.tif,test,380895,171038,0,9339,12949,54438,303947,40432,13090,18672,13562,5835,2592,58,1399,81083,33356
warminsko-mazurskie_4.tif,test,143844,0,0,51089,85852,0,366,11020,980,81413,54356,0,0,0,2244,322,46
mahe_28.tif,test,225373,7366,56,99776,15796,31428,51689,14024,4847,8448,129953,50775,5195,0,0,13556,17837
aachen_26.tif,test,317431,0,0,18961,7965,120773,176727,43181,44693,13632,12758,0,0,0,0,120884,75288
tonga_46.tif,test,447340,0,0,65632,290809,16685,117242,34990,1282,307401,26713,117,177,0,1825,22515,9292
dortmund_68.tif,test,348455,0,0,152289,21576,76195,155601,39205,31118,26186,82634,691,3910,0,0,53889,53616
swietokrzyskie_27.tif,test,146011,0,0,8905,84105,7002,5895,283,38643,9452,3393,0,0,114468,12383,5901,1592
melbourne_6.tif,test,298367,0,0,116643,38623,56861,163391,34272,16270,49169,46137,704,2247,0,6158,40718,25541
zanzibar_98.tif,test,482335,63702,20021,107531,33131,55772,286632,28839,10876,18010,91225,106688,0,0,0,101793,40450
zanzibar_57.tif,test,360702,0,0,72445,185429,1993,5999,8559,2533,64452,141766,0,319,210974,21573,2279,3083
mahe_48.tif,test,241998,0,0,88508,21600,74839,114169,9407,52023,11745,33432,31592,1465,0,136,25907,19173
daressalaam_105.tif,test,214744,0,0,5081,74,114331,92273,33307,14045,19482,4360,0,0,0,0,42543,103992
abancay_19.tif,test,271886,0,0,101151,2146,74755,151043,42904,10503,5836,30147,0,0,0,0,47240,78047
lohur_10.tif,test,260505,0,0,93273,72102,27399,125194,20941,1582,45207,10759,0,0,35510,22383,38175,28485
tyrolw_8.tif,test,720530,515266,0,31935,40572,18960,666043,94995,5195,43056,3903,0,0,0,0,16318,4817
rotterdam_40.tif,test,317260,0,0,32584,17025,74384,129299,73921,60236,16164,59413,63233,85,0,475,56974,50727
santiago_10.tif,test,396520,0,0,194563,33529,103903,101087,22657,61500,46311,163412,5734,0,0,0,23352,36992
chicago_39.tif,test,370341,0,0,72031,1343,146831,166467,48250,106111,40432,12,0,0,0,4,62797,96404
svaneti_19.tif,test,282892,0,0,195599,72668,16819,7701,6481,881,27193,13804,0,4574,36257,183241,543,23
dowa_14.tif,test,301634,57007,0,25468,96,81012,209121,24131,13379,1987,1460,0,1747,3082,4981,108947,70850
dortmund_35.tif,test,165867,0,0,87775,13373,34402,26184,22505,31185,9309,74769,2367,738,6977,10649,2532,8969
coxsbazar_62.tif,test,365543,0,0,148170,70029,103649,102702,31312,9331,9368,138186,7521,1010,7001,6530,58522,37755
bielefeld_26.tif,test,307200,0,0,55921,96323,151153,75816,29946,21027,44848,44317,102,0,0,0,25230,69717
chisinau_8.tif,test,194151,0,0,17810,11638,75486,97121,11827,45791,37470,17922,0,0,0,0,51558,21679
viru_14.tif,test,105186,0,0,16814,11252,51775,17058,8957,33596,12712,2442,11030,0,2477,35818,1421,5020
wielkopolskie_35.tif,test,185498,0,0,20605,123093,17323,2793,7573,12671,85165,27083,0,0,53603,17474,1229,2384
dhaka_44.tif,test,322769,0,4528,51505,97540,71818,91039,67038,1280,103143,12600,4614,53511,0,35318,24651,26953
koeln_9.tif,test,276528,0,0,54074,51896,72767,129866,52430,39861,35788,34429,3098,157,0,523,58371,19796
pomorskie_29.tif,test,182481,0,0,50063,89872,28635,13647,3167,12619,41406,36276,12420,1270,44734,28090,2056,707
sechura_34.tif,test,197413,0,66639,8901,1553,97014,92977,60002,10985,7303,3400,0,2646,0,0,24193,19213
svaneti_56.tif,test,240559,47260,0,27575,202486,1661,10184,6011,1534,68748,12754,2598,0,86452,13529,254,72
mahe_26.tif,test,222576,0,1358,57287,87227,81555,67881,20468,9734,38839,23502,9580,21669,0,116,14847,11089
lima_47.tif,test,535512,0,0,175352,231878,5069,255076,0,848,105393,33171,0,0,246716,9800,2982,4739
zanzibar_90.tif,test,571754,34174,0,44691,458602,10433,95388,11770,1344,197836,13629,253763,2,0,0,19087,2789
mahe_39.tif,test,221766,2764,0,128524,15708,37642,87630,18741,12439,18451,77432,1370,4060,0,83,14274,24414
dolnoslaskie_1.tif,test,182680,10,0,96638,59678,69085,2928,8169,22120,8239,93851,0,0,0,0,539,4103
tyrolw_14.tif,test,229413,0,0,208297,15151,203,124,3067,108,15312,148393,0,49468,0,15693,2534,476
sechura_13.tif,test,139407,0,1213,27514,995,13436,122169,50042,8880,5409,1504,0,1976,0,0,43006,2670
viru_48.tif,test,186248,0,0,47303,6377,38431,119815,49307,18244,9107,23665,3223,2388,7454,4661,31423,11098
koeln_30.tif,test,153264,0,0,86760,35525,6313,8702,1785,19695,7265,7557,0,20,47032,78287,4109,3478
muenster_55.tif,test,276469,0,0,118634,37689,82414,67702,13614,22407,36973,86471,560,0,0,7,24274,62193
koeln_23.tif,test,239630,0,0,51116,36563,30115,129400,12892,2989,25252,10801,437,0,102804,44742,17014,15135
chicago_9.tif,test,337148,0,0,89669,6346,63689,228522,39264,16887,20472,45246,0,0,0,0,124054,40147
mahe_55.tif,test,223849,17206,3879,122478,24809,22770,28319,2599,1803,9857,122486,48008,12999,0,83,931,29471
sechura_47.tif,test,353424,0,0,161002,14356,63598,208674,54201,10034,9669,74582,0,0,27057,3366,37897,42412
muenster_66.tif,test,226739,0,0,39218,124268,43145,26365,7181,29453,31076,21367,145,0,98224,18608,7750,6678
austin_33.tif,test,289245,0,0,179569,38365,31910,77498,28449,20324,38505,132142,3168,0,0,6689,7644,14227
kyoto_5.tif,test,346426,0,0,32487,66158,57590,200860,62061,50606,8713,8940,55929,0,64676,1900,64970,17962
bogota_6.tif,test,271664,0,0,68662,15881,81920,116781,49486,17222,32466,63345,0,2523,0,1697,39130,54215
ngaoundere_53.tif,test,347419,0,0,188217,9457,59461,218143,35627,30800,41944,13258,0,17,0,36996,22170,38748
kujawsko-pomorskie_1.tif,test,68721,0,0,0,44843,379,1297,338,0,42877,1776,2937,20116,19873,689,2317,0
mahe_68.tif,test,267792,0,0,179758,19070,41066,29291,11414,14768,25252,132879,1516,19120,0,16692,8786,35972
rotterdam_27.tif,test,88454,0,6,20178,13776,21467,22502,11025,102,3128,12397,19188,16436,0,729,13468,22506
tyrolw_37.tif,test,232973,0,0,66436,61046,23084,106661,51724,10099,37417,19331,0,316,18479,24704,35833,10816
duesseldorf_13.tif,test,193788,0,0,63312,43574,45387,39237,39075,19339,36748,33020,0,33,1911,49442,7355,9143
lima_34.tif,test,501783,88458,0,28344,57002,61605,377194,24459,43815,21289,9161,0,0,205192,0,72436,14611
duesseldorf_64.tif,test,320610,0,0,95953,70916,91439,120838,34577,36452,64000,53637,0,0,0,237,34641,38530
chiclayo_41.tif,test,360235,146430,0,70264,11638,16233,309806,44033,6209,19548,883,427,10891,26603,20493,36697,315
mahe_49.tif,test,277912,15997,0,44136,69858,23108,111587,5860,4878,3461,26907,177803,6017,0,36125,7547,22540
koeln_14.tif,test,370718,0,0,45363,31557,71176,236102,45667,50850,19022,27792,10069,114,0,7871,179421,16432
podkarpackie_20.tif,test,175260,0,0,42514,112179,25411,11732,4375,8425,48103,10341,0,0,40834,27368,14023,5215
rio_34.tif,test,398605,0,0,24089,60315,33287,286878,137820,4569,60098,15439,0,0,0,0,143311,31404
duesseldorf_10.tif,test,304522,4668,0,156009,25516,54189,129126,31018,28357,12278,72376,3360,0,0,30031,43000,19116
pomorskie_7.tif,test,432961,0,0,17468,252079,3065,130103,13929,8252,22354,25181,12653,13,359023,15864,4469,1469
tonga_45.tif,test,466554,64863,0,172660,143019,27406,199785,17181,5149,160022,42372,0,63344,0,403,24422,12482
zanzibar_56.tif,test,495184,0,0,375546,52395,15975,62410,14863,7491,16089,340773,0,3830,70244,10647,2467,17638
zanzibar_46.tif,test,348744,0,0,115163,155292,15672,19833,7919,2214,90125,138010,0,1433,117688,12467,2177,19495
christchurch_68.tif,test,562584,0,0,18828,490255,43430,27290,0,20056,46059,4284,342,0,450784,5504,3141,15195
kyoto_9.tif,test,391163,14852,0,38109,53593,103713,202089,90489,31241,24318,36015,9342,0,34249,565,76091,67660
chincha_45.tif,test,324986,0,0,20534,3326,96213,214197,27197,43692,5895,10340,422,0,0,0,174725,53431
melbourne_36.tif,test,231556,0,0,37417,25845,49119,134881,59455,40497,23792,17119,11532,730,0,19,50241,12465
kyoto_4.tif,test,389337,0,0,8511,72980,39950,227909,49385,60344,4317,3891,6066,0,205948,6573,75160,17640
bielefeld_20.tif,test,423302,0,0,343532,18868,46353,56791,10328,25302,9112,292147,22,0,0,0,13955,30194
chiclayo_32.tif,test,372555,0,0,36213,225639,41017,19441,0,51089,40428,9707,24401,39803,230321,26847,175,29
khartoum_16.tif,test,363113,0,492,66424,36884,116702,136418,57432,26635,63479,11565,0,124313,0,0,59076,26806
pomorskie_26.tif,test,121232,0,0,51841,47880,2355,2516,7514,5688,25959,30284,5215,29646,26890,5163,1458,55
melbourne_58.tif,test,333680,0,1835,126507,30268,113459,138694,721,74372,44441,63753,7437,5381,0,0,41115,19377
chincha_39.tif,test,842969,479221,44075,172134,29343,18566,739249,11556,4,37230,90,0,30208,124188,0,74,0
rotterdam_20.tif,test,347796,0,0,41225,17855,65974,148766,80057,70820,15982,65280,92400,1190,0,2562,52158,41323
daressalaam_6.tif,test,328355,0,0,140402,34540,41616,198809,55972,26343,21329,46817,12709,863,0,2947,56327,18036
tyrolw_17.tif,test,342364,36831,0,27915,26158,81981,211175,67756,9697,12098,41046,69540,0,0,0,46243,54288
baybay_59.tif,test,153661,0,0,100526,41372,4073,2948,0,79,36071,80569,2036,0,9182,26665,1773,2028
mahe_36.tif,test,318450,28400,0,203408,5349,39289,91063,19159,6645,6380,159408,2838,19625,0,2198,18976,34162
pisco_43.tif,test,230038,3641,0,22648,4212,70128,141750,18465,29499,8415,11618,168,7788,0,0,106573,35171
pointenoire_6.tif,test,248582,0,0,36405,796,101806,129308,44880,26143,29343,18468,0,0,0,0,36148,73867
christchurch_40.tif,test,333346,0,0,178485,25633,72948,170274,16747,20458,25655,49889,0,0,0,0,39511,67092
rotterdam_29.tif,test,295443,0,0,25967,15098,60160,166076,52615,36962,19455,39007,31831,133,0,198,105415,37969
christchurch_19.tif,test,281052,0,0,101485,41619,102084,93197,14317,28380,33027,53819,288,0,0,0,29851,64037
coxsbazar_14.tif,test,255475,0,0,139692,25458,32044,29595,0,4426,39492,38643,17109,3463,22575,148103,4563,5787
paris_59.tif,test,557476,0,0,356210,23080,78208,267976,50550,35102,39270,33851,0,0,0,0,33238,197467
koeln_41.tif,test,198904,0,0,56417,25977,48902,36720,17547,20710,14564,24826,0,0,47897,33089,13577,57582
dortmund_48.tif,test,316303,0,0,123040,7687,85639,160235,35703,40941,32914,54912,0,10,0,767,39007,51751
maputo_17.tif,test,323827,0,0,103956,3294,136126,127360,1936,64562,14722,31442,10468,359,0,5468,56619,91342
pisco_17.tif,test,244920,0,0,86655,41430,49052,78881,13751,9479,32425,20222,0,13459,36025,56645,27012,24804
svaneti_21.tif,test,338087,3507,0,105809,165485,13759,37432,24017,3587,40194,36422,4972,49665,138596,39936,7233,5560
dowa_11.tif,test,270483,0,0,26600,50,89820,169369,36771,17683,8544,4093,0,0,7983,0,100765,79288
aachen_46.tif,test,378208,0,0,145051,59128,61081,180509,35933,30005,79426,41711,582,0,7168,0,48967,66855
maputo_2.tif,test,250406,0,0,62598,12282,79593,116332,34932,37655,17397,37813,16303,3741,0,1355,39583,41228
tonga_18.tif,test,594675,0,0,61966,466509,14671,74279,28787,2234,476612,9574,1354,5,0,37730,11285,4344
kujawsko-pomorskie_12.tif,test,232714,0,0,65864,96960,70100,79452,49945,16257,22628,18068,0,0,2056,2278,22121,19699
soriano_16.tif,test,497437,696,0,0,147273,459705,32549,0,123651,0,115230,414,94,0,0,36622,78640
khartoum_58.tif,test,364919,0,0,12875,96321,274025,58383,28069,34469,10543,89268,0,1097,0,4415,39407,80966
accra_66.tif,test,160746,0,0,16725,133808,26664,6751,1410,335,71651,14931,41738,653,0,1562,2558,2706
western_3.tif,test,720778,359570,19727,122742,16787,1644,579438,40243,1330,20562,67558,172730,33988,0,1059,3287,891
kyoto_7.tif,test,372040,0,0,32536,45999,55384,228516,79351,24573,10829,27642,7422,0,97334,3265,89184,42045
koeln_7.tif,test,283172,0,0,87633,36648,84574,86759,27218,39915,39421,77282,111,0,0,5044,44215,37524
christchurch_25.tif,test,216476,0,0,114616,40600,52661,35796,5174,8963,39160,21935,0,0,650,106508,4215,2674
austin_22.tif,test,211343,0,0,8339,6295,61230,130308,53887,47959,39975,5935,2240,0,0,0,45672,20846
austin_32.tif,test,223708,0,0,73907,46332,80295,88076,25141,51594,25950,23538,1470,0,0,0,16945,14168
svaneti_14.tif,test,304433,0,0,213213,29666,28395,40119,15752,5730,13082,69936,0,186,7900,149689,26091,9107
chisinau_48.tif,test,185233,0,3,37070,17167,77906,59644,18588,38231,27145,33976,6300,16014,0,0,18224,20198
coxsbazar_16.tif,test,271152,0,0,24362,159398,16,611,8749,5360,21945,84448,0,1,216080,21334,0,0
dhaka_5.tif,test,261589,0,0,40632,53296,55009,111142,16228,5170,85599,25555,138,7837,10379,6,53604,58583
kyoto_14.tif,test,432913,0,0,56575,77706,57046,254648,95908,24116,9848,37789,15623,0,83955,1964,113958,36690
lima_37.tif,test,609028,549612,0,1344,100,23931,584764,12314,11515,794,81,0,0,0,7744,21033,4824
malopolskie_34.tif,test,107126,0,0,57990,41059,6379,6249,0,3990,37690,50220,0,158,0,3798,5067,1652
accra_59.tif,test,192305,0,0,71856,109036,35391,46560,20867,6463,56532,16159,3016,255,3036,9846,1607,3986
coxsbazar_7.tif,test,397443,0,0,89440,286997,0,19401,1369,4009,275189,52932,25784,581,1270,27798,4391,5725
