filename,split,region,noise_ratio,PC1,PC2,PC3,PC4,PC5,PC6,PC7,PC8,PC9,PC10
svaneti_60.tif,train,svaneti,0.1208,-5.7812,0.3580,-1.4311,5.5360,-0.3287,-0.6440,2.3019,-2.6604,-0.6471,-1.7233
kagera_31.tif,train,kagera,0.3736,-4.5718,-0.8253,0.8465,0.4219,-2.8388,-0.5684,-0.1068,0.8073,2.1824,-0.9848
ica_35.tif,train,ica,0.2972,4.3983,0.4923,0.7410,-1.6207,-1.2526,-0.7469,-1.7639,-0.0857,-0.0909,0.6164
lohur_24.tif,train,lohur,0.2058,-1.8074,-1.6062,1.0545,0.3407,4.6564,-0.3024,0.3571,-0.3801,0.5216,0.5201
daressalaam_72.tif,train,daressalaam,0.2233,-0.6679,-3.1497,-0.6702,2.1695,0.9073,1.1454,1.1036,0.2767,0.3951,0.8488
tonga_32.tif,train,tonga,0.3401,0.7188,-0.7885,-1.9934,1.1769,2.3341,0.5499,1.4457,0.5371,0.5622,-2.1196
lodzkie_9.tif,train,lodzkie,0.2655,-1.5938,-1.7151,3.8810,0.0778,1.5334,0.4016,0.3682,-0.7750,-0.3298,-1.6574
western_24.tif,train,western,0.7414,-2.9744,7.9039,-2.9876,-0.6259,-1.4447,7.0961,-1.2812,-1.5789,-1.2064,-2.8975
aachen_56.tif,train,aachen,0.3376,1.5700,-0.2119,-0.9915,2.4740,-0.2851,-0.0503,-0.4005,-0.0386,0.7717,-1.6794
ica_12.tif,train,ica,0.3194,2.1890,2.6991,-0.4570,-1.6066,1.1063,3.8237,3.5605,-0.2250,-2.3628,-0.2364
malopolskie_19.tif,train,malopolskie,0.2988,-1.3965,-0.3865,4.0493,-0.9752,0.3728,0.2383,-1.6283,-0.9354,-2.1505,-1.0638
mahe_31.tif,train,mahe,0.2288,4.0028,-1.3668,-0.3314,0.9066,0.6941,0.5532,1.0495,-1.2853,-0.4193,-1.0424
accra_57.tif,train,accra,0.4203,-5.6835,1.3002,-3.7376,2.8469,-1.1137,-1.2360,-1.9475,-0.8293,-1.1538,-0.0489
paris_52.tif,train,paris,0.4742,1.6312,1.9082,-0.1519,3.6198,-0.0188,-0.4192,-3.4799,0.5736,-0.9296,-0.8912
kampala_5.tif,train,kampala,0.2461,2.5138,-0.8770,-0.8193,1.6715,1.7761,-0.0020,0.9543,-0.4917,0.7419,0.4526
shanghai_25.tif,train,shanghai,0.3968,2.9119,6.0874,1.2273,2.8037,0.0852,-2.9195,3.1134,-1.1960,1.7308,0.5607
vegas_44.tif,train,vegas,0.3537,3.9965,0.2392,0.1481,0.9117,-0.1698,-0.5998,-0.3772,-0.0707,0.9718,1.0920
duesseldorf_55.tif,train,duesseldorf,0.3274,-0.5244,-1.1904,2.1889,0.8707,0.8500,0.7679,-1.4579,0.9100,-0.5601,-0.8994
kagera_57.tif,train,kagera,0.3316,-3.5252,-2.4753,0.8118,-0.1152,-2.2625,0.5550,-2.1923,0.0268,-0.8842,-0.9981
bielefeld_43.tif,train,bielefeld,0.3291,-0.4370,-1.8254,-1.3684,1.1103,-1.1675,0.7375,-0.1930,0.0835,-0.5424,-0.4531
paris_11.tif,train,paris,0.4466,1.9795,0.6102,-0.4980,1.8276,-1.2101,-0.5740,-2.4325,-0.5724,-0.4629,-0.7926
mahe_12.tif,train,mahe,0.3279,0.1522,3.6439,-3.1979,-3.5823,4.6918,-1.8435,0.9557,0.8776,0.0210,-1.6078
chisinau_56.tif,train,chisinau,0.1941,3.8173,-1.6138,-0.0633,-1.6996,-0.9590,0.3273,0.2442,-0.1785,0.2786,-0.1208
ulaanbaatar_43.tif,train,ulaanbaatar,0.4578,1.4479,3.7396,-0.4808,2.5802,1.4365,0.7252,1.4140,1.5883,-1.4536,-2.4326
lodzkie_17.tif,train,lodzkie,0.2820,-1.9296,-0.0365,5.2742,0.9989,1.7859,-0.4940,-1.4994,0.2950,1.5319,-2.3293
kagera_30.tif,train,kagera,0.3861,-1.9641,-1.6025,0.4405,1.1281,-0.2427,1.1876,-0.2682,2.4382,0.0875,0.6750
zachodniopomorskie_8.tif,train,zachodniopomorskie,0.0865,-5.0749,0.9493,-4.7254,-6.9966,-1.0830,-3.5990,-1.4656,0.7737,3.3904,-0.1508
slaskie_36.tif,train,slaskie,0.1182,-3.7038,-2.6172,-4.5239,2.7593,2.5092,-0.1133,-0.8768,0.7511,1.6429,-0.2706
santiago_41.tif,train,santiago,0.3409,4.2844,1.8368,0.7466,0.5911,-1.3504,-1.2936,-3.5011,0.0027,0.2899,-0.4500
lubuskie_5.tif,train,lubuskie,0.2205,-4.1662,-2.3911,-2.7386,1.3645,-3.6325,-0.0048,-0.4095,-0.0521,0.8168,-0.2296
vienna_70.tif,train,vienna,0.2630,2.3881,-1.9295,-1.0820,-0.4672,-1.6514,-0.0833,-0.2490,-1.1067,0.1807,0.0159
tokyo_49.tif,train,tokyo,0.3134,1.4838,0.5725,2.6314,-0.2311,0.6322,-0.6546,1.1696,0.0325,0.7393,1.7702
sechura_32.tif,train,sechura,0.4300,3.2491,2.2281,-0.8037,-2.0518,1.1686,0.4229,-1.8254,1.2778,-1.6444,-0.3849
kyoto_63.tif,train,kyoto,0.4087,1.7678,0.6647,1.1602,-0.3974,0.0479,0.6987,0.8707,1.9322,-1.2865,0.9352
austin_43.tif,train,austin,0.3601,1.0342,-1.2274,-0.9932,0.3157,-1.7636,0.7383,-2.1288,0.3784,-2.0391,-0.2505
lima_46.tif,train,lima,0.6085,2.7258,6.2202,0.2857,1.5262,2.5897,-0.5978,-1.6280,1.1530,-1.9125,-0.4904
malopolskie_30.tif,train,malopolskie,0.2264,-4.3362,-0.2277,2.8217,-2.1267,0.1649,-0.7551,0.7493,-0.1295,-0.0747,-0.4289
wielkopolskie_22.tif,train,wielkopolskie,0.2151,1.7474,-1.3431,-2.1276,1.4721,3.0403,0.1153,1.3169,-0.1726,0.4227,0.1874
vienna_13.tif,train,vienna,0.1783,3.7051,-1.8913,-0.4073,-0.9306,-1.0316,-0.3409,-0.1086,-0.9544,1.4059,-0.0914
monrovia_38.tif,train,monrovia,0.2950,2.4452,-1.3865,-0.7296,-0.5105,-1.2639,0.5483,0.0276,-0.2161,-0.2605,-0.9681
zanzibar_27.tif,train,zanzibar,0.2991,-5.2954,-1.0755,0.2382,0.2174,-3.0820,-0.8612,1.1530,-1.1519,0.6584,0.0860
muenster_7.tif,train,muenster,0.1687,-3.0308,-1.9962,3.7808,-1.2732,0.0976,-0.2493,0.5288,-0.7807,1.4096,-0.3911
monrovia_22.tif,train,monrovia,0.2852,-2.7189,-0.5657,-3.7042,-3.2772,0.2129,-1.5771,2.4249,-0.5241,1.3666,-0.4134
aachen_4.tif,train,aachen,0.2216,2.5737,-1.3618,-0.6989,0.7648,1.4803,1.3596,0.9778,1.2414,0.2896,-0.3888
zanzibar_130.tif,train,zanzibar,0.1582,-3.1331,-0.7233,-2.9238,5.0665,0.1064,0.2906,2.5854,-0.4466,0.2822,-0.3403
dowa_10.tif,train,dowa,0.2229,5.1649,0.7923,1.0666,-0.4066,0.0656,-0.5369,0.0878,-0.9082,0.1470,-1.0010
tokyo_70.tif,train,tokyo,0.4086,1.5900,1.1100,0.7937,1.1498,0.1726,-0.0904,-0.5074,2.1916,0.0864,2.8262
muenster_5.tif,train,muenster,0.3118,1.3053,-1.4314,-0.7780,1.4101,-0.2710,0.1389,-1.1288,0.0258,0.1084,1.4022
shanghai_29.tif,train,shanghai,0.3314,0.4670,2.8059,0.7013,1.3552,-2.1568,-3.2714,-1.8705,0.2137,4.7858,1.8091
slaskie_17.tif,train,slaskie,0.0524,-4.3698,-2.7103,-3.1446,0.5040,-3.6426,-0.8517,4.3843,-3.7134,-0.3575,1.0469
tyrolw_60.tif,train,tyrolw,0.1318,-1.0558,-2.8990,2.5944,-1.8764,0.5039,0.7288,2.7255,-1.5408,-0.8259,0.2228
muenster_62.tif,train,muenster,0.1922,-3.0151,-3.1083,1.0391,-1.1717,1.5247,0.4598,-1.1946,-0.4084,-1.0493,-0.2174
ulaanbaatar_3.tif,train,ulaanbaatar,0.4019,1.2127,5.0037,-1.3379,2.4203,3.9797,-0.9203,1.4261,0.3255,-1.0848,-1.7553
duesseldorf_11.tif,train,duesseldorf,0.3653,1.9211,-0.2564,-0.5458,0.4877,-1.4361,-0.2155,-0.4099,-0.3355,0.3866,-1.1257
kitsap_27.tif,train,kitsap,0.3218,4.0208,0.4280,-0.3155,0.5890,-0.5537,-0.2792,-0.3223,-1.3358,-2.0927,0.4705
ica_19.tif,train,ica,0.2599,3.9767,0.0729,-1.2802,-1.1894,1.6835,-0.5017,0.1963,-0.8279,-1.1406,0.1334
christchurch_3.tif,train,christchurch,0.0436,-2.5885,-5.3206,-3.0787,4.2159,0.1833,1.3630,-0.7871,-0.8682,0.5773,-0.3388
sechura_21.tif,train,sechura,0.3151,2.6877,5.4136,-0.2593,-2.0210,0.6640,8.1303,1.3872,-3.6912,1.6686,0.2516
lohur_5.tif,train,lohur,0.2460,-0.9033,-0.7719,3.1433,0.6425,1.2539,-0.1593,-0.2046,-0.4069,0.2151,0.4653
baybay_66.tif,train,baybay,0.3222,-0.3784,-2.7985,0.3835,-0.9839,0.2303,1.2941,-0.1074,0.4499,-0.9685,-0.9317
piura_31.tif,train,piura,0.2536,3.9274,-1.0650,0.0664,-1.1359,-0.7482,0.4434,-0.4740,-0.1854,-0.7380,-0.5149
shanghai_30.tif,train,shanghai,0.4349,-0.8971,0.9634,-0.8421,5.1521,0.2598,-0.8133,-1.3658,1.1924,2.5586,0.6987
shanghai_32.tif,train,shanghai,0.4008,1.9890,2.2386,-0.2595,-1.8395,-0.1453,-2.2269,0.2668,0.1019,2.3082,0.4774
mahe_40.tif,train,mahe,0.0889,-2.2831,-0.0061,-5.6881,-5.1493,5.1811,-2.4011,2.3189,-1.3008,2.1490,-2.0649
tokyo_29.tif,train,tokyo,0.4560,3.7338,3.3529,0.3727,2.1396,-0.5468,-2.1080,-1.0996,-1.4023,-1.1546,2.2795
chincha_5.tif,train,chincha,0.3189,1.7591,0.5217,2.1915,-0.3503,1.2097,0.0812,0.9500,-0.1927,-1.0739,0.6172
mahe_44.tif,train,mahe,0.2322,0.3860,-1.3913,-2.2609,0.8494,2.0569,1.2169,1.6678,1.0075,-0.4038,0.1305
abancay_22.tif,train,abancay,0.2756,2.7728,-1.4483,-0.5469,0.3509,-0.9217,-0.2567,-1.2524,-0.7714,0.4785,0.5686
tokyo_17.tif,train,tokyo,0.3530,1.5772,1.3171,2.3929,-0.4765,0.0542,-0.7616,1.3466,-0.1414,0.6277,0.9542
malopolskie_33.tif,train,malopolskie,0.5176,-2.8989,1.9186,1.2201,-2.2581,0.7932,-0.3460,-2.0800,2.0503,-1.3702,1.1108
ulaanbaatar_36.tif,train,ulaanbaatar,0.4362,1.8651,3.1638,-1.0626,1.9393,2.4673,-0.9313,0.7152,0.5907,0.2083,-2.0736
kyoto_59.tif,train,kyoto,0.3446,3.8351,1.7723,0.9397,0.1901,0.2197,-0.1513,0.4421,1.4661,-0.7657,1.6092
tyrolw_38.tif,train,tyrolw,0.0633,-2.6604,-0.2996,5.2683,-1.7772,0.8093,-0.9458,1.5473,-2.3000,-0.4671,0.0444
shanghai_52.tif,train,shanghai,0.4486,3.3180,2.9984,1.0219,1.2107,-1.8837,-1.9392,-4.9042,0.4559,1.0829,0.1268
koeln_33.tif,train,koeln,0.3485,2.8347,0.0492,-0.6389,-0.5574,-1.5718,-0.0846,1.1134,-0.5816,-0.4562,-0.2533
aachen_31.tif,train,aachen,0.3838,1.9329,0.3719,-0.5270,0.6948,-0.9520,0.1706,-0.0570,0.9975,0.2138,-0.9659
tokyo_44.tif,train,tokyo,0.4672,0.2953,1.1725,0.9861,0.8536,0.1211,-0.0371,0.5131,2.1295,0.3120,2.6053
kitsap_29.tif,train,kitsap,0.0489,-5.9676,-0.9891,-4.7364,-4.7074,-2.5555,-2.9591,-0.6322,-1.6171,1.2811,0.6414
santiago_18.tif,train,santiago,0.3522,2.4367,-0.1335,-0.1178,-0.7080,-1.6739,0.1548,-1.2115,0.5868,-0.6157,-0.1752
zanzibar_18.tif,train,zanzibar,0.2943,-4.3632,-2.1581,0.2264,1.2456,-1.5087,0.3703,-1.1146,1.0716,0.8951,0.2977
ngaoundere_69.tif,train,ngaoundere,0.3674,0.7473,-0.9042,1.0285,0.8504,0.8779,0.7893,1.6935,1.0921,0.4092,0.3809
chiclayo_7.tif,train,chiclayo,0.4575,-0.3782,4.2601,1.6158,-3.5446,1.7651,8.7807,-1.8261,-0.2397,0.9671,-0.3190
duesseldorf_22.tif,train,duesseldorf,0.3342,0.1847,-0.3121,-3.3780,-1.1544,2.0818,-1.2262,-1.1545,0.1668,0.5491,0.4925
muenster_70.tif,train,muenster,0.0540,-3.0661,-2.1133,4.6514,-2.3077,1.1205,0.2347,2.0595,-0.2468,0.7366,0.4270
christchurch_47.tif,train,christchurch,0.1561,-4.8016,-0.5652,3.3211,-1.9337,0.2937,-1.0694,-2.2046,-2.0170,-2.4874,0.1023
muenster_63.tif,train,muenster,0.2204,-6.0170,1.4172,2.0161,-1.4423,-1.7891,-1.5501,-0.3695,-2.1760,-1.7160,-0.8335
vegas_23.tif,train,vegas,0.3333,4.3357,0.2087,0.3840,-0.1523,-0.6674,-0.1202,-2.2391,-0.3611,-1.3973,0.3187
tyrolw_21.tif,train,tyrolw,0.3253,1.5806,-0.7425,-1.1632,0.3055,-1.0299,0.4907,0.6586,1.0045,0.4923,-0.3350
abancay_15.tif,train,abancay,0.2890,4.0250,-0.7197,0.0826,0.0186,-0.1747,0.3013,-1.2141,-0.1512,-0.6787,-0.2898
ngaoundere_40.tif,train,ngaoundere,0.3752,2.4382,2.1717,1.1043,0.6064,1.4011,1.0319,2.1922,2.1623,-0.2096,-1.3345
tokyo_39.tif,train,tokyo,0.3170,2.8407,0.0920,-0.5712,1.7420,0.2182,-0.5019,0.4291,-0.6235,0.2673,1.9509
baybay_47.tif,train,baybay,0.0830,-2.9718,-2.7304,4.5592,-0.9876,0.7978,-0.1185,-0.9762,-1.5112,0.5690,-0.8506
swietokrzyskie_39.tif,train,swietokrzyskie,0.1133,-4.0568,0.2012,4.9657,1.0531,1.1708,-1.7763,-0.2465,-1.9835,1.2795,0.4002
shanghai_45.tif,train,shanghai,0.5789,1.3402,2.8315,-1.3025,0.8101,-1.9269,-0.9741,1.9561,-0.4703,-1.8365,1.8308
duesseldorf_48.tif,train,duesseldorf,0.2774,3.4827,0.1525,-0.3738,-0.0724,-0.0921,0.3721,-0.0513,0.5170,0.0678,-1.0388
chiclayo_16.tif,train,chiclayo,0.3705,-3.9895,3.5829,2.8898,-0.1565,-1.1321,-1.4394,2.2408,-2.0040,-3.5427,0.9970
bielefeld_49.tif,train,bielefeld,0.3855,-2.8916,-0.9380,-2.2349,0.4147,-4.0670,0.1400,0.2664,0.3372,0.1322,-1.9308
ica_27.tif,train,ica,0.5377,0.5826,6.7985,1.6066,-0.2182,0.7891,4.5512,0.9277,0.3621,-1.1138,2.1072
lodzkie_15.tif,train,lodzkie,0.2747,-1.8183,-2.1835,1.9588,-0.5594,0.5698,1.6281,-0.7815,0.8998,-1.0084,-1.6986
zanzibar_75.tif,train,zanzibar,0.6268,-5.0626,5.8856,-4.3376,-2.8083,-1.5752,-2.6810,-0.9338,-0.8842,-2.5222,-0.8228
western_6.tif,train,western,0.7628,-4.5195,8.4667,-3.0789,-0.1438,-2.4478,1.9260,-1.5514,-1.1393,-1.9556,-1.7346
zanzibar_22.tif,train,zanzibar,0.3147,-5.5162,-0.1812,-1.3464,2.1460,-2.8549,-0.7660,1.5770,-1.5227,-0.5703,-0.7368
sechura_5.tif,train,sechura,0.2433,5.0379,-0.1796,0.6588,-1.5998,-1.3764,-0.7833,-0.6226,-1.1542,0.5557,-0.1857
chisinau_28.tif,train,chisinau,0.2564,2.5732,-1.4552,-0.6491,-1.5379,-2.1961,0.2430,0.0012,-0.2613,0.2272,-1.1739
rosario_9.tif,train,rosario,0.3528,-1.1684,-1.8335,1.6158,2.4031,1.9391,1.0037,0.0850,0.5771,-0.3462,0.5732
zanzibar_54.tif,train,zanzibar,0.2412,-4.8232,1.2524,-2.5501,-1.0019,-7.3606,-1.8118,0.9803,-3.3585,-1.4324,-1.1663
melbourne_60.tif,train,melbourne,0.2738,2.8412,-0.9082,-1.1301,1.3110,0.1468,0.1983,1.8505,-1.2107,-0.5560,-0.0143
svaneti_50.tif,train,svaneti,0.4089,-1.9457,-1.3501,-1.5298,-0.3361,-3.0287,1.1030,1.2919,2.2744,0.4019,-1.6185
dortmund_60.tif,train,dortmund,0.2581,1.0687,-2.5621,-1.3491,0.7871,-0.3194,0.9440,0.3145,-0.4264,-0.7947,0.2763
malopolskie_26.tif,train,malopolskie,0.1559,-4.2849,-0.5635,2.5571,-2.5793,2.1632,-0.9636,-0.8244,0.3137,0.7332,-0.6984
duesseldorf_40.tif,train,duesseldorf,0.3056,-2.4060,-1.8855,1.4805,-1.3294,-2.0079,0.3411,-0.8791,0.7857,0.1175,0.2801
lodzkie_14.tif,train,lodzkie,0.2100,-2.5240,-2.2117,3.6737,-1.9431,-0.4376,0.0429,-0.6103,-0.6521,-0.2027,0.8782
rotterdam_45.tif,train,rotterdam,0.3335,0.5460,3.7250,1.4676,4.6011,2.1112,-1.7014,1.6329,-2.5231,-1.7143,0.3378
abancay_29.tif,train,abancay,0.3978,0.3903,-0.1915,0.2181,2.6284,0.9595,0.5028,0.3642,0.7203,-0.4244,1.2936
kyoto_16.tif,train,kyoto,0.4241,-0.7512,0.7789,0.2994,-1.8501,1.3984,-0.5004,-0.0187,1.4638,-0.2751,-0.1953
piura_3.tif,train,piura,0.3291,-0.0718,2.3604,0.4088,-2.4793,2.6260,0.2722,3.5377,1.8980,0.7768,0.1985
coxsbazar_21.tif,train,coxsbazar,0.2973,-4.9076,0.5446,1.5325,-1.8971,0.0611,-1.2585,0.6885,0.4819,0.5181,0.0240
ulaanbaatar_6.tif,train,ulaanbaatar,0.4730,1.1487,3.0869,-0.3826,3.2446,0.5460,-0.2388,1.9611,0.7659,-0.4990,-2.5252
chisinau_6.tif,train,chisinau,0.2218,4.3793,-0.3658,0.3535,-1.7537,-1.5672,-0.6053,-0.0812,-1.0340,0.5229,-0.4232
zanzibar_78.tif,train,zanzibar,0.3758,-3.0579,0.7043,-2.2458,4.8337,0.4884,0.2742,0.6826,0.3803,-1.0060,1.5294
sechura_3.tif,train,sechura,0.1928,5.5966,0.3632,1.0800,-1.2161,-0.3534,-0.7973,0.6386,-1.5558,0.4043,0.3287
rio_32.tif,train,rio,0.3132,-2.6170,-1.0192,-2.3297,2.5923,-2.2183,0.0011,-0.0754,0.3229,0.6333,-0.9122
coxsbazar_71.tif,train,coxsbazar,0.1271,-3.4067,-4.8225,0.9958,-1.8507,-2.0638,0.8895,-0.3509,-0.7671,0.3629,-0.4482
chincha_48.tif,train,chincha,0.2410,4.5017,-0.6755,0.0426,0.1345,0.0779,-0.1811,-0.7329,-0.5537,0.0127,0.1203
zanzibar_26.tif,train,zanzibar,0.2895,-5.2974,-1.3600,0.0055,1.4859,-2.0369,-0.0647,-0.1780,0.4635,0.5814,-0.4252
aachen_37.tif,train,aachen,0.2079,-1.9026,-0.4366,4.1014,1.8290,2.0253,-0.8756,-1.0717,-0.8728,1.2449,0.8248
zanzibar_131.tif,train,zanzibar,0.2148,-2.2268,-1.1267,-2.6803,2.7698,0.0148,1.0092,2.5998,0.0863,-0.6699,-0.2667
zanzibar_85.tif,train,zanzibar,0.5075,-4.7052,3.3576,-2.5518,5.1560,0.6228,-2.3181,1.3929,0.6498,1.8383,2.7470
viru_33.tif,train,viru,0.1364,-0.9077,-0.8968,5.3222,-0.7748,1.7756,-0.4240,-0.1380,-1.4932,0.2282,-0.7189
zanzibar_118.tif,train,zanzibar,0.2235,-2.4437,-0.4421,-2.2637,5.5287,0.5389,-0.3480,1.3596,-0.9400,0.5910,0.9486
kyoto_37.tif,train,kyoto,0.1582,-3.9116,-2.0607,-1.2746,-3.4474,-0.1893,-0.1983,1.6507,0.2546,-1.0804,2.2806
ica_34.tif,train,ica,0.2496,4.7314,-0.4551,0.3216,-1.5237,-1.8422,-0.7810,-1.7702,-1.0064,0.2516,0.0214
rotterdam_9.tif,train,rotterdam,0.4768,1.9781,0.9008,-0.3253,-0.0778,-2.1680,-0.0666,-1.8392,0.7953,-1.0014,-1.3910
viru_21.tif,train,viru,0.2442,3.2050,-0.7883,2.3141,-2.4612,-0.0203,0.5755,0.5996,0.3539,-1.1800,0.4959
abancay_50.tif,train,abancay,0.3137,2.6181,0.0027,-0.3849,2.9147,0.8226,-0.3347,-0.3864,-0.6829,0.5224,0.2071
tokyo_20.tif,train,tokyo,0.3953,3.3046,2.5749,0.7032,0.7455,-0.5368,-1.1995,0.0590,1.2305,1.2987,2.4239
khartoum_20.tif,train,khartoum,0.4035,2.4222,1.5049,0.1790,-0.4026,-2.5886,-2.0458,-0.9141,-0.6835,2.4267,1.3206
melbourne_25.tif,train,melbourne,0.3000,2.5767,-0.5986,-0.5521,1.2100,-0.5347,-0.4210,-1.4325,-0.3901,0.2443,1.2394
muenster_14.tif,train,muenster,0.3034,1.5610,-1.5495,-0.8034,1.3794,-0.1976,0.2994,-0.9097,0.1197,0.2251,0.6821
swietokrzyskie_23.tif,train,swietokrzyskie,0.2353,-1.5247,-2.0042,4.1374,-0.4345,1.3882,0.7817,-1.8000,0.1464,-0.7362,-1.1137
lohur_34.tif,train,lohur,0.2780,-2.2528,0.8188,3.6799,0.9858,2.9568,-0.6618,-0.2218,0.3871,0.4232,-0.6725
baybay_58.tif,train,baybay,0.3054,-3.4549,-1.3201,-2.4025,-0.0405,-5.4007,-0.4368,1.1248,-0.5775,1.4589,-3.0045
paris_38.tif,train,paris,0.4318,-0.7971,1.3352,-0.9934,5.8923,0.7739,-0.7917,-0.9803,0.0154,1.0796,0.3032
khartoum_21.tif,train,khartoum,0.6728,-0.5702,11.8722,-0.0035,1.7580,-0.1248,0.5459,2.2600,0.0321,0.2781,-0.3561
svaneti_45.tif,train,svaneti,0.5063,-2.4480,-1.1273,0.4330,1.9174,0.1366,0.9051,0.8597,2.2190,0.6545,1.1708
paris_70.tif,train,paris,0.4867,1.5407,1.4121,-0.3069,2.6198,-0.9106,-0.7492,-2.4436,-0.0872,0.0950,-0.7354
chisinau_66.tif,train,chisinau,0.2972,1.6010,-0.3924,-0.8624,-0.2148,-1.2938,-0.0696,2.1980,-1.5448,-1.0601,0.0167
kitsap_26.tif,train,kitsap,0.3207,3.9387,0.1642,-0.5547,0.7247,-0.5109,-0.1577,-0.1936,-1.3322,-2.1694,0.5299
aachen_21.tif,train,aachen,0.3472,-0.7119,-1.0863,1.3670,0.0946,-0.4140,0.3229,0.0453,0.4142,-0.1292,0.2331
coxsbazar_54.tif,train,coxsbazar,0.1188,-6.5842,-1.8421,-1.3974,-3.9911,-1.6714,-1.6190,-0.1426,0.0575,1.3189,1.4931
sechura_31.tif,train,sechura,0.3690,2.5109,1.6814,-0.6571,0.0791,0.0492,0.8262,2.5873,0.6059,-0.7642,-0.8079
pomorskie_32.tif,train,pomorskie,0.2407,-2.7694,-0.0395,-1.4095,-1.2136,5.5561,-1.6404,-1.0723,-0.5571,-0.1334,0.0081
rio_12.tif,train,rio,0.3526,3.7553,1.3362,0.2006,1.1271,-0.6962,-0.9534,-1.7319,-0.5495,-0.3564,0.2346
pisco_33.tif,train,pisco,0.6909,-6.4081,8.8333,-1.6303,1.2559,0.5244,4.8725,-1.9896,-1.6253,-0.0887,0.7653
kitsap_14.tif,train,kitsap,0.2803,1.8177,-1.8585,-1.1444,1.2194,0.0111,1.0441,-0.6648,-0.1246,-1.8280,0.4911
bielefeld_56.tif,train,bielefeld,0.3694,-1.3841,-1.3061,-1.8608,1.4510,-2.2696,0.2933,-0.0476,-0.0893,0.2404,-1.6187
melbourne_34.tif,train,melbourne,0.3383,1.8778,-0.5992,-0.9396,1.1167,-0.3452,0.2707,-0.7780,-0.2431,-1.9073,1.7069
tokyo_31.tif,train,tokyo,0.5459,2.6840,5.2712,-1.2385,-0.2331,1.8048,-3.4340,-2.5401,-0.9085,-2.1262,3.1842
chincha_18.tif,train,chincha,0.2031,3.5782,-0.1864,-0.0532,0.4973,1.1008,0.3392,2.3194,-1.2570,-1.1840,0.9973
kyoto_35.tif,train,kyoto,0.2292,-5.5461,-0.2639,0.1658,-2.0647,-4.2790,-0.6658,1.3820,1.3724,-0.2824,4.2630
ngaoundere_3.tif,train,ngaoundere,0.4196,0.7077,1.4069,0.5128,-2.6247,1.5848,0.7599,1.2057,2.6502,-0.8873,-1.8188
monrovia_51.tif,train,monrovia,0.2708,2.8454,0.2582,-0.4165,2.4255,1.4821,-0.1736,1.3692,-0.6759,-0.2374,1.1974
tonga_62.tif,train,tonga,0.3722,0.6446,-0.3492,-1.2517,1.0710,0.5693,0.3077,-0.9091,1.5594,0.0680,0.8675
bielefeld_34.tif,train,bielefeld,0.3748,-2.2992,-2.0146,0.2197,-1.2614,-2.0430,1.5071,0.9505,2.2165,-0.4959,-0.6135
tonga_65.tif,train,tonga,0.2511,0.5525,3.0385,-3.5649,-1.4601,6.6387,0.7818,-1.3662,-0.9889,-0.2608,-1.0562
rotterdam_31.tif,train,rotterdam,0.3866,-0.0011,-0.1185,-2.8480,-0.9868,0.5088,-1.2315,-1.2373,0.1676,0.8755,0.4018
zanzibar_111.tif,train,zanzibar,0.7883,-3.3431,4.9761,-2.6829,-1.5152,-0.9699,-0.8417,1.3176,1.4263,-2.6086,0.0987
kagera_27.tif,train,kagera,0.5156,-2.8267,1.0028,2.7374,-0.1837,-1.3259,-0.1506,-1.1018,2.7597,1.2850,-0.1152
tonga_47.tif,train,tonga,0.3069,1.2037,-1.4715,-1.0789,2.1356,0.1414,0.4419,0.0981,-0.2343,0.3683,0.0409
baybay_36.tif,train,baybay,0.1706,-2.1885,-3.6495,1.7799,-2.0370,-1.5704,0.8095,-0.5262,-0.3573,-0.3352,-0.3720
santiago_70.tif,train,santiago,0.3341,-1.5837,-1.0423,-2.3296,-0.7347,-1.8898,0.0874,-0.8737,-0.1032,-1.8776,-0.3106
christchurch_5.tif,train,christchurch,0.3386,1.2436,-1.2944,-1.1052,-0.2614,-0.9462,0.6594,-1.3405,0.2425,-1.4776,-0.0903
christchurch_64.tif,train,christchurch,0.3102,0.0173,1.8054,-3.3555,-2.1281,4.5781,-0.9147,1.5238,0.0777,-0.9008,-0.2801
swietokrzyskie_26.tif,train,swietokrzyskie,0.0627,-6.6525,3.8719,5.1977,1.1184,-1.2612,-4.0867,0.6571,-5.3185,-1.3158,0.5995
accra_43.tif,train,accra,0.2176,-1.3312,-2.5093,-2.1111,4.3072,0.8220,0.6244,0.9778,-1.3362,-0.2329,0.3808
dhaka_46.tif,train,dhaka,0.2223,0.9487,-0.7730,-2.4686,-2.2263,1.6139,-1.8063,-1.7818,0.1180,2.5139,0.8653
ulaanbaatar_46.tif,train,ulaanbaatar,0.4187,4.3915,3.3665,0.5840,1.5947,-0.4637,-0.6846,1.2812,-0.7266,-0.5789,-3.7767
dowa_15.tif,train,dowa,0.2639,2.6273,-0.6727,1.7559,-1.6065,-0.1914,0.1184,1.6490,-0.4024,0.1916,-0.7407
baybay_7.tif,train,baybay,0.1901,-2.8135,-3.0077,-0.3726,-0.0554,-1.1785,1.0420,1.5363,-1.2932,-2.7637,0.6710
baybay_39.tif,train,baybay,0.0547,-4.9292,-1.5580,4.7305,-1.1035,-0.6650,-1.6317,0.5259,-3.0924,1.9043,-1.6500
zanzibar_17.tif,train,zanzibar,0.3252,-6.1424,1.5082,-0.5384,0.7929,-3.6563,-1.1457,2.0925,-1.6454,-2.9872,1.3889
zanzibar_113.tif,train,zanzibar,0.7650,-2.6996,5.1605,-2.2791,-1.8533,-0.8435,-0.1584,1.2228,3.8826,-1.1527,-0.2194
chisinau_59.tif,train,chisinau,0.2229,3.3653,-1.6375,-0.3065,-1.5211,-1.6371,0.0326,0.4562,-0.9579,0.6009,-1.1611
viru_5.tif,train,viru,0.2502,4.1833,-0.7100,-0.3354,0.0598,-0.7552,-0.4246,-0.7001,-0.8614,0.5993,-0.6901
paris_50.tif,train,paris,0.5144,2.0627,2.4670,-0.0526,2.8305,-1.1526,-1.0308,-3.6112,0.4589,-0.0919,-1.2539
piura_25.tif,train,piura,0.4204,-4.2380,1.5207,1.9934,-1.0878,-2.7370,-1.0312,1.2021,0.1268,-0.8752,0.9750
shanghai_7.tif,train,shanghai,0.3596,3.4131,0.6690,-0.1340,0.7591,-1.0144,-0.9308,-1.2938,-1.4023,-1.0774,0.9507
chiclayo_28.tif,train,chiclayo,0.1689,-2.4033,-1.4379,2.9933,-2.3327,3.4370,-0.7779,-0.1119,-1.2324,-0.2214,0.2614
tyrolw_61.tif,train,tyrolw,0.2018,-0.9957,-0.5761,4.2626,-0.7844,1.5123,0.2392,0.6274,0.9859,0.9284,-0.2480
aachen_30.tif,train,aachen,0.2740,0.4404,-2.2775,-1.4331,1.4538,-0.4119,0.8279,-0.3491,0.2099,-0.1873,0.2183
daressalaam_94.tif,train,daressalaam,0.2132,3.2419,-2.1809,-0.4111,-0.8929,-0.5183,0.5749,0.1510,-0.2926,0.1564,-0.0627
kagera_15.tif,train,kagera,0.3818,-2.1173,-1.0241,0.2798,-0.7097,-2.1593,0.5848,-0.0921,2.2059,0.0752,1.9026
kitsap_39.tif,train,kitsap,0.2935,0.9451,-1.7427,-1.3775,0.4465,-1.1782,0.8247,-0.8277,0.0874,-1.8827,0.8404
christchurch_50.tif,train,christchurch,0.1629,-0.6883,-4.3231,-2.1825,2.9777,0.3869,1.5518,-1.2709,-0.3440,-0.7323,-0.3086
vegas_19.tif,train,vegas,0.1121,4.6755,3.5677,1.6848,-0.9121,0.1863,-1.3697,4.9347,-0.5333,2.3023,0.6414
chisinau_40.tif,train,chisinau,0.2185,3.5621,-1.9324,-0.2013,-1.3620,-1.3813,0.1261,-0.4698,-1.2701,-0.1615,-0.6073
malopolskie_1.tif,train,malopolskie,0.0702,-4.0520,-1.0908,-4.3709,2.6323,5.9551,-1.5007,-2.0039,-0.2181,1.7479,-1.1318
wielkopolskie_26.tif,train,wielkopolskie,0.2445,-2.5697,0.5846,3.9571,2.6876,2.5656,-0.7216,0.3180,-0.1793,1.0756,0.3817
bielefeld_42.tif,train,bielefeld,0.2380,1.1611,-2.2263,-1.3231,3.4100,1.2396,0.7901,-1.0942,-0.1613,-0.4743,0.7932
kampala_6.tif,train,kampala,0.2401,2.3986,-1.8602,-0.9117,0.7885,-0.4200,0.0561,0.1507,-0.7549,1.0401,-0.5685
podkarpackie_7.tif,train,podkarpackie,0.0754,-6.9113,3.7925,4.9653,-0.4669,-2.8387,-3.9617,0.4887,-5.1094,-1.6634,0.6220
shanghai_40.tif,train,shanghai,0.4691,1.5537,1.6617,0.1226,1.7354,0.2515,-0.1039,-2.4955,1.2384,-0.7065,1.4453
muenster_68.tif,train,muenster,0.1309,-2.3207,-2.9029,4.2649,-1.9116,0.1628,0.0898,-0.7837,-1.5429,0.1032,-0.7891
maputo_14.tif,train,maputo,0.2832,3.5653,-1.1280,-0.4652,0.0087,0.0783,0.3846,0.0762,-0.4517,-0.3613,-0.6705
aachen_64.tif,train,aachen,0.3364,-2.5526,-0.0706,3.0790,0.4610,-0.1425,0.1457,-3.4643,0.3271,-1.7013,-1.0426
baybay_8.tif,train,baybay,0.1725,-1.9976,-3.6127,1.2520,-1.8477,-1.3023,1.1231,0.6388,-0.0403,-0.2755,-0.4471
kagera_36.tif,train,kagera,0.4034,-2.0124,-2.3674,0.3372,1.9758,-0.4931,1.0035,-1.8328,0.7342,-0.0920,-1.9268
baybay_13.tif,train,baybay,0.2414,-3.4057,-2.7323,1.6257,-2.0955,-2.7267,0.4241,-0.3474,0.0280,0.4429,-1.7642
shanghai_28.tif,train,shanghai,0.4469,2.8141,4.6593,0.3235,4.1600,0.6204,-2.0867,0.0702,-2.5294,-3.0936,1.9494
kagera_66.tif,train,kagera,0.2261,-1.5708,-3.2594,-1.3156,1.7373,-0.1633,1.4372,0.9556,0.9947,0.2642,0.3766
svaneti_54.tif,train,svaneti,0.3607,-3.7073,-0.9055,2.5511,2.7474,0.9641,-0.2470,-1.6375,0.5839,0.9651,0.8068
austin_45.tif,train,austin,0.2228,3.4702,-2.2537,-1.0492,-0.2792,-0.2967,1.0526,-1.6377,-0.6492,-2.2457,-0.0587
baybay_2.tif,train,baybay,0.2637,0.5586,-3.0072,-1.1729,0.4567,-0.7138,1.3290,0.4413,0.9676,0.2277,-0.4862
pomorskie_38.tif,train,pomorskie,0.2200,-2.9510,-1.8673,1.2908,-1.2466,-1.5712,0.2328,1.4458,0.3316,0.6848,-0.1692
bogota_3.tif,train,bogota,0.2450,3.1633,-2.0070,-0.5339,-0.5152,-1.0069,0.0791,-0.0048,-1.2084,0.5083,-0.7301
ica_9.tif,train,ica,0.2985,4.1125,-0.4729,-0.0599,0.7724,-0.4741,-0.8175,-1.7930,-1.9283,-0.4678,0.6415
piura_45.tif,train,piura,0.3459,0.5905,1.5668,-2.0967,-1.8982,2.8563,-0.2669,2.0396,1.3583,0.7591,-0.5048
zanzibar_19.tif,train,zanzibar,0.2925,-5.4660,-1.2968,0.1550,2.6264,-1.8043,-0.5966,-0.3481,-0.1004,2.1914,-1.5888
monrovia_57.tif,train,monrovia,0.3328,-3.6967,0.0852,0.2587,0.6007,-0.1663,0.6531,2.8838,2.5065,1.5287,-0.3649
lubuskie_7.tif,train,lubuskie,0.1889,-5.8043,-1.7137,-3.3397,0.2229,0.6381,-0.9974,-1.2220,-3.4765,-4.4216,1.0268
accra_65.tif,train,accra,0.2425,0.5666,-1.7680,-1.6038,3.5576,0.7631,0.4820,0.4623,-1.0735,0.0680,-0.9597
kitsap_15.tif,train,kitsap,0.2301,1.7483,-2.6707,-1.5411,2.5620,0.3449,0.5351,-1.0443,-1.0787,-0.4360,0.1581
pomorskie_24.tif,train,pomorskie,0.0866,-5.4199,1.6018,-6.6067,-4.9141,3.2096,-4.5860,-1.8953,-0.9609,2.6495,0.5202
monrovia_34.tif,train,monrovia,0.3476,0.1013,-1.3162,0.2246,-0.2482,-0.8684,1.0429,1.1651,1.8331,0.3869,-0.7160
pomorskie_18.tif,train,pomorskie,0.2983,-4.0988,-1.0126,-1.6596,-3.2944,1.3686,-0.7254,0.4001,0.6728,-0.2742,0.2408
abancay_37.tif,train,abancay,0.3140,0.7851,-1.7965,1.3748,0.0045,0.6920,0.9309,-0.3011,0.4951,-0.9997,0.6863
chicago_27.tif,train,chicago,0.2973,4.2554,-0.1136,-0.9028,0.4146,0.4149,0.5036,-0.2055,0.0249,-1.3886,0.7693
zanzibar_44.tif,train,zanzibar,0.3244,-4.8349,-1.4863,-0.1000,-0.3141,-4.1018,-0.1315,1.2565,-0.4057,0.7900,-3.0860
duesseldorf_7.tif,train,duesseldorf,0.1454,-2.4592,-1.5451,4.5774,-0.3261,1.2628,0.0265,-1.6861,-0.5058,-0.6336,0.0706
daressalaam_73.tif,train,daressalaam,0.2745,-0.5461,-2.2215,-0.1531,0.7843,0.1886,0.9684,2.5695,0.7731,1.0359,-0.1072
koeln_59.tif,train,koeln,0.2378,-0.6433,0.4774,-3.8248,-3.7881,3.3098,-1.7948,0.2705,0.8551,0.8970,0.8191
western_15.tif,train,western,0.5515,-4.1001,4.6488,-3.1706,1.2672,-0.6183,2.1968,-0.8524,-1.2402,-4.7749,0.8688
rio_10.tif,train,rio,0.2505,3.5023,3.0190,0.6628,2.8553,0.6652,-1.7113,1.3841,0.8042,4.2393,-1.6400
slaskie_14.tif,train,slaskie,0.1619,0.5905,-3.7722,-1.5479,2.4785,1.8625,1.7775,2.2362,-0.7969,-0.7312,-0.0779
daressalaam_23.tif,train,daressalaam,0.3570,2.1164,-0.7467,-0.6116,-0.9093,-1.7671,0.6055,-0.4620,0.2291,-1.1333,-0.9509
bielefeld_53.tif,train,bielefeld,0.2695,2.3752,-0.9775,-0.8925,2.8365,0.4974,-0.1310,-0.2317,-0.3774,1.4885,-1.2622
podkarpackie_14.tif,train,podkarpackie,0.2043,-5.0358,-0.7953,2.9969,-0.7403,0.0725,-0.5678,-1.3154,1.2546,1.7061,-0.8137
slaskie_12.tif,train,slaskie,0.2791,-3.5757,-1.2555,-1.0474,-0.9236,-1.5481,2.2038,1.9582,4.1188,0.1009,1.1344
wielkopolskie_33.tif,train,wielkopolskie,0.2940,1.6818,-0.7432,1.7367,3.5867,3.0345,0.1682,0.0584,0.0282,0.6063,0.7270
piura_36.tif,train,piura,0.2837,-1.5660,0.4764,3.6053,-0.3163,1.0668,0.0282,0.4528,-1.8934,-3.9161,0.4207
rotterdam_25.tif,train,rotterdam,0.3799,1.4832,0.8526,-1.3062,-2.0751,-0.9878,-1.0345,-0.0157,0.9204,0.6192,0.2847
aachen_10.tif,train,aachen,0.1348,-3.0790,-1.0793,5.3268,0.3296,1.6842,-0.5584,-2.3075,-0.5891,0.7221,0.1756
baybay_26.tif,train,baybay,0.1390,-2.0372,1.1290,-5.0719,-6.2924,3.9984,0.8354,-1.1542,-1.4375,0.4852,-0.9474
kagera_24.tif,train,kagera,0.3581,-2.0511,-0.5119,-2.2628,1.4100,-1.3270,1.4608,1.7321,2.5479,1.0522,-2.6131
melbourne_20.tif,train,melbourne,0.3535,2.5388,0.8774,0.3529,0.0887,-1.4142,-0.7035,-2.5165,1.4166,0.9916,1.2734
tokyo_52.tif,train,tokyo,0.3789,-2.2803,1.7955,3.5353,-1.0374,0.3530,0.1047,-1.4250,2.1302,-1.1227,1.5515
kagera_7.tif,train,kagera,0.4419,-2.3547,0.5274,-1.3668,0.0658,-1.9246,1.6512,1.8549,4.2936,0.5097,-1.8045
shanghai_60.tif,train,shanghai,0.4654,1.0705,5.1294,-1.6952,2.7015,3.2375,-3.1306,-0.0094,-1.6221,-0.8282,1.0655
chicago_25.tif,train,chicago,0.2842,3.7614,-0.9574,-0.1601,-1.1675,-1.1103,0.3227,-0.8771,-0.5234,-1.4732,0.1080
chiclayo_12.tif,train,chiclayo,0.1651,-1.5745,-2.5571,4.6037,-1.3775,1.5862,0.4963,-0.9516,-0.6923,-0.3108,-0.8547
chicago_46.tif,train,chicago,0.3592,3.0917,1.3687,-0.3136,-0.4462,-0.4586,0.1132,1.0851,0.8653,0.2236,0.5815
daressalaam_121.tif,train,daressalaam,0.2830,0.8898,-0.8549,0.0872,-0.1197,-0.2797,0.6522,3.1220,1.3987,1.3690,-0.2733
pisco_31.tif,train,pisco,0.4631,-3.1650,2.3679,0.8462,-3.3505,1.4464,3.3211,-0.9955,1.1498,-0.1655,-2.2668
melbourne_45.tif,train,melbourne,0.3259,2.8393,-0.4097,-0.2925,0.0991,-0.6771,0.0850,-0.8287,0.5643,0.0451,0.5925
chisinau_29.tif,train,chisinau,0.2476,3.6443,-1.1176,-0.0474,-1.8499,-1.9700,-0.2548,-0.1995,-1.4063,-0.5157,-0.3656
khartoum_19.tif,train,khartoum,0.3819,3.1594,3.1704,1.1529,-0.4662,-1.9962,-1.8230,0.2132,0.4168,2.1845,-0.8984
daressalaam_38.tif,train,daressalaam,0.3326,2.4325,-0.0233,-1.2325,0.2166,0.6167,0.1196,-0.1204,0.6639,-0.2175,-1.3183
pisco_50.tif,train,pisco,0.2457,2.3818,-0.5989,-1.7058,-0.8869,2.3529,0.2244,3.0909,-0.6252,0.1375,-0.3266
dolnoslaskie_11.tif,train,dolnoslaskie,0.2252,-3.1043,-3.1313,1.8466,1.6235,0.6914,0.6732,-1.3885,-0.6720,0.0153,-1.5606
baybay_4.tif,train,baybay,0.1140,-2.8353,-2.3527,3.9427,-1.5692,0.1592,-0.1359,0.2369,-1.2578,0.5878,-0.8030
koeln_1.tif,train,koeln,0.2577,-1.3844,-2.6963,1.5486,-0.4754,-0.5003,0.4871,-0.2038,-0.5825,-0.1995,-0.1105
austin_1.tif,train,austin,0.1396,-3.5598,-0.8341,-5.1072,2.4809,3.2410,0.0815,-0.6411,-2.3084,-3.4000,-1.5264
chicago_48.tif,train,chicago,0.1884,3.1591,-1.3154,-0.6618,2.0030,1.8749,0.5832,1.7792,-1.0826,-0.7329,0.8500
sechura_15.tif,train,sechura,0.2290,3.5629,3.2095,-1.4498,-3.5555,4.1827,0.5698,0.8818,-0.5885,-0.4562,-1.9374
christchurch_24.tif,train,christchurch,0.4315,-2.3168,-1.3241,0.5345,-0.4705,3.3916,-0.0898,-1.7591,1.0660,-0.5367,1.7470
lambayeque_9.tif,train,lambayeque,0.1905,4.6939,-1.0104,0.4046,-1.1068,-1.1220,-0.7475,-1.2163,-1.2440,1.3021,-0.9703
santiago_2.tif,train,santiago,0.3300,3.2377,0.4637,0.1191,0.3705,-1.1269,-0.8656,-1.5379,-0.5575,0.1901,0.8823
lodzkie_6.tif,train,lodzkie,0.1651,-4.2163,1.9571,5.6558,0.1050,-1.0291,-2.3471,-0.5911,-0.7965,2.7075,-3.1232
bielefeld_39.tif,train,bielefeld,0.3337,-1.6301,-2.0967,1.1377,0.2787,-0.1700,1.0289,-0.4714,1.2865,-0.3981,0.4451
aachen_47.tif,train,aachen,0.3120,-1.2161,-0.5397,4.4953,0.4014,1.8125,0.1655,-1.3624,-0.0948,-0.4274,-0.7372
kagera_39.tif,train,kagera,0.2979,-2.2225,-3.0689,0.2001,-0.0876,-1.4327,0.6837,-1.2150,0.5116,-0.1781,2.1300
wielkopolskie_16.tif,train,wielkopolskie,0.3108,0.1880,-0.2931,1.8294,1.3205,1.7239,0.2050,2.5820,0.1985,0.4686,0.9469
daressalaam_54.tif,train,daressalaam,0.3664,3.1235,-0.3290,0.0349,-0.3680,-1.6234,-0.5090,-2.2482,0.2146,1.0762,-1.0630
lohur_40.tif,train,lohur,0.1686,-2.1844,-0.0732,4.7852,-0.6580,0.9683,-0.7117,0.2142,-0.4475,0.8411,0.4294
ngaoundere_55.tif,train,ngaoundere,0.5233,0.5204,0.0701,-0.9129,-0.2598,1.6299,0.7664,-0.2912,2.3740,-0.1044,-3.4305
swietokrzyskie_1.tif,train,swietokrzyskie,0.1555,-6.7016,5.7836,5.8046,1.0635,-2.1361,-4.4793,-2.0465,-3.5131,-0.9908,-0.2830
vegas_31.tif,train,vegas,0.8609,0.3466,8.4645,0.2242,1.2764,-1.3692,0.9699,1.1352,3.7053,0.0708,0.0386
swietokrzyskie_18.tif,train,swietokrzyskie,0.2613,-3.9999,2.4046,5.8078,0.1508,0.0304,-2.1431,-1.8761,-0.0530,2.1987,-0.0145
chicago_42.tif,train,chicago,0.3181,2.7117,-0.4248,-0.6511,0.6767,0.3769,0.9858,-1.4326,0.5916,-2.1040,0.2322
muenster_27.tif,train,muenster,0.2048,-0.5591,-1.5290,-2.0204,-3.8394,3.7493,-1.2189,-0.4756,0.3768,1.1608,0.8685
tonga_8.tif,train,tonga,0.3858,-0.1988,0.8682,-2.7133,0.6329,3.1102,-1.5470,-1.6697,0.3485,1.1422,0.4678
dortmund_53.tif,train,dortmund,0.2141,-1.3762,-3.1915,1.9572,-0.1680,0.7739,1.0278,-0.2543,0.1160,-0.3658,0.4189
muenster_4.tif,train,muenster,0.2102,-2.5779,-2.1076,2.7266,-1.3492,0.1253,0.3875,1.6364,-0.2775,0.0677,0.1023
viru_37.tif,train,viru,0.3260,-1.6762,0.8367,5.1801,0.7047,1.7038,-0.5537,-3.0065,0.0486,-0.5234,0.3354
piura_14.tif,train,piura,0.4350,-0.3769,1.4855,0.5241,-0.7201,2.7818,0.6584,-0.8456,2.6617,-0.0431,-1.8152
chicago_45.tif,train,chicago,0.3034,4.2666,0.9625,0.1206,0.3098,-0.5903,-0.5854,0.0957,-0.4858,0.1950,-0.6433
malopolskie_23.tif,train,malopolskie,0.2024,-4.0356,-1.2974,-3.0090,0.3187,-4.7022,-0.2955,2.2457,-0.2881,0.7854,-1.1194
tonga_9.tif,train,tonga,0.2918,1.6893,-1.4775,-0.9529,2.9561,0.7175,0.6002,-0.6348,-0.2278,0.2088,-1.2598
rotterdam_43.tif,train,rotterdam,0.3470,2.2918,2.8833,-1.5811,-2.1576,2.2812,-0.7634,1.0485,0.9605,-0.6431,-0.7808
viru_40.tif,train,viru,0.2728,-4.3932,7.7349,2.9335,-2.3559,1.0527,12.8125,-0.8715,-6.2886,4.3197,1.1143
swietokrzyskie_35.tif,train,swietokrzyskie,0.0417,-1.1170,-0.2920,6.4919,1.3135,3.8927,-0.8413,-0.4515,-1.6367,1.2178,-0.9057
koeln_37.tif,train,koeln,0.2732,0.9530,-2.3285,0.2274,0.1459,0.5957,1.0169,0.8407,0.1577,-0.8555,0.6322
tyrolw_65.tif,train,tyrolw,0.2446,-2.7251,-2.3529,-0.3353,-2.0352,0.0838,1.9343,-0.2785,0.0629,-4.1231,0.0019
piura_47.tif,train,piura,0.2100,4.7767,-1.0995,0.1232,-1.6208,-1.7157,-0.4724,-1.5377,-0.7904,0.6618,-0.8598
duesseldorf_65.tif,train,duesseldorf,0.2833,-3.9862,1.1561,3.5031,-0.8880,2.7245,-0.4171,-2.2045,1.4708,-0.4690,-0.5887
mazowieckie_18.tif,train,mazowieckie,0.2676,-4.1277,0.1113,4.0835,2.7204,1.4045,-1.2788,-2.3754,0.1683,2.1143,1.5867
kitsap_9.tif,train,kitsap,0.2392,3.6041,-1.9058,-0.9573,0.7328,-0.0981,0.2967,-0.0448,-1.8438,-1.6708,0.5604
chicago_34.tif,train,chicago,0.2616,6.0347,2.4476,1.5193,0.4658,-0.3632,-1.9275,-2.1669,-0.9429,0.2784,1.9788
bielefeld_29.tif,train,bielefeld,0.4428,-2.0020,-1.6444,1.2222,-0.9580,-2.1877,0.8746,-0.7885,0.9859,-0.4596,-2.4251
piura_13.tif,train,piura,0.6470,-2.4595,8.5319,-2.3382,-1.1595,-0.0453,6.5240,-1.5937,-2.4187,-1.2056,1.4143
muenster_13.tif,train,muenster,0.2532,2.3098,-1.4680,-1.0217,-0.2842,-1.0843,0.2085,1.1733,-0.6048,0.2435,0.2556
viru_16.tif,train,viru,0.4452,1.7564,1.7284,2.2975,-1.5607,-0.6426,-0.3303,0.9902,1.1194,-0.3779,0.9385
coxsbazar_28.tif,train,coxsbazar,0.2052,-5.8891,-0.6044,-3.7735,1.8346,-2.8668,-1.0367,0.9178,-1.8711,-0.3776,0.4505
tyrolw_43.tif,train,tyrolw,0.1777,-0.8687,-1.9091,3.2615,0.5993,2.1457,0.1972,1.0775,-0.5097,1.2403,-0.1707
pointenoire_1.tif,train,pointenoire,0.2190,5.4085,1.7408,1.4472,-0.5406,-0.7168,-1.7083,-0.7092,-0.6231,1.8650,0.8278
coxsbazar_78.tif,train,coxsbazar,0.2321,-3.9416,-2.0270,-0.3426,-2.2117,0.2779,1.2150,0.7536,1.5591,-1.4913,-0.3132
monrovia_36.tif,train,monrovia,0.4059,-2.6594,0.2170,-1.3269,-3.3116,0.6759,-0.6405,0.7892,2.4464,0.8887,0.4527
dhaka_31.tif,train,dhaka,0.1117,-1.1497,2.6399,-5.6452,-3.9101,6.4089,-4.1550,-0.1906,-3.2021,-0.7614,0.4791
paris_67.tif,train,paris,0.8581,-1.4143,3.1186,-0.3618,4.3426,-1.1846,-1.2530,-1.3731,2.0891,1.8487,1.7847
rotterdam_44.tif,train,rotterdam,0.3677,2.6998,1.0583,-0.4037,0.1142,-0.9458,-0.8024,2.2202,-1.0893,0.3304,0.5263
lambayeque_7.tif,train,lambayeque,0.1751,5.7357,-0.3500,1.1297,-1.5881,-0.9444,-0.9307,-1.4198,-1.3574,0.4531,0.5736
vienna_18.tif,train,vienna,0.2239,3.6616,-1.1306,-0.1962,-0.3049,-0.4610,-0.3339,0.5175,-1.2804,0.7161,-0.1710
bogota_2.tif,train,bogota,0.2689,3.8060,-1.3277,0.1079,-0.8951,-1.4837,-0.5288,-1.6742,-1.2574,0.8136,-0.8804
austin_21.tif,train,austin,0.1670,4.1219,-2.5373,-1.0797,1.1656,0.8548,0.0929,0.3089,-1.4313,0.7752,0.8236
christchurch_45.tif,train,christchurch,0.1412,-1.7799,-3.2560,-4.1066,2.5471,3.6449,0.2311,-1.7900,-0.4103,-0.0227,-0.2146
kyoto_53.tif,train,kyoto,0.5125,-1.3987,1.7534,0.7585,-1.1007,0.8944,0.6951,-0.8226,3.2069,-1.0613,-1.3883
kyoto_64.tif,train,kyoto,0.3772,2.8850,1.9586,1.2661,-1.1180,-1.3400,-0.6905,1.0676,1.4011,0.4202,1.2094
mahe_4.tif,train,mahe,0.3280,-2.9077,0.2927,-2.5099,-4.3534,-1.7247,-0.1931,-0.9781,1.9634,-0.7542,-0.0207
paris_61.tif,train,paris,0.3997,1.4288,0.4825,-0.5149,3.6611,0.1378,-0.6551,-2.1660,-0.3344,0.3430,0.4681
khartoum_44.tif,train,khartoum,0.4433,1.6424,1.3263,-0.7642,0.7304,-0.3854,-1.4271,1.4031,-1.0298,1.5306,0.9333
chisinau_26.tif,train,chisinau,0.2319,3.7406,-2.0936,-0.5621,-0.6649,-0.8847,0.4870,-0.0688,-1.0607,-0.5232,-0.8946
lambayeque_10.tif,train,lambayeque,0.2020,4.8489,-1.3703,0.3001,-1.7913,-0.8822,0.1451,-0.9713,-0.4888,-0.3010,-0.2109
paris_4.tif,train,paris,0.5619,0.5854,2.1336,-1.3783,1.0600,0.5265,-1.3667,-2.3064,-0.1685,-0.5186,-0.6208
dortmund_38.tif,train,dortmund,0.2949,-1.6851,-3.0129,1.3375,-1.3343,-0.9435,1.2532,-0.6638,1.1368,-0.8855,0.9434
ngaoundere_25.tif,train,ngaoundere,0.2599,1.2480,-0.6192,0.4449,2.3612,3.0029,1.5029,2.2482,1.2131,-0.3071,-0.0483
rio_56.tif,train,rio,0.2330,1.0512,0.9997,-0.6672,-0.4733,-2.5376,-1.9782,0.8117,1.0853,4.4926,0.8381
lodzkie_3.tif,train,lodzkie,0.2593,-2.2740,0.2903,4.5988,-0.5216,0.9873,-0.6442,2.4776,0.4086,2.5571,-1.7392
slaskie_23.tif,train,slaskie,0.1457,-2.9966,-4.1169,-1.3261,2.4717,0.2362,1.2795,0.9558,-0.0599,0.6467,-0.1683
dhaka_56.tif,train,dhaka,0.2220,-0.8046,0.3900,-3.6427,-3.3805,2.5252,-1.6061,-0.5711,1.1747,2.1071,0.6250
chisinau_41.tif,train,chisinau,0.2310,3.0482,-1.6287,-0.6528,-0.8052,-1.1401,0.2016,0.4375,-0.8612,0.1277,-0.5069
chiclayo_20.tif,train,chiclayo,0.0947,-5.4259,15.7820,-1.9758,-2.0067,-2.8908,24.8861,-5.9956,-14.6195,11.3576,8.1428
shanghai_43.tif,train,shanghai,0.4336,-0.7423,1.8561,2.3954,-0.6808,1.2091,-0.7684,-2.3402,1.2221,-1.3601,1.4779
kagera_51.tif,train,kagera,0.4073,-3.1370,-1.5260,1.4064,0.9360,-1.3022,0.2959,-2.4104,1.0763,0.6770,-1.4480
mazowieckie_26.tif,train,mazowieckie,0.0480,-5.9072,0.3321,4.2926,-0.5711,-1.5850,-2.1672,1.2413,-3.4725,0.0461,-1.4842
lambayeque_27.tif,train,lambayeque,0.2632,-2.1893,1.9922,1.3784,0.2747,2.1661,-0.2989,2.5360,-2.6684,-2.1796,-1.0135
ica_45.tif,train,ica,0.5354,2.6509,4.7671,0.5109,-1.1969,-0.8372,1.1496,1.7999,0.2105,-3.4577,-0.6841
kagera_41.tif,train,kagera,0.4377,-3.6950,-0.0261,1.5191,0.9207,-1.3835,-0.3007,-0.4164,1.7531,1.9303,-0.4773
austin_10.tif,train,austin,0.2457,1.7148,-0.2381,-3.3161,-2.3941,3.3164,-1.9389,-1.8056,-1.7549,-1.0855,1.4802
kagera_56.tif,train,kagera,0.3531,-4.2446,-0.5602,1.6865,1.1685,-0.8296,-0.4768,-0.2966,1.1122,1.8591,1.1771
malopolskie_16.tif,train,malopolskie,0.1388,-3.5566,-2.4613,4.2078,0.6896,0.8901,-0.3298,-2.8089,-1.1773,0.8876,-1.0146
lima_41.tif,train,lima,0.7565,0.7281,8.5323,0.6783,1.8089,-1.2320,0.0490,2.4560,0.5025,-1.6915,-2.4912
lambayeque_14.tif,train,lambayeque,0.2985,4.1921,-0.1335,-0.0985,-0.6458,-1.6944,-0.4334,-2.1866,-0.3327,-0.1972,-1.0468
podlaskie_3.tif,train,podlaskie,0.2575,-4.6303,0.9953,4.5735,0.7455,-0.7429,-1.9621,-0.5385,-0.3997,2.8877,-0.5082
pisco_27.tif,train,pisco,0.4586,-0.7201,1.5793,1.7187,-0.7484,1.1455,1.4072,2.0940,1.8230,-2.6759,1.4775
svaneti_66.tif,train,svaneti,0.0998,-5.1255,0.4458,-2.9018,7.7915,0.4558,-0.8908,-0.0182,-1.0255,-0.7025,2.2135
lima_1.tif,train,lima,0.3259,3.4970,0.9134,0.5695,0.5054,1.8405,1.3739,0.4733,1.8193,-2.0727,1.0991
dortmund_1.tif,train,dortmund,0.2069,-1.7040,-2.7124,2.8685,0.7928,1.6272,0.5042,-1.3797,-0.4985,-0.3308,0.8769
mahe_52.tif,train,mahe,0.2063,1.2965,-2.8371,-1.0345,-1.4593,-1.5629,1.2422,0.8762,0.5799,-0.0590,-0.3937
dhaka_37.tif,train,dhaka,0.2273,1.0557,-0.0975,-3.0187,-0.9346,3.5692,-1.6101,-0.5013,0.1103,2.1888,-0.1129
chisinau_45.tif,train,chisinau,0.2351,2.3521,-0.9953,-0.7052,-1.2185,-1.5966,0.1097,1.9746,-0.0918,1.1620,-0.3825
daressalaam_70.tif,train,daressalaam,0.3519,3.7330,0.5086,0.2481,-1.4578,-2.2580,-0.6274,-0.6168,-0.6847,0.0481,-1.1961
mahe_61.tif,train,mahe,0.1690,-0.6496,-3.9845,-1.7510,-0.6930,-1.8799,1.3229,0.1250,0.1536,-0.3932,0.5438
chicago_6.tif,train,chicago,0.3306,2.6888,-0.4803,-1.1075,1.0852,0.2360,0.1249,-0.4429,-0.6184,-1.9453,1.2123
warminsko-mazurskie_8.tif,train,warminsko-mazurskie,0.4660,-5.3260,5.2377,-0.7855,-2.7571,2.7212,-3.5614,0.3871,2.3018,1.5955,2.0508
pisco_37.tif,train,pisco,0.5499,-1.9553,3.4774,2.3128,-0.8866,1.2870,4.0429,-0.5785,0.4636,-2.0232,-0.6180
ica_42.tif,train,ica,0.4064,2.4870,2.2160,1.8935,-1.6807,0.2458,0.9210,1.4261,1.0611,-1.5070,-0.6747
lohur_16.tif,train,lohur,0.3857,-0.5782,-0.1287,-0.4916,-0.3933,0.5698,0.3857,-0.7600,2.1921,-1.0176,1.6964
daressalaam_79.tif,train,daressalaam,0.2036,3.6582,-1.5238,-0.2337,-0.7496,0.1469,0.7634,1.8587,-0.7433,-0.4652,-0.8989
wielkopolskie_6.tif,train,wielkopolskie,0.0539,-1.7672,-0.1052,6.1072,1.3293,2.9800,-0.8201,-0.8187,-1.3869,0.8294,-2.5153
khartoum_25.tif,train,khartoum,0.3621,3.1628,1.1178,0.0732,-0.9638,-0.8264,0.0241,-0.4555,-0.5509,-1.9313,0.8058
chisinau_67.tif,train,chisinau,0.2806,1.3082,-1.2856,-1.5223,0.9514,-1.1332,-0.0542,0.4971,-2.8143,-3.2296,1.0696
christchurch_67.tif,train,christchurch,0.0910,-6.0941,6.9205,-6.7116,-5.6823,2.1508,-6.4146,-1.3808,-2.8559,-1.1825,0.2451
shanghai_44.tif,train,shanghai,0.4966,-1.9561,3.7930,2.0063,-1.0159,0.7122,-2.4213,-0.1965,1.9635,2.2500,1.5666
lubuskie_10.tif,train,lubuskie,0.4724,-4.4096,-0.2605,-1.0950,0.6335,0.1100,-0.5527,-1.0304,-0.1566,-1.1665,-0.3646
vienna_8.tif,train,vienna,0.2627,1.5075,0.4438,-1.1903,2.4979,0.8313,-0.5603,4.0843,-2.8306,-1.1443,0.7794
ulaanbaatar_44.tif,train,ulaanbaatar,0.3227,3.1532,2.3088,-1.0513,-0.2658,2.1902,-0.5862,2.1035,-0.7314,-1.3328,-2.9664
daressalaam_5.tif,train,daressalaam,0.1702,-2.2112,1.8767,-5.7724,-3.9876,5.8874,-2.0465,-0.7780,-0.0996,1.1215,-0.1531
chisinau_5.tif,train,chisinau,0.1763,3.5596,-0.3739,0.9257,-3.1762,-1.8889,-0.3507,1.4272,0.6497,1.2957,1.2531
ica_40.tif,train,ica,0.5162,-1.4523,3.2109,1.0662,1.9268,2.4248,2.8790,-0.0933,3.3691,-1.0115,-0.4664
coxsbazar_64.tif,train,coxsbazar,0.1992,-3.1193,-3.0282,1.7122,-2.0362,0.1246,0.3352,-1.1921,0.4957,0.1251,0.5700
khartoum_65.tif,train,khartoum,0.4031,3.5839,3.9942,1.1922,-0.2868,-1.6039,-1.8919,1.1694,0.0028,1.6619,-1.0275
accra_11.tif,train,accra,0.5061,2.7101,3.0673,0.2781,0.6587,-2.2280,-2.1786,-1.2652,-0.7883,0.4059,1.5821
tyrolw_4.tif,train,tyrolw,0.2672,-5.4016,-0.3527,1.0509,-3.5772,-0.4707,-0.5805,-1.6616,1.9235,1.0423,0.8098
chiclayo_50.tif,train,chiclayo,0.1250,-1.0230,0.8494,6.6379,0.4285,2.0019,-1.6507,-1.5789,-1.6475,1.5262,-1.4962
pisco_9.tif,train,pisco,0.4218,-3.3158,2.9093,1.7500,0.4926,1.2906,-1.4047,1.4646,-2.4738,-3.6693,2.8466
baybay_48.tif,train,baybay,0.1417,-1.2854,-3.4429,4.0104,-0.5610,1.7360,0.7191,-0.5786,-2.0447,-0.9008,-1.4543
accra_16.tif,train,accra,0.2633,2.7139,-0.4063,-0.8394,1.7518,0.5882,-0.1188,2.0429,-1.5832,-0.0716,0.1307
monrovia_19.tif,train,monrovia,0.2363,3.5689,-0.3606,-0.0487,-0.2884,-0.4032,-0.5499,1.7866,-1.5768,0.8076,-0.4989
rio_46.tif,train,rio,0.3410,2.4392,0.7779,-0.6077,0.0029,-1.7984,-0.8609,0.1812,0.3464,1.3695,-0.0564
daressalaam_76.tif,train,daressalaam,0.2050,0.5814,-1.3460,-3.5899,-2.4524,2.9137,-1.7132,-1.1169,-0.4814,2.3619,-0.1978
tokyo_42.tif,train,tokyo,0.3869,0.8542,0.6815,-0.8717,-0.4023,0.3890,1.3982,1.5454,2.8886,-1.2859,0.9232
dolnoslaskie_37.tif,train,dolnoslaskie,0.1830,-5.9970,-0.4385,-4.9877,-0.6606,2.7658,-2.2021,-1.9400,-2.9059,-1.2664,-0.3889
bielefeld_32.tif,train,bielefeld,0.3429,-0.6258,-1.6427,2.4424,0.6290,0.6725,0.4105,-1.0355,-0.6719,-1.1824,-0.0988
shanghai_6.tif,train,shanghai,0.4750,1.9268,3.1981,2.2049,0.5099,-1.6720,-2.0255,-1.7736,0.3038,1.8219,-2.8189
pomorskie_8.tif,train,pomorskie,0.2310,-3.5799,0.2966,4.3338,-2.8636,-1.6644,-0.5432,0.8279,0.3852,0.1123,-0.6287
slaskie_13.tif,train,slaskie,0.2497,0.2466,-3.2613,1.1100,0.8770,1.3949,1.2093,0.3619,-0.2670,-0.4710,0.4246
vienna_10.tif,train,vienna,0.0696,-6.3784,4.5692,-7.2503,-2.6870,4.7367,-6.2378,-0.8551,-3.6442,1.8328,0.4811
zanzibar_3.tif,train,zanzibar,0.3700,-5.1658,1.0359,-0.3939,1.7364,-2.0527,-0.6393,2.0432,-0.1655,-0.9232,0.2293
vienna_56.tif,train,vienna,0.2443,3.4138,-1.5452,-0.4648,0.3339,0.2368,0.4687,0.0747,-0.5791,-0.6877,0.4064
kagera_1.tif,train,kagera,0.3706,-3.8969,-0.8316,1.1337,1.0361,-1.3955,0.0139,-0.7501,2.2078,2.3865,-0.5341
sechura_35.tif,train,sechura,0.1987,5.2907,0.5470,0.8833,-1.2018,-0.2995,-0.6770,1.3082,-1.5082,0.2083,0.5702
dortmund_24.tif,train,dortmund,0.2917,0.4724,-2.4405,0.0553,-0.0076,-0.2112,1.4819,-0.3533,1.4918,-1.1123,0.6306
lambayeque_33.tif,train,lambayeque,0.2962,2.1409,-0.2032,2.4177,-0.8021,0.3051,0.0219,0.9048,-0.5536,-0.2926,-1.4281
sechura_19.tif,train,sechura,0.2598,2.8976,2.2053,-2.1014,-3.4264,3.9008,-1.0133,0.1938,0.6406,0.2139,-1.4367
santiago_34.tif,train,santiago,0.4694,2.4679,1.7784,-0.3930,-0.5526,-1.1962,-0.3829,-1.0455,1.4901,-0.3467,-0.8892
zanzibar_144.tif,train,zanzibar,0.3239,-0.5995,-0.6340,-1.6591,-0.1893,-1.6427,1.1036,0.5811,0.5305,-1.6519,-0.3282
vienna_12.tif,train,vienna,0.2503,2.1986,-2.4058,-0.7892,-0.5100,-0.9609,0.8997,-0.6320,0.1131,-0.5467,-0.1917
wielkopolskie_19.tif,train,wielkopolskie,0.1885,1.1677,-2.7941,-1.3316,2.2851,1.3555,1.1544,1.5593,-0.3914,0.0428,0.0992
santiago_37.tif,train,santiago,0.2856,3.6334,0.0863,-0.1945,0.4956,-1.2647,-0.9786,-2.1452,-0.4543,0.6872,-0.2063
tonga_12.tif,train,tonga,0.3524,0.1770,0.2328,-2.7631,0.7028,2.6240,-0.8242,-0.9898,0.8549,0.9078,0.0606
melbourne_15.tif,train,melbourne,0.2736,3.2474,-1.1989,-0.2978,0.4104,-0.0341,0.6105,-0.8760,0.2128,-0.5033,-0.5275
svaneti_6.tif,train,svaneti,0.1621,-4.1490,-2.4545,-1.2960,-1.6711,-4.1356,0.1436,-0.0580,0.5443,-0.5234,2.1397
ulaanbaatar_20.tif,train,ulaanbaatar,0.2837,5.2317,2.9517,1.3031,1.5542,1.0816,-0.5971,0.4875,-0.4374,-0.9395,-1.7117
rotterdam_46.tif,train,rotterdam,0.4370,0.8341,1.4252,-1.2314,2.5631,-0.6796,-1.0718,0.9762,-3.0977,-2.6566,0.6165
wielkopolskie_10.tif,train,wielkopolskie,0.1179,-2.1899,-2.4325,4.1000,1.3757,3.8133,0.6980,-0.1541,-1.2072,0.0291,-0.5040
niamey_9.tif,train,niamey,0.2766,2.8308,-0.7951,0.8779,-1.7107,-0.8214,0.4762,1.2774,0.5080,-0.4200,0.7523
dhaka_18.tif,train,dhaka,0.2337,1.9082,0.0098,-2.3955,-2.1532,2.3513,-1.7328,-0.9942,0.0360,2.3215,-1.5216
kitsap_50.tif,train,kitsap,0.2207,3.2760,-2.3023,-0.9242,1.3942,1.2816,1.2355,0.4956,-0.9602,-1.8423,0.2125
ngaoundere_49.tif,train,ngaoundere,0.4198,-0.0543,-0.9521,0.5268,2.5061,1.4624,0.9444,0.8565,1.1926,-0.0062,1.0842
ngaoundere_38.tif,train,ngaoundere,0.4270,1.2768,1.1008,-1.1920,-1.7024,1.9542,2.9425,0.6192,2.3507,-1.0783,-2.5640
lima_8.tif,train,lima,0.3206,1.8750,0.4202,-1.0167,-1.0945,2.0592,1.3836,1.0386,1.5694,-3.0704,0.4409
santiago_31.tif,train,santiago,0.3593,2.2039,0.7130,0.1940,-0.3530,-1.3751,-0.4492,-0.6752,0.7141,0.3256,1.0641
shanghai_57.tif,train,shanghai,0.4124,2.9921,2.5816,0.6126,0.1111,-1.1845,-1.2908,-0.7186,0.5330,0.1418,1.5514
shanghai_50.tif,train,shanghai,0.4416,0.1834,2.0607,-1.5033,-0.1646,2.2519,-2.3602,-1.2866,-0.1773,1.0898,1.4602
daressalaam_8.tif,train,daressalaam,0.2365,-0.3941,-1.9333,-1.9992,1.8767,0.7510,2.0077,0.4014,1.1326,-1.0273,-0.3427
christchurch_8.tif,train,christchurch,0.1943,1.1344,-3.4898,-1.5315,2.9070,1.2235,1.2269,-0.9385,-0.5568,-0.5237,0.1187
daressalaam_39.tif,train,daressalaam,0.4070,1.7713,0.8249,-0.6371,0.0560,-0.8706,0.5788,-1.5226,1.9942,0.2358,-0.7820
coxsbazar_3.tif,train,coxsbazar,0.3845,-1.3675,0.6179,0.1875,1.0289,-0.4157,0.2479,1.6053,2.6057,0.7454,1.7444
dolnoslaskie_36.tif,train,dolnoslaskie,0.3973,-2.8466,3.2087,-4.6457,-2.7061,2.5907,-0.4447,0.3423,-1.0195,-3.6676,0.0404
lima_21.tif,train,lima,0.2361,4.5171,4.8910,1.8740,2.4415,1.1121,-2.3322,3.4534,-2.0994,1.1164,0.1767
kagera_23.tif,train,kagera,0.3687,-4.1281,-0.6495,-0.8570,2.1264,-1.5808,0.2712,1.4794,2.3378,2.0019,0.0905
muenster_32.tif,train,muenster,0.2931,0.5776,-1.9368,0.1371,0.2153,0.0065,0.8338,0.1309,0.7849,-0.1316,0.7765
malopolskie_9.tif,train,malopolskie,0.0781,-1.6690,-2.2202,5.2838,0.3996,2.5748,-0.0094,-1.9501,-1.7651,-0.1053,-0.9517
mahe_33.tif,train,mahe,0.2448,0.8533,-1.8221,-1.2392,-1.5279,-1.7051,1.3108,0.5913,0.8578,-0.2871,-1.4216
accra_50.tif,train,accra,0.3796,2.5292,1.5565,0.1067,-0.1492,-0.7090,0.2521,1.7196,0.0760,-1.3366,-1.0708
chisinau_10.tif,train,chisinau,0.1592,5.2182,-1.2582,0.6045,-1.0007,-0.5077,-0.6798,0.2629,-2.4004,0.2540,1.1098
zanzibar_137.tif,train,zanzibar,0.4690,-2.1912,2.0993,-3.1418,1.4907,2.5367,-0.4001,-0.4664,2.5382,0.3860,1.2478
daressalaam_83.tif,train,daressalaam,0.2120,3.4452,-1.7241,-0.7045,0.0519,-0.5105,-0.4338,0.3713,-1.0988,1.7309,0.1306
chiangmai_10.tif,train,chiangmai,0.2180,-1.3432,-2.0346,-3.4155,-3.5145,0.2595,-0.8653,-0.3509,-0.9300,-0.3225,0.2790
rio_48.tif,train,rio,0.3350,3.1570,1.6865,0.1825,0.3788,-1.5706,-1.4441,-1.1427,0.4375,1.9845,0.0785
dolnoslaskie_23.tif,train,dolnoslaskie,0.3115,-1.7390,-2.5595,-0.4155,2.4510,0.0877,0.8218,-0.7471,-0.0861,-0.2925,-0.5229
daressalaam_69.tif,train,daressalaam,0.3305,2.7105,-1.2491,-0.4099,-0.8964,-1.6846,0.2932,-1.3719,-0.1690,-0.4482,-1.1016
kagera_28.tif,train,kagera,0.4826,-3.1667,0.3078,0.4089,-0.0263,-2.2390,-0.0437,0.8575,3.0509,1.6230,2.3329
chiclayo_5.tif,train,chiclayo,0.2446,2.8986,6.4406,-0.2280,-3.9143,0.0981,13.4535,0.8924,-6.4387,6.0348,1.1623
zanzibar_38.tif,train,zanzibar,0.3468,-5.4801,-0.1701,1.3046,0.2900,-2.6102,-0.9610,0.0361,-0.3834,0.9554,-0.0032
bielefeld_31.tif,train,bielefeld,0.3350,-1.1521,-1.2881,1.9799,0.9943,0.7321,0.8029,-1.0097,0.6091,-0.8770,-0.7712
dhaka_60.tif,train,dhaka,0.2378,0.4404,0.0218,-2.5278,-1.1836,1.0489,-1.6909,-1.1551,1.2484,3.4068,0.3079
zanzibar_1.tif,train,zanzibar,0.2033,-1.9295,-2.6772,-2.5768,1.6434,-1.4630,0.8060,2.1290,-0.2312,0.5821,-0.5480
chincha_24.tif,train,chincha,0.3692,1.3378,0.4676,1.9410,-1.3028,1.6250,0.4996,0.7776,0.5235,-2.3773,0.3029
khartoum_39.tif,train,khartoum,0.4238,1.7931,5.3195,0.4250,0.0447,-1.3150,-2.8119,4.0962,-1.3598,1.0773,1.2812
ngaoundere_66.tif,train,ngaoundere,0.4611,1.6720,3.2673,-0.7884,0.0543,0.6230,3.3168,1.3511,0.6939,0.2996,-2.3887
tonga_63.tif,train,tonga,0.3171,2.1129,-0.9390,-0.4281,1.5378,0.4017,0.6218,-0.8274,0.6886,-0.1670,0.4027
piura_26.tif,train,piura,0.3617,4.2517,1.4794,0.7212,-1.2888,-2.1481,-1.1914,-1.8112,-0.6571,-0.8328,0.7397
monrovia_37.tif,train,monrovia,0.2925,1.9092,-1.4710,-0.0623,-0.9656,-0.8867,0.9794,1.3639,0.8954,-0.3149,-0.4585
slaskie_2.tif,train,slaskie,0.1000,-5.4951,-1.2578,0.0159,5.0806,0.1918,-0.4799,1.3915,-0.9517,1.9765,-2.2350
bielefeld_21.tif,train,bielefeld,0.3173,1.7214,0.0419,-0.7580,0.8065,-0.4009,0.2853,1.4984,0.6843,0.5041,-0.8573
santiago_66.tif,train,santiago,0.3626,-2.8128,-0.0928,-2.1629,-0.6377,-3.5512,-0.1778,0.2978,1.3043,0.0635,-0.3457
swietokrzyskie_36.tif,train,swietokrzyskie,0.1337,-0.7774,-2.4378,4.6464,0.5474,3.0280,0.1876,0.0695,-1.6507,0.2624,-0.5139
lima_25.tif,train,lima,0.1121,3.1917,9.4069,-0.2043,-1.7015,1.3642,13.0661,2.8752,-9.2948,4.5848,-1.2292
slaskie_6.tif,train,slaskie,0.2829,-6.4267,5.1116,-6.3146,-2.1038,2.8636,-1.8797,0.3130,-3.4695,-2.0013,0.3266
dortmund_43.tif,train,dortmund,0.1522,-2.9471,-2.7989,-2.2340,-1.2333,-4.1690,-0.1581,2.2936,-0.1740,2.2357,-0.0495
aachen_67.tif,train,aachen,0.2058,-2.6940,-2.3588,2.7326,-2.6242,-1.6752,0.4146,-1.1219,0.6478,-0.5430,1.4408
santiago_22.tif,train,santiago,0.4257,-1.7419,1.4192,-2.5597,2.9687,2.9974,0.0650,-1.5189,0.7930,-1.1250,0.9572
ngaoundere_4.tif,train,ngaoundere,0.3722,0.5115,-1.2805,0.2262,1.5353,0.8805,0.8902,1.5437,0.4699,0.7067,-1.0617
mahe_9.tif,train,mahe,0.2121,1.3713,-3.1978,-2.6732,-0.3534,2.1523,0.5503,-0.0409,-0.5736,-0.4490,0.1694
santiago_17.tif,train,santiago,0.3562,0.8531,-0.9089,-1.0404,0.4609,-1.4076,0.6372,-0.7693,1.1704,-0.3636,-0.3399
lambayeque_48.tif,train,lambayeque,0.2925,2.9742,-0.3048,-0.1492,-0.9183,-1.2237,-0.2457,1.4065,-0.5415,1.1544,-0.7450
santiago_44.tif,train,santiago,0.3279,-1.9016,-0.2033,-2.7957,0.3112,-2.1092,-0.1692,-3.6156,-2.2619,-5.0624,0.8974
pisco_12.tif,train,pisco,0.8196,-5.0956,10.0871,-2.1023,-0.0155,-1.9011,1.9896,-2.1759,0.2676,-1.5229,0.4381
tokyo_51.tif,train,tokyo,0.3116,-0.0151,0.4124,3.1238,-1.0301,0.5314,0.0595,0.9815,0.6656,-0.4421,1.4221
ngaoundere_11.tif,train,ngaoundere,0.3227,2.8988,0.2415,1.8554,-1.8874,-1.0151,0.0376,0.6244,0.7964,0.1152,-0.5256
slaskie_1.tif,train,slaskie,0.1924,-0.8298,-3.1372,2.7819,0.7044,2.0704,0.8888,0.1888,-1.0430,-0.1188,-0.8573
svaneti_2.tif,train,svaneti,0.3806,-1.7420,-0.4260,-2.1523,-0.9403,-0.5680,1.7501,0.9428,3.1664,-1.5597,-0.2410
muenster_44.tif,train,muenster,0.1817,-2.1759,-2.8691,0.8131,1.5406,1.9150,1.1828,2.1647,-0.7303,-1.4471,0.7484
ngaoundere_15.tif,train,ngaoundere,0.4129,0.7259,0.7233,0.5183,0.3362,0.2667,0.7391,1.0960,1.2981,-0.8045,-0.8629
dortmund_30.tif,train,dortmund,0.2627,2.0807,-2.5217,-1.1951,1.4707,0.1508,0.9033,-0.8651,-0.2614,-0.8269,-0.0380
daressalaam_16.tif,train,daressalaam,0.4298,1.8116,1.3585,-0.7456,-1.0583,-0.7854,2.2666,0.1695,1.2418,-1.6034,-1.0948
wielkopolskie_39.tif,train,wielkopolskie,0.0857,-2.0729,-3.9434,3.9487,0.2832,2.7637,1.1161,-0.9123,-1.3649,-1.2730,-0.2892
tyrolw_39.tif,train,tyrolw,0.2095,-1.0364,-2.1839,2.4659,-1.3965,0.2010,0.5033,1.9411,-0.4402,-0.1321,0.4606
lohur_6.tif,train,lohur,0.1441,-3.1317,-0.2207,5.4913,0.1613,1.7806,-0.5206,-1.4285,-0.9298,-0.9241,-0.1601
rio_55.tif,train,rio,0.3461,1.8488,0.9074,-1.0408,1.6991,-0.8663,-1.0092,-0.1509,0.7634,1.9438,1.3066
zanzibar_136.tif,train,zanzibar,0.3939,-2.6441,1.5868,-1.7997,4.7162,-0.7636,0.4778,2.2491,-1.6112,2.3250,-0.0793
chiclayo_38.tif,train,chiclayo,0.4429,3.3003,4.9216,0.3950,-0.0376,2.6372,0.3294,0.8581,1.3951,-0.4698,-1.2767
kujawsko-pomorskie_13.tif,train,kujawsko-pomorskie,0.2527,1.5819,-0.3853,-0.9314,5.8104,1.9056,-0.6089,-1.0021,-0.6924,1.5561,0.1804
rio_17.tif,train,rio,0.3314,3.9883,0.9295,-0.2905,3.1094,0.1509,-1.4629,-2.9238,-1.1870,0.6731,0.1538
chisinau_35.tif,train,chisinau,0.2523,2.3453,-1.2783,-0.7072,-1.8913,-2.6344,0.2459,-0.0523,0.3146,0.5730,-1.0864
pomorskie_34.tif,train,pomorskie,0.3581,-2.3513,0.2687,-1.0553,-1.1672,-4.3152,-0.6612,0.9283,0.8811,0.7560,1.5267
ica_23.tif,train,ica,0.1388,-2.0576,0.3125,5.6100,-1.3885,1.0370,-1.2884,1.1708,-2.9328,-1.1306,0.5616
tokyo_33.tif,train,tokyo,0.4784,-0.7368,1.2932,0.9209,-0.2541,-0.0023,1.1034,-0.1126,3.2725,-1.9552,1.9197
chiclayo_37.tif,train,chiclayo,0.8212,-3.0560,12.4030,-0.4244,-0.0570,-3.5454,14.8535,-5.0773,-5.9882,9.9826,7.8547
santiago_29.tif,train,santiago,0.4215,-1.0272,-1.4289,-2.0482,-0.8492,-1.5094,0.5207,-0.7696,0.4185,-1.0617,-2.1126
muenster_40.tif,train,muenster,0.2728,0.4493,-2.0690,1.9137,-1.6100,-0.1302,0.8882,0.7165,0.6329,-0.2900,0.0717
chicago_26.tif,train,chicago,0.3211,4.7794,-0.3237,-0.5754,0.2782,-1.0391,-0.4172,-1.5569,-1.5848,-2.0305,0.4423
monrovia_20.tif,train,monrovia,0.2219,3.3707,0.0790,-0.3597,-0.9745,-0.9689,-0.4103,3.2603,-0.4838,1.8563,-0.9905
slaskie_11.tif,train,slaskie,0.4714,-2.0297,-0.1017,3.3326,1.8039,1.9377,0.1493,-0.3428,0.4942,-0.3378,1.0944
svaneti_28.tif,train,svaneti,0.3921,-5.7396,1.0925,-3.0514,-0.1132,-5.0134,-0.4737,-0.4700,-1.2666,-2.1132,-1.7899
kyoto_49.tif,train,kyoto,0.3691,3.2800,1.8300,1.3737,0.5459,0.6964,0.0011,0.6045,1.6214,-1.1109,1.8582
rio_25.tif,train,rio,0.3475,3.3432,5.4548,0.9533,0.7350,-1.2153,-1.8882,4.2550,-0.1363,1.5200,-2.4552
tyrolw_45.tif,train,tyrolw,0.2994,1.2753,-1.2231,0.9843,-0.0792,0.5968,0.9033,0.6061,1.0393,-0.6730,0.9241
kitsap_7.tif,train,kitsap,0.2292,-0.8269,-2.9719,-2.0426,0.4902,-1.5017,1.4041,0.2775,0.4270,-1.1147,-0.1949
sechura_33.tif,train,sechura,0.4640,1.2774,1.6484,-1.3839,-2.2860,-0.1832,0.6679,-1.8292,2.5933,-1.0699,-1.7998
shanghai_17.tif,train,shanghai,0.3610,0.9766,1.3999,1.6408,-1.9161,1.3056,-1.8244,-2.6094,0.7117,1.2408,1.4602
accra_4.tif,train,accra,0.3358,3.2486,-0.1145,-0.2251,0.2524,-0.5051,-0.1101,-0.5877,-0.7815,-1.2808,0.3051
duesseldorf_37.tif,train,duesseldorf,0.2508,3.4737,0.2722,-0.0834,0.4915,-0.4426,-0.8227,0.4342,-0.1404,2.0044,0.3012
rio_1.tif,train,rio,0.3350,-1.3374,1.2347,-1.7633,3.4533,-0.0687,-0.2940,3.8086,-0.8912,-0.5650,0.3033
accra_13.tif,train,accra,0.3773,3.2412,1.2905,0.2208,-0.5382,-2.3373,-1.5611,-2.4824,-0.3864,0.3731,1.1196
dortmund_54.tif,train,dortmund,0.2809,0.2570,-2.5146,-1.3993,1.0226,-0.8524,0.7084,-0.7420,-0.3116,-0.5480,0.1459
ulaanbaatar_17.tif,train,ulaanbaatar,0.3607,4.5677,3.7976,1.1579,1.6285,0.2455,-1.0208,1.1187,-0.7742,-0.3493,-2.5108
khartoum_22.tif,train,khartoum,0.4727,2.2413,3.0542,0.4688,-1.6743,-2.7981,-0.7743,-1.6794,1.4075,0.8034,-0.9587
kyoto_54.tif,train,kyoto,0.3358,3.7962,1.0597,1.9348,-1.7138,-0.7924,-0.2539,0.3672,0.7052,-0.7078,1.2299
svaneti_9.tif,train,svaneti,0.3073,-0.8059,-2.1303,-0.3105,0.3384,0.4513,1.5167,0.4667,2.3560,-0.2008,-0.0623
zanzibar_9.tif,train,zanzibar,0.2510,-4.4669,-1.5223,0.5708,2.2746,-0.5084,-0.2788,1.4901,-0.4474,1.8574,-0.5437
ica_18.tif,train,ica,0.2349,4.2497,0.3010,0.4102,-0.7918,-0.4977,-0.6879,1.6890,-2.0130,-0.3396,0.5993
ulaanbaatar_41.tif,train,ulaanbaatar,0.4279,4.2619,3.4519,0.7122,1.9268,0.0871,-0.5730,0.4704,0.2274,-0.2444,-2.8120
mazowieckie_40.tif,train,mazowieckie,0.1614,-2.6141,0.4854,3.2459,3.6263,3.1612,-0.8771,1.8473,-1.5643,0.5634,0.5855
ica_8.tif,train,ica,0.3886,3.1472,2.5742,0.2509,-1.8034,-0.6031,0.9637,1.7917,0.5632,-3.0411,0.2043
khartoum_57.tif,train,khartoum,0.5856,0.7402,6.5310,0.1161,-0.1521,-0.9023,-1.0272,2.3885,1.1169,0.8295,0.0434
coxsbazar_8.tif,train,coxsbazar,0.3153,-7.7869,1.6258,-0.5584,0.2627,-1.7143,-1.1705,0.1764,-0.9107,-2.9254,0.1493
viru_30.tif,train,viru,0.2902,3.7835,2.6305,2.2219,-1.7843,0.4346,0.6096,1.9239,1.5904,-0.6692,1.0552
swietokrzyskie_8.tif,train,swietokrzyskie,0.2198,-2.8154,-3.4021,1.0506,1.8364,1.0514,0.9199,0.3022,-0.4414,0.0458,-0.1354
ica_6.tif,train,ica,0.5408,0.0372,0.4636,0.6946,-1.3180,-0.7186,0.6400,0.4602,2.7989,-0.4683,0.1432
tonga_21.tif,train,tonga,0.3863,1.3876,-0.6875,-1.0480,1.7485,-0.7078,0.7501,-0.3559,0.9278,0.4633,-2.7379
shanghai_48.tif,train,shanghai,0.4101,1.7247,1.8825,0.9753,-0.1174,-0.9631,-0.9861,1.1497,0.1361,0.8241,-0.2636
baybay_52.tif,train,baybay,0.0866,-1.4810,-1.8927,5.3601,-1.6784,1.4842,-0.0756,0.3222,-2.1733,-0.5338,-1.2749
soriano_13.tif,train,soriano,0.2767,2.3817,-1.9564,-0.7696,1.9654,0.8173,0.5362,-0.9028,-0.4651,-0.4521,1.0491
shanghai_61.tif,train,shanghai,0.3363,2.7028,1.3884,0.3663,0.7211,-0.7649,-1.1616,-1.2419,0.6790,1.9569,0.7263
dortmund_14.tif,train,dortmund,0.2713,0.7349,-1.6922,-1.2771,-0.7382,-2.3669,0.1800,0.5912,-0.4460,0.3280,-0.3354
tyrolw_48.tif,train,tyrolw,0.2956,-1.4027,-3.1275,-1.5913,-0.7985,-2.6074,1.4870,-0.7251,1.1174,-0.5883,-0.8821
malopolskie_37.tif,train,malopolskie,0.1335,-3.2865,-2.0578,-0.0951,-2.6663,-3.3945,-0.0092,2.3017,-1.3893,-1.2547,0.7750
mahe_27.tif,train,mahe,0.1944,-0.1694,-1.7503,-4.3005,-2.8068,3.3847,-0.6297,0.3378,-0.4077,0.4377,-0.7914
muenster_34.tif,train,muenster,0.2483,1.1460,-2.3746,-1.0688,-0.1211,-0.9401,0.7686,0.2098,-0.0135,-0.2246,0.4365
melbourne_54.tif,train,melbourne,0.2512,3.8802,-0.5799,-0.6631,2.1021,1.1457,-0.1082,1.0694,-2.0099,-1.1467,1.2630
koeln_68.tif,train,koeln,0.2646,-0.4087,-1.7879,-1.5867,-0.7290,-2.4779,0.5753,0.4919,0.4976,-0.5755,0.6108
zanzibar_7.tif,train,zanzibar,0.2340,-6.4948,1.1393,-0.0284,1.6111,-2.5125,-1.2530,1.9367,-2.4886,-2.7432,0.8393
coxsbazar_58.tif,train,coxsbazar,0.1718,-3.3359,-3.0053,1.7251,-2.7488,0.8374,0.0417,-0.8881,-0.1356,0.1933,-0.3182
shanghai_22.tif,train,shanghai,0.4043,2.2917,2.6886,0.1804,2.4464,-0.8273,-1.7385,0.5126,0.8939,4.0222,-2.1841
vienna_1.tif,train,vienna,0.2348,3.2533,-1.3027,-0.1489,-0.7128,-1.8023,-0.8679,-1.8876,-0.7777,1.5829,-0.2948
vienna_68.tif,train,vienna,0.2109,2.3319,-2.5960,-0.9248,-0.0233,-0.2458,0.5760,0.5971,-0.3452,0.5117,0.0205
ngaoundere_45.tif,train,ngaoundere,0.4322,0.4944,3.4895,0.0372,-3.4095,1.4974,8.2212,-0.5113,0.1036,0.8627,-1.0883
dolnoslaskie_20.tif,train,dolnoslaskie,0.4424,-2.7877,-0.8514,-0.4956,0.6011,-0.6487,0.7077,0.5126,0.4694,-2.0274,-0.3955
pisco_16.tif,train,pisco,0.2954,-2.3674,1.9023,5.5910,-0.0237,0.4288,-1.3002,-2.4920,-1.4053,-0.8738,0.7105
daressalaam_90.tif,train,daressalaam,0.2156,3.1272,-1.9786,-0.7872,-0.4954,-0.8180,0.0810,1.1652,-1.3078,0.7651,-0.8947
monrovia_32.tif,train,monrovia,0.3149,1.7116,-0.0729,-0.4662,-0.4220,-0.8475,0.7041,3.2383,1.4251,0.6629,-1.0571
slaskie_3.tif,train,slaskie,0.2582,-1.6126,-3.6417,-0.2824,2.6901,1.3859,1.6984,-0.6579,1.0707,-0.7280,1.6816
coxsbazar_29.tif,train,coxsbazar,0.1395,-5.4109,1.3914,-3.2583,7.1778,0.6549,-2.1506,0.1258,-2.9913,1.0104,-1.4097
christchurch_69.tif,train,christchurch,0.2363,2.4965,-2.4812,-1.1069,1.8591,0.9248,0.9548,-0.6137,-0.6054,-1.0596,0.6985
kyoto_3.tif,train,kyoto,0.3846,1.1936,0.6105,0.1582,1.3672,1.7456,1.4991,0.3965,2.3875,-2.6791,1.3171
tonga_66.tif,train,tonga,0.3063,2.0017,-0.3683,-1.1883,1.3102,2.3593,-0.1555,-0.0605,-0.3363,0.0308,0.2083
slaskie_29.tif,train,slaskie,0.3144,-2.9085,-1.5746,-1.7027,1.7303,-1.6226,0.2237,0.6857,1.5352,2.0625,1.3084
lima_13.tif,train,lima,0.7710,0.1059,10.2291,0.1223,1.6319,-1.9234,-0.0477,4.3098,1.2342,-1.4398,-2.4768
vienna_43.tif,train,vienna,0.2343,3.2576,-2.3735,-0.3072,-1.3830,-1.3941,0.3125,-1.5479,-0.3552,-0.1244,0.2505
rotterdam_30.tif,train,rotterdam,0.3566,1.4278,0.7139,-1.4254,-1.9296,-0.9561,-1.2489,-1.5685,1.0323,0.8841,0.3417
viru_1.tif,train,viru,0.2915,1.7211,-0.3550,3.1097,-0.8942,0.7380,0.2288,-0.7547,0.1610,-0.8370,-0.2861
vegas_22.tif,train,vegas,0.3875,3.1473,0.4920,-0.3137,-1.4508,-0.6187,-0.2338,-2.2019,-0.0952,-1.7625,0.0480
lohur_19.tif,train,lohur,0.4132,-1.7715,-0.1617,1.6180,4.4598,2.1320,-0.1795,-0.8975,0.1204,0.3329,1.3930
kujawsko-pomorskie_4.tif,train,kujawsko-pomorskie,0.2853,1.4456,-0.5573,-0.7537,4.5625,1.6261,0.0692,-1.1637,0.0405,0.3779,0.0477
melbourne_10.tif,train,melbourne,0.2886,3.8564,0.7458,0.4830,-1.1827,-1.9826,-1.3555,-1.2712,-0.5097,0.7800,1.2907
kyoto_34.tif,train,kyoto,0.2843,0.2454,-1.6335,-0.6404,-0.5126,-0.9271,0.8155,0.7122,0.7790,-1.7587,2.8259
dhaka_11.tif,train,dhaka,0.2299,3.4131,-0.5532,-0.1724,0.4244,-0.4794,-0.6852,0.1721,-0.5460,2.4332,-1.4466
shanghai_27.tif,train,shanghai,0.2975,3.7244,4.6811,1.4252,1.2160,-0.3856,-2.0804,1.7684,-1.9867,-0.3757,-0.3649
austin_35.tif,train,austin,0.3175,0.1418,-1.7973,-1.5910,1.5175,-0.0658,1.5977,-2.0638,1.0645,-2.1335,-0.0261
pisco_44.tif,train,pisco,0.2133,4.1957,0.2543,-0.3494,-0.7482,1.5236,-0.0242,1.4794,-0.8375,-0.8384,-0.6558
dhaka_52.tif,train,dhaka,0.2627,1.4814,-0.4900,-2.3849,-1.4645,1.2991,-1.1365,-1.6618,0.6892,2.0963,-1.0001
lima_23.tif,train,lima,0.8064,0.7553,9.6846,1.0111,2.5631,-0.4955,0.3307,1.1183,2.3107,-0.6789,-2.0677
dhaka_4.tif,train,dhaka,0.2144,1.6139,-1.2354,-1.6921,-1.8536,0.4790,-0.9836,-2.0114,0.4272,1.7505,0.3107
tyrolw_66.tif,train,tyrolw,0.1797,-0.1067,-2.9328,-1.6337,-1.1291,-2.7374,0.6136,0.0766,-0.5197,-0.2287,-0.0700
ulaanbaatar_39.tif,train,ulaanbaatar,0.4255,4.2645,3.3474,0.6836,1.4480,-0.5748,-0.6888,1.2463,-0.7268,-0.3737,-4.1479
zanzibar_53.tif,train,zanzibar,0.4013,-3.9843,-0.5290,-1.5003,-0.0876,-3.1965,0.7572,1.1796,3.9354,1.6465,0.1955
ngaoundere_41.tif,train,ngaoundere,0.3576,-0.8390,-0.8291,0.5200,-0.5301,4.2615,-0.1122,0.5944,0.9649,0.8610,-0.7425
kujawsko-pomorskie_5.tif,train,kujawsko-pomorskie,0.3569,1.3745,-0.1925,-0.8291,3.1535,-0.0632,0.2096,-2.6440,0.7735,-0.3663,-1.3237
rosario_12.tif,train,rosario,0.1378,-4.4600,-1.2212,0.1283,5.5029,1.2601,0.2247,-2.4611,-2.5470,-3.3479,-0.4320
tokyo_6.tif,train,tokyo,0.4289,0.9498,2.4315,0.9995,-0.8053,-0.0827,-0.8749,-0.0592,2.7600,0.8224,2.6393
bielefeld_47.tif,train,bielefeld,0.2930,1.3992,-1.5068,-2.9692,-0.7609,2.6598,-0.2838,-0.8114,-0.0209,-0.0535,-0.9602
swietokrzyskie_2.tif,train,swietokrzyskie,0.2410,-4.0169,-1.8182,2.7662,-0.6107,-1.2834,-0.5054,-1.6232,-0.9383,-0.0651,0.9639
shanghai_54.tif,train,shanghai,0.4443,3.1617,2.1010,0.4297,0.8517,-1.6538,-1.1977,-3.3434,0.2186,0.0306,0.5798
kyoto_11.tif,train,kyoto,0.4532,2.7125,1.8236,0.2406,-0.6809,-1.8472,-0.3043,-0.1960,1.8564,-0.2857,0.6745
bielefeld_8.tif,train,bielefeld,0.2350,-1.2143,-2.8367,2.2645,-0.8810,0.1289,1.1850,-1.3125,0.1892,-1.4172,-0.3594
khartoum_7.tif,train,khartoum,0.8408,-1.1893,9.0285,-0.5837,-0.9018,-2.1185,4.0647,-1.4165,2.2292,-0.2803,-1.8208
tokyo_69.tif,train,tokyo,0.3935,2.2708,1.6661,0.3889,0.2762,-0.3819,-0.1589,0.2308,2.4959,0.4914,2.7541
daressalaam_96.tif,train,daressalaam,0.1884,1.9365,-3.5592,-1.3650,0.6727,-0.1328,0.6867,-0.7929,-0.2940,0.7840,0.1213
ngaoundere_27.tif,train,ngaoundere,0.3098,1.4987,-0.9070,1.0560,-1.2792,-0.3761,0.8953,0.9154,1.2638,-0.5098,-0.1938
chiclayo_39.tif,train,chiclayo,0.4625,1.0035,2.6923,-2.4957,-4.1945,2.8377,-0.1762,-2.1206,1.2400,-0.9079,-1.6182
accra_9.tif,train,accra,0.2852,2.7614,0.2336,-1.7230,-2.5886,0.5332,-1.6199,-1.8444,0.1450,1.6878,-0.2401
mahe_25.tif,train,mahe,0.2059,-0.8585,0.1799,-4.5445,-5.0321,3.6741,3.2710,-1.1380,-1.0956,0.1672,-1.4960
rio_50.tif,train,rio,0.3145,3.3735,2.1535,0.6147,-1.6041,-2.7672,-1.6544,-0.6867,0.7397,1.9209,0.3886
ica_43.tif,train,ica,0.2739,3.4036,0.7807,-0.8942,-2.9465,0.5248,-1.5250,-2.1719,0.2518,0.6833,0.5635
shanghai_10.tif,train,shanghai,0.4474,0.6070,1.9191,-0.3961,2.6412,-1.4027,-1.8517,-2.2840,0.5779,2.1715,1.9777
rio_66.tif,train,rio,0.6641,-2.9302,6.6419,-2.2980,5.5792,-0.9481,1.0407,-2.2872,-0.6036,-3.4332,-3.9407
vegas_25.tif,train,vegas,0.2222,6.7595,-0.0782,0.4556,0.9907,0.9046,-0.3079,-4.7366,-1.5576,-3.3139,2.6427
khartoum_35.tif,train,khartoum,0.3010,4.2286,3.5755,1.2498,-0.8778,-1.0915,-1.7938,1.9802,-0.6155,1.0948,-0.0630
lambayeque_39.tif,train,lambayeque,0.2555,-2.0030,0.7743,4.4413,-0.7188,0.6309,-0.6624,1.3144,-0.3907,0.5911,-0.4908
paris_8.tif,train,paris,0.5712,2.0060,4.4288,0.5077,1.4146,-1.3607,-1.8298,-2.9025,0.2778,-1.3380,2.0058
malopolskie_31.tif,train,malopolskie,0.0869,-5.0154,-2.5625,0.5743,-2.2092,-3.7466,-0.5690,2.2440,-1.7323,0.4173,0.1450
ngaoundere_30.tif,train,ngaoundere,0.4369,-1.0002,-0.4226,1.6233,2.6489,2.4053,1.2822,-0.5306,1.7249,-0.4099,0.0881
chiclayo_24.tif,train,chiclayo,0.2079,-2.1997,-0.6323,4.1365,0.1701,1.8376,-0.3646,1.0882,-1.0001,-0.2809,1.2257
accra_3.tif,train,accra,0.3494,2.1329,-0.0084,-0.6630,0.6224,-0.5851,0.1997,0.1688,0.0791,-0.9700,0.1361
tonga_15.tif,train,tonga,0.2650,0.0788,-1.4423,-1.5430,4.7355,1.1593,0.4471,-0.2868,0.2007,1.2170,-0.7774
dolnoslaskie_25.tif,train,dolnoslaskie,0.2617,-4.3013,-1.5934,-2.3518,-0.5799,2.2925,0.6749,-0.4174,2.3706,0.2831,-0.3100
baybay_29.tif,train,baybay,0.2426,-1.7397,-3.3780,1.1045,-1.0722,-1.1192,1.0825,0.2024,0.2908,0.1175,-0.9458
ica_48.tif,train,ica,0.2329,4.1196,0.1131,0.3612,-1.7719,-1.2209,-0.3169,1.8883,-1.7365,-0.6690,-0.4677
accra_35.tif,train,accra,0.4009,-2.3633,1.7226,-2.6760,4.0448,3.5886,-0.0810,-1.0498,1.9540,0.6428,0.3135
santiago_33.tif,train,santiago,0.3956,3.3113,1.0117,0.2693,-0.5345,-1.3400,-0.0683,-0.8154,0.0041,-1.5117,-0.7049
lambayeque_25.tif,train,lambayeque,0.4156,0.1516,0.2918,1.3856,-1.3129,-0.9885,1.2667,1.5115,0.6037,-0.9678,-0.6764
pisco_23.tif,train,pisco,0.5463,-3.4472,5.7379,0.9403,-2.5724,1.6173,7.9548,-1.3483,-2.3247,0.8928,0.3960
christchurch_15.tif,train,christchurch,0.0660,-4.6875,0.6637,-7.0410,-2.3318,4.7426,-3.3746,0.7179,-3.9900,-1.8348,0.6325
vienna_27.tif,train,vienna,0.2053,4.2920,0.4402,0.4612,1.1834,0.7681,-1.2359,0.9679,-1.0322,2.4206,1.5053
chisinau_36.tif,train,chisinau,0.2118,3.4050,-2.3909,-0.5150,-0.5953,-0.7549,0.1739,0.2279,-1.4581,0.2141,-0.2915
svaneti_52.tif,train,svaneti,0.2242,-3.0169,-2.9506,2.4456,1.1360,0.8311,0.6527,-0.9978,-0.5304,0.0857,-1.5985
podkarpackie_2.tif,train,podkarpackie,0.2025,-3.1148,-2.6109,3.8315,-0.9724,-0.1744,-0.2349,-1.3651,-1.8277,-0.0490,-0.9845
christchurch_28.tif,train,christchurch,0.1810,-0.2990,-3.9174,-0.6689,-2.1859,-1.3972,1.3882,0.1405,-0.0788,-1.3996,0.4052
khartoum_38.tif,train,khartoum,0.2819,4.8137,1.9648,1.2658,-0.7140,-1.3679,-1.5806,-0.9666,-0.5239,1.3349,-0.4780
sechura_6.tif,train,sechura,0.3655,2.3811,3.4160,0.3677,-0.7820,-1.7362,-1.1458,3.0062,-2.3166,-0.4524,-0.8283
mazowieckie_21.tif,train,mazowieckie,0.2434,-1.0279,-2.7494,-1.9115,2.4582,-0.0487,1.7086,0.7022,1.2615,-0.4116,-0.8836
vegas_45.tif,train,vegas,0.5647,1.3909,3.9676,0.2061,0.0296,-1.6843,0.2709,-1.7560,2.7771,1.4927,-0.5992
melbourne_56.tif,train,melbourne,0.2674,1.7816,-1.5795,-1.2419,2.4663,0.3935,0.1617,-0.2194,-1.2237,-0.4902,0.4670
abancay_9.tif,train,abancay,0.2564,4.0016,-0.4559,0.3604,-0.1435,-0.6544,-0.3028,-2.7489,0.0595,0.0222,0.2466
christchurch_65.tif,train,christchurch,0.2236,-0.4134,-1.3371,-3.8861,0.4052,5.0511,-0.2396,-0.0163,0.7178,0.0554,0.8571
kyoto_58.tif,train,kyoto,0.3988,2.3811,1.3731,1.6489,-1.4581,-0.7726,-0.0296,0.2262,2.1353,-0.8615,2.2946
malopolskie_17.tif,train,malopolskie,0.2172,-3.6495,-2.0385,0.7796,-0.0880,3.0378,-0.0658,-0.8376,0.1146,-0.0605,0.2431
tyrolw_23.tif,train,tyrolw,0.1951,1.0665,-2.9046,-1.6229,-0.2597,-0.0131,1.6933,0.0041,0.2588,-1.8884,0.8261
aachen_16.tif,train,aachen,0.3424,0.4915,-1.5422,-1.1243,0.8765,-1.3030,0.6051,-1.5458,0.4784,-0.6318,0.0572
chisinau_51.tif,train,chisinau,0.2411,0.5143,-1.4182,0.2968,-2.5600,-1.7839,1.1962,1.7923,2.5107,0.0282,0.8984
duesseldorf_18.tif,train,duesseldorf,0.3469,2.0883,-1.6459,-0.4910,0.0604,-1.1078,0.7560,-1.5375,0.2951,-0.8891,-0.8841
malopolskie_28.tif,train,malopolskie,0.1191,-3.5621,-2.3695,-2.4771,-1.5888,-6.0623,-0.5460,1.5311,-1.2187,1.4019,-1.8344
melbourne_14.tif,train,melbourne,0.2579,4.0882,0.2121,0.2250,0.4213,-0.3715,-1.0220,-0.9746,-0.8031,0.5240,1.9779
paris_25.tif,train,paris,0.4590,1.9581,0.8330,-0.1492,1.6313,-1.0624,-0.3021,-3.6968,0.3846,-1.2248,0.3843
lodzkie_23.tif,train,lodzkie,0.0829,-2.4211,-2.0671,5.3158,0.7841,2.6166,-0.5736,-1.3953,-2.0826,0.9827,-0.2003
rosario_4.tif,train,rosario,0.3497,3.3660,0.9020,0.3836,-0.5436,-1.5240,-0.6328,-0.6662,-0.5263,-0.3140,-0.4857
kagera_16.tif,train,kagera,0.3859,-1.7583,-1.2712,-0.6898,0.8759,-1.2531,0.9357,1.0223,2.1674,0.5157,0.7036
koeln_19.tif,train,koeln,0.3369,-0.5417,-1.7356,0.9953,0.6899,0.5764,0.9104,-0.1260,0.2576,-1.2252,0.4113
mazowieckie_20.tif,train,mazowieckie,0.1255,-3.7129,-4.5112,0.3103,-0.2987,-1.2219,0.7724,-0.3149,-1.0845,-1.1052,1.8578
coxsbazar_47.tif,train,coxsbazar,0.2343,-6.1213,-1.3409,-0.8562,-3.2539,-0.4424,-0.6947,-0.3545,0.7676,0.9303,-0.6041
koeln_29.tif,train,koeln,0.3278,0.3331,-1.2243,-1.3952,0.5778,-1.7203,0.0895,1.3242,-0.3835,0.5060,-1.0127
santiago_58.tif,train,santiago,0.3855,2.7867,0.8073,0.0003,-0.3775,-1.6152,-0.0684,-1.5121,0.9326,-0.7662,-0.2731
chiclayo_33.tif,train,chiclayo,0.1892,-4.0253,0.7859,1.9803,-3.5253,3.3654,-2.0083,0.5804,-0.5230,0.9201,0.2445
mahe_2.tif,train,mahe,0.3789,-1.9339,1.6075,-4.3266,-4.1091,1.8744,1.4450,-2.8068,0.1174,-1.1573,-2.4794
lubuskie_9.tif,train,lubuskie,0.2030,-6.3174,0.3615,-3.2055,0.4292,-5.9059,-1.6571,1.1956,-2.7842,-2.1114,0.6982
muenster_11.tif,train,muenster,0.1502,-2.1481,-3.5578,3.1306,0.1493,1.6092,1.0405,-1.3063,-0.8634,-1.2250,-0.4923
mazowieckie_37.tif,train,mazowieckie,0.3553,-2.2634,0.8642,2.9604,1.8984,1.0020,-0.8043,0.2398,0.1298,0.9395,0.4538
duesseldorf_8.tif,train,duesseldorf,0.2412,-1.3470,-1.7089,3.3648,-1.8478,-0.1180,0.6200,-0.7066,0.8222,-0.3660,0.2174
svaneti_62.tif,train,svaneti,0.3295,-3.6632,-0.6454,-0.5366,2.7836,2.5753,1.7959,-1.1320,3.0418,-0.3052,-0.7009
koeln_4.tif,train,koeln,0.0482,-3.7396,-1.3861,4.7376,-0.8178,1.7789,0.0754,0.6676,-0.6069,-0.0047,-0.0547
khartoum_36.tif,train,khartoum,0.3956,3.1264,1.4702,0.2781,0.4040,-2.7457,-1.9522,-3.3765,-0.2293,1.8157,-0.2807
koeln_3.tif,train,koeln,0.2438,-1.4310,-1.5638,3.1842,0.4258,0.8942,-0.4286,-0.6574,-1.7857,-0.3714,0.4369
daressalaam_7.tif,train,daressalaam,0.2792,3.5614,-0.6670,0.3487,-1.9550,-1.6855,0.0552,-0.9405,-0.3833,-0.7616,-0.1871
melbourne_32.tif,train,melbourne,0.3033,3.0520,-0.6590,0.0300,-0.3378,-1.0920,0.0575,-1.6958,0.4766,0.2580,-0.4608
sechura_22.tif,train,sechura,0.1549,5.3662,0.0205,0.8085,-1.4720,-0.1342,-0.1809,2.2463,-2.0051,-0.4401,-0.6527
paris_49.tif,train,paris,0.4060,2.4633,0.4597,-0.2027,2.1125,-0.4641,-0.5706,-1.8731,-0.5834,0.2939,-0.9618
chincha_33.tif,train,chincha,0.1670,-2.1873,-0.0286,1.6393,-0.4930,4.3514,-1.1242,2.9032,-1.5055,0.3176,0.3245
tonga_25.tif,train,tonga,0.2939,-0.6457,-1.0018,-1.2289,4.8070,1.3860,0.5765,-0.3039,1.7257,1.4232,0.7367
lambayeque_50.tif,train,lambayeque,0.1219,5.3180,1.0356,0.7007,0.1422,1.0895,-0.3255,3.5007,-1.7728,0.2424,-0.6782
niamey_6.tif,train,niamey,0.2573,2.6612,-0.3616,-0.5612,-0.8077,-1.1341,-0.2102,2.7914,-0.8303,0.8583,-0.0771
piura_39.tif,train,piura,0.1933,-3.6107,1.4423,1.6116,-1.3225,2.9650,-1.8725,1.1796,-3.3505,-1.8210,-0.3233
soriano_6.tif,train,soriano,0.2492,2.3043,-2.1963,-1.0606,1.7274,0.4552,0.6878,-0.8157,-0.0224,-0.0679,0.1571
coxsbazar_17.tif,train,coxsbazar,0.3282,-4.2068,-1.8723,1.2380,0.8772,-1.5212,0.0714,-1.6460,0.1411,0.3237,-0.8178
santiago_5.tif,train,santiago,0.4099,1.5157,1.0845,-0.3046,-0.4200,-2.1485,-0.2418,-1.2518,1.1458,-0.5232,0.5541
ulaanbaatar_14.tif,train,ulaanbaatar,0.4157,3.9231,2.1621,0.4635,0.7280,-0.5381,-0.2356,0.8927,-0.2189,-0.3736,-3.1742
niamey_3.tif,train,niamey,0.2361,3.1699,-0.4537,0.0378,-1.3640,-0.4888,0.0942,2.1680,-0.5299,-0.1094,1.0175
dhaka_54.tif,train,dhaka,0.1843,-0.6932,0.2904,-4.0423,-2.3403,4.2463,-2.3715,1.1418,-0.2347,2.8207,0.5153
tonga_28.tif,train,tonga,0.2784,0.6518,-1.4083,-1.2297,3.6722,1.2138,1.0907,-0.0857,1.0305,0.3486,-1.1450
abancay_4.tif,train,abancay,0.2767,3.2277,-1.2484,0.1027,-0.5075,-0.5091,0.2337,-0.0165,0.2699,0.4561,0.1582
zanzibar_15.tif,train,zanzibar,0.2507,-5.5997,-0.1984,-3.0048,-0.0142,-6.9398,-1.5415,0.1253,-3.3117,-0.6882,-1.9139
melbourne_30.tif,train,melbourne,0.2075,4.6931,-0.3781,0.1755,-0.5304,-0.8154,-0.5474,-0.9555,-0.4401,0.9230,-0.3454
christchurch_20.tif,train,christchurch,0.5396,-3.5157,2.4562,2.3698,3.9217,0.4837,-1.4718,-0.0753,1.2444,2.4881,1.5233
accra_52.tif,train,accra,0.3520,2.7618,-0.4694,-0.4446,0.3823,-1.0236,0.0665,-0.3999,-0.9364,-0.4868,-1.6548
coxsbazar_52.tif,train,coxsbazar,0.1961,-3.1348,-2.6037,1.6135,-2.8175,0.9829,-0.1344,-0.9371,-0.4409,-0.1595,-0.3818
accra_5.tif,train,accra,0.3225,3.3563,0.4230,-0.1267,-1.0037,-2.1911,-0.8183,-0.9558,-0.4146,0.6826,-0.2946
accra_39.tif,train,accra,0.3154,0.7358,-0.1620,-1.2685,2.9653,1.6083,1.5609,0.4022,0.8840,-1.4519,-1.2876
kagera_64.tif,train,kagera,0.3594,-4.2012,-1.3776,0.8612,0.0382,-2.7175,-0.3344,0.4727,0.6222,2.2728,-1.3477
abancay_5.tif,train,abancay,0.2901,1.2512,-1.6860,-0.9616,0.7309,-0.3732,0.8014,0.7706,0.6239,-0.0491,0.2485
daressalaam_22.tif,train,daressalaam,0.3397,1.9858,-0.8066,-1.1931,0.5904,-0.7621,0.1805,-1.6539,0.0945,0.4074,-0.3325
baybay_25.tif,train,baybay,0.1880,-1.1462,-0.9845,-4.3167,-4.7399,2.2685,-1.7069,-0.7272,-0.7470,0.7686,-0.7969
lubuskie_19.tif,train,lubuskie,0.1939,-1.2398,-4.1343,-2.9784,0.9563,1.3877,1.1739,-0.3870,-0.2680,-0.5712,-0.4518
western_1.tif,train,western,0.4020,-1.8057,1.3310,-2.0493,1.2820,-0.4434,2.8543,2.3467,2.6804,0.5508,-2.0029
ngaoundere_34.tif,train,ngaoundere,0.3900,-0.0500,-1.3858,0.0598,2.6592,1.0574,1.3253,0.0799,0.7458,0.1371,-1.5560
svaneti_27.tif,train,svaneti,0.2931,-4.7440,-2.1343,-0.8897,0.3555,-3.3780,-0.6063,1.4320,0.4713,2.3319,2.5320
monrovia_10.tif,train,monrovia,0.4913,-1.0984,-0.3101,0.5580,-0.5704,-0.4756,1.0407,0.7052,3.3776,0.4343,0.1771
accra_51.tif,train,accra,0.1498,-5.9660,3.3183,4.0161,1.4997,-0.8123,-2.8772,0.4848,-3.7914,-2.0324,0.5221
vienna_16.tif,train,vienna,0.2668,3.5458,-2.2750,-1.1120,0.7009,0.3012,0.4417,-0.3725,-1.2024,-1.4822,1.4029
piura_10.tif,train,piura,0.1915,2.6025,-1.6246,2.9169,-2.8816,-0.3293,0.0802,0.4369,-0.8772,-0.2231,0.2468
duesseldorf_41.tif,train,duesseldorf,0.2881,3.7577,0.0276,0.3281,-0.6862,-1.0865,-0.2698,-0.7221,0.5142,0.1864,0.1681
santiago_36.tif,train,santiago,0.3154,3.5424,0.4106,0.2631,-0.2785,-1.1961,-0.7478,-0.5160,-0.8661,0.0314,0.5451
pomorskie_37.tif,train,pomorskie,0.2603,-4.5854,-1.4668,1.5869,-0.0246,-0.7331,0.1988,0.1924,0.7930,-0.0001,1.2416
monrovia_71.tif,train,monrovia,0.2392,-0.2471,-2.6674,-0.3734,-0.2354,-0.1975,1.3706,1.5448,1.3616,0.0741,0.9109
ica_31.tif,train,ica,0.4511,-0.6198,4.8852,3.9780,-1.7563,-0.2902,0.1570,1.2726,1.5598,-2.7020,-2.3239
ulaanbaatar_23.tif,train,ulaanbaatar,0.3936,4.2655,3.6050,0.9861,1.7509,0.2035,-0.8125,1.4121,-0.4402,0.1305,-3.0925
bielefeld_62.tif,train,bielefeld,0.2550,-1.6971,-3.1764,1.3399,-0.3973,-0.0558,0.9499,0.4567,-0.7534,-0.4515,-0.5584
dhaka_40.tif,train,dhaka,0.3257,0.2166,-0.3224,-2.7359,-0.9597,0.7476,-1.1642,-1.8789,1.0971,2.3574,-1.4688
zanzibar_145.tif,train,zanzibar,0.2072,-2.1919,-1.3921,-2.5844,3.9200,0.0152,0.7176,3.0904,-0.4157,1.0652,-0.3926
khartoum_34.tif,train,khartoum,0.3680,3.7321,4.5043,1.2011,0.1639,-0.9622,-2.0480,1.6997,-0.7346,0.5064,0.3329
lambayeque_19.tif,train,lambayeque,0.2706,3.7678,-0.5616,-0.3824,-0.4573,0.7313,1.3323,-0.0899,0.8153,-1.3283,-0.4683
wielkopolskie_34.tif,train,wielkopolskie,0.1958,-0.1691,-1.5619,2.1977,3.3053,3.2570,0.5303,0.2809,-0.2999,0.5026,-0.0744
coxsbazar_48.tif,train,coxsbazar,0.1728,-5.6229,-2.1479,0.0601,-3.0843,-0.2711,-1.3997,0.3690,-1.0715,1.5533,-0.6198
zanzibar_60.tif,train,zanzibar,0.1575,-2.6999,-3.3169,-2.3427,0.0087,-3.2631,-0.0238,2.7167,-1.1981,2.2029,-0.8103
monrovia_73.tif,train,monrovia,0.3310,-2.9486,-0.5813,-1.0464,-1.2569,0.2527,0.0964,2.7193,2.7775,2.2490,-0.3131
slaskie_20.tif,train,slaskie,0.8335,-4.8777,2.5119,-2.4346,0.9488,1.9235,-1.8294,-2.3301,1.6585,1.6401,-0.3604
santiago_11.tif,train,santiago,0.3954,1.9049,0.4373,-0.2347,0.1530,-1.5077,-0.0248,-1.4746,1.0740,-0.2217,-0.0989
koeln_49.tif,train,koeln,0.0467,-2.1309,2.0476,6.2230,-0.6995,1.3444,-0.7422,-0.0636,1.3962,2.9843,-4.6044
kagera_55.tif,train,kagera,0.5220,-3.3549,-0.1848,2.1468,0.1933,-1.7142,-0.3074,-2.5812,1.7127,0.5164,1.4449
swietokrzyskie_24.tif,train,swietokrzyskie,0.1518,-2.8500,-3.6654,1.7737,1.8777,1.9154,0.8651,0.3496,-0.9587,0.4171,-0.4398
lodzkie_19.tif,train,lodzkie,0.1408,-4.5242,-1.4057,2.6853,-2.0866,1.1588,-0.7091,-1.6777,-0.8507,-0.3422,-0.7715
muenster_25.tif,train,muenster,0.1544,-2.7546,-3.0186,2.6353,-2.4362,-0.5581,0.9161,0.7505,0.6205,-0.1291,0.7952
dolnoslaskie_3.tif,train,dolnoslaskie,0.4167,-6.1021,2.0266,-3.8996,-1.1090,-2.3961,-2.4187,-1.1490,-1.7738,-3.0051,1.0193
sechura_50.tif,train,sechura,0.2624,2.5460,-1.9850,1.3771,-1.0136,0.8767,1.4664,0.6391,1.0742,-1.2274,0.4588
dortmund_51.tif,train,dortmund,0.1750,0.0176,-3.1039,2.0904,-0.4992,1.7044,1.3731,1.5593,-0.2469,-0.9441,0.3152
mahe_65.tif,train,mahe,0.2758,-0.6018,-2.1214,-1.4320,-1.2417,-3.5795,0.3683,-0.6079,-0.1330,-0.1672,-1.1553
svaneti_40.tif,train,svaneti,0.4260,-2.7793,-1.5604,0.8034,1.6748,0.1539,0.7699,0.2068,1.9892,0.9583,1.2996
abancay_48.tif,train,abancay,0.2372,4.0988,-1.1788,-0.0113,-0.2027,-0.6769,-0.3777,-1.2290,-1.1611,0.4910,-0.3427
kagera_32.tif,train,kagera,0.3877,-1.6071,-1.3468,-0.4749,0.9689,-0.2622,1.7849,0.2935,2.6066,-0.5915,-0.7863
pisco_18.tif,train,pisco,0.6836,-6.5743,7.1328,-0.0541,0.3726,-0.8231,1.7430,-2.1549,-0.5432,-1.4487,0.4837
svaneti_24.tif,train,svaneti,0.4414,-2.2193,1.5509,-1.8997,3.3954,2.3762,1.9325,-1.2508,4.7990,-0.4617,-0.4706
mazowieckie_4.tif,train,mazowieckie,0.4139,-2.9680,1.3481,4.8061,1.3266,0.1673,-2.2489,-0.3623,-0.9265,3.5962,-0.8157
podkarpackie_10.tif,train,podkarpackie,0.2184,-3.3716,-3.2224,2.8964,-0.5979,-0.0964,0.6466,-2.1257,-0.4487,-0.9369,-0.0898
viru_20.tif,train,viru,0.2636,3.5917,0.4552,1.6169,-1.8949,-0.0869,0.4013,1.4965,1.2305,-0.9612,1.6116
paris_12.tif,train,paris,0.4744,1.4374,1.2658,-0.4874,2.9148,-1.1984,-0.8710,-3.6471,-0.3198,-0.6968,-0.4004
kitsap_35.tif,train,kitsap,0.2383,1.6319,-2.7260,-1.3628,1.4855,0.2634,1.1213,-0.6804,-0.0562,-1.0348,0.7228
kyoto_15.tif,train,kyoto,0.4149,-0.8195,0.2687,0.5338,-1.4330,0.5548,0.0949,0.8041,1.9601,-0.5199,1.2855
tokyo_68.tif,train,tokyo,0.4026,1.8382,1.9171,1.4840,1.0926,0.5340,-0.4302,-0.0880,2.3379,0.8012,3.0377
viru_34.tif,train,viru,0.3330,-1.7830,0.2163,3.4810,-1.6309,-0.6015,0.1172,1.0563,0.8843,0.6362,-1.5927
ulaanbaatar_47.tif,train,ulaanbaatar,0.3287,-0.1508,0.9516,-0.9117,0.8604,3.4229,1.0049,2.7002,0.9560,-2.5184,0.1874
rotterdam_2.tif,train,rotterdam,0.2916,-1.4072,0.5539,-4.2541,-2.5465,2.6969,-2.3851,-1.4145,-0.3682,1.3695,-0.5698
lohur_39.tif,train,lohur,0.0727,-3.3723,-2.8089,4.3762,-0.5750,0.9238,-0.0381,-1.6940,-1.8158,-0.2309,-0.7622
dowa_18.tif,train,dowa,0.1951,3.7389,1.8676,3.3695,-0.6100,1.3223,-0.6024,2.8282,-1.3947,-0.6383,-0.6151
wielkopolskie_29.tif,train,wielkopolskie,0.2113,1.6201,-2.0672,-1.2045,4.1755,1.8272,0.3098,0.0202,-0.8830,0.9977,0.4445
rio_18.tif,train,rio,0.4335,-2.2864,-0.4690,-1.9992,2.6629,2.2806,1.5625,-2.8913,3.1767,-2.0378,-0.4073
daressalaam_86.tif,train,daressalaam,0.3231,0.1505,-1.3791,0.3696,-1.6496,-0.7910,0.9313,1.4558,1.9792,0.0591,1.3350
vegas_14.tif,train,vegas,0.3217,2.8832,-0.4017,-0.6846,-1.5403,0.0794,0.1057,-0.6373,-0.2723,-1.2956,-0.4635
abancay_12.tif,train,abancay,0.2886,-1.2050,-0.5094,-2.4089,3.5648,2.7428,0.0639,1.2759,1.1092,1.2429,1.5086
pisco_25.tif,train,pisco,0.1690,-3.4976,2.3337,4.3540,-2.8307,3.0874,1.2399,-2.5599,-1.9215,-2.0655,-0.7480
vienna_15.tif,train,vienna,0.2574,3.6882,1.0833,1.0210,-1.0173,-2.0951,-1.9016,-1.6320,-0.5336,2.5214,-0.6706
wielkopolskie_12.tif,train,wielkopolskie,0.1019,-1.2775,-5.7167,1.6554,0.2574,1.5644,1.4265,-0.0071,-1.7236,-0.3965,0.0490
monrovia_49.tif,train,monrovia,0.2144,0.1845,-1.3336,-1.2677,2.1728,0.0620,-0.0255,0.7891,0.9833,2.6985,0.3115
maputo_3.tif,train,maputo,0.2438,3.6847,-1.3220,-0.2776,-1.1485,-1.2494,-0.0509,0.4374,-1.3222,0.3438,-1.2006
tyrolw_44.tif,train,tyrolw,0.1588,-2.8586,-2.6007,3.5614,-1.9214,-0.7310,0.1645,-0.3810,-0.3427,0.9010,-1.0035
warminsko-mazurskie_12.tif,train,warminsko-mazurskie,0.5934,-3.1545,-0.7330,-0.3895,-0.4224,-1.3997,0.5360,-2.8760,2.9469,0.5052,-1.6590
chisinau_68.tif,train,chisinau,0.3117,0.2375,-1.8705,-1.2002,-1.2187,-2.5879,0.9371,-0.5667,1.0971,-0.2788,-0.9156
zanzibar_31.tif,train,zanzibar,0.3356,-3.8828,-1.8883,-2.0470,2.2163,-3.1775,-0.8713,0.2573,-0.2682,3.2936,0.4070
vienna_4.tif,train,vienna,0.3469,3.1846,-0.1075,-0.7542,1.0554,-0.5618,-0.5324,-0.1836,-1.6313,-1.0697,0.4086
abancay_46.tif,train,abancay,0.2371,3.5065,-0.8538,-0.2872,1.2720,0.8706,-0.0787,1.1249,-1.8018,-0.0793,0.3337
zanzibar_33.tif,train,zanzibar,0.2665,-4.2682,-1.9650,-1.6456,0.3181,-3.0408,0.3485,1.8065,2.1775,2.2812,1.0538
daressalaam_95.tif,train,daressalaam,0.2268,2.6746,-2.3108,-0.7147,-0.6780,-0.7038,0.6377,0.3300,-0.2098,0.3131,-0.3937
tokyo_13.tif,train,tokyo,0.3750,1.3146,1.0925,1.8430,0.4057,0.7577,-0.1743,1.0088,1.1415,0.4348,1.5649
austin_30.tif,train,austin,0.2335,1.2054,-1.8825,-3.3378,-1.9700,2.8783,-0.6244,-1.2721,-0.6153,-0.1986,0.1157
abancay_28.tif,train,abancay,0.2554,4.5049,-0.7544,0.2021,-0.4487,-0.6850,-0.3744,-0.7268,-1.4881,-0.1702,-0.4080
tokyo_60.tif,train,tokyo,0.3443,-1.1774,1.2373,3.7360,-0.4854,-0.1291,-0.8746,-0.6110,0.2970,0.3027,1.0972
svaneti_44.tif,train,svaneti,0.1975,-3.3011,-3.3830,-1.4018,2.2616,-0.5002,1.1473,0.8640,1.1841,1.1555,0.4766
tokyo_41.tif,train,tokyo,0.4147,1.4923,1.1951,1.2655,-0.0172,-0.5853,-0.4314,0.4368,1.2079,0.4040,2.0352
chincha_8.tif,train,chincha,0.3534,1.7496,1.6919,2.9156,-1.0282,0.5898,0.0013,0.9443,0.8390,-1.3529,1.1396
ngaoundere_31.tif,train,ngaoundere,0.4078,-1.2954,0.1851,2.3523,-2.9519,-0.0608,-0.4005,0.8440,1.4897,0.7540,-0.3369
chicago_11.tif,train,chicago,0.2783,4.2635,-0.1940,-0.0331,-0.5549,-1.0391,-0.4718,-0.4751,-1.3013,-0.6767,0.2670
chisinau_61.tif,train,chisinau,0.2365,3.1401,-1.6219,-0.4152,-1.5310,-1.9408,-0.0473,-0.1257,-0.9482,0.1851,-0.7116
aachen_28.tif,train,aachen,0.0532,-3.7203,2.2302,6.5125,2.2308,1.8115,-3.0054,-0.0546,-2.5330,3.2181,-2.0307
zachodniopomorskie_5.tif,train,zachodniopomorskie,0.1808,-3.9383,0.6355,-5.1187,-4.4430,3.8165,-2.7615,1.0167,1.6741,4.0383,0.5083
zanzibar_64.tif,train,zanzibar,0.3173,-1.9209,-1.6715,1.1562,-1.2776,-1.3587,0.4071,1.8648,0.9547,1.4346,0.7114
vegas_35.tif,train,vegas,0.7479,1.2003,7.5831,1.2728,-0.1711,-1.4126,1.2397,-1.7812,5.5979,0.6735,-0.8319
accra_7.tif,train,accra,0.3379,2.1855,0.9084,-1.7583,-1.7643,0.9248,-1.5905,-0.7637,0.0125,1.0065,0.9902
baybay_61.tif,train,baybay,0.1398,-1.4605,-4.1362,2.8980,-1.0212,0.6874,0.9641,-0.3638,-1.3700,-0.4590,-1.0245
kyoto_21.tif,train,kyoto,0.6194,-1.6691,2.3808,1.1564,-1.1486,1.6075,0.3369,-0.6803,4.1879,-0.8501,2.0611
santiago_46.tif,train,santiago,0.3092,3.5502,0.4220,0.6335,-1.2398,-1.3734,-0.4769,-0.7354,-0.0591,-0.4431,1.2296
monrovia_7.tif,train,monrovia,0.2780,0.1610,-1.9257,1.2325,-0.7801,0.2540,1.2855,1.2939,1.1684,-0.5431,-0.0452
zanzibar_66.tif,train,zanzibar,0.4187,-3.0933,-0.2580,0.1093,0.1837,-1.7816,0.3457,1.9215,1.9714,1.0238,0.2831
soriano_10.tif,train,soriano,0.3681,2.1211,-0.1475,-0.5158,3.2690,0.6675,-0.5422,-1.1123,-0.9466,0.5411,1.0342
pisco_1.tif,train,pisco,0.3342,-0.6636,2.8302,2.5275,-3.1722,3.2702,2.5474,0.6921,0.6290,-0.7049,-0.1590
dortmund_10.tif,train,dortmund,0.2485,-1.1389,-3.2376,1.3191,0.5587,0.8540,1.1264,-0.3682,-0.0229,-0.7712,0.4543
monrovia_64.tif,train,monrovia,0.3099,2.8010,-0.6088,-0.4550,-0.4068,-1.0600,0.2101,1.2505,-0.7909,-0.0605,-1.8768
chisinau_16.tif,train,chisinau,0.2910,2.6933,-1.2718,-0.3158,-0.5301,-1.0445,0.0926,0.4039,-0.8747,0.3216,-0.3461
chiangmai_4.tif,train,chiangmai,0.2029,-0.1172,-3.4604,-3.2506,-0.3058,2.2730,0.3150,-0.1446,-0.7409,0.2193,-0.3160
pisco_26.tif,train,pisco,0.4052,-1.7369,5.1635,2.8858,-1.8367,2.5136,4.0895,0.8901,-0.9251,-1.4895,0.1215
dolnoslaskie_33.tif,train,dolnoslaskie,0.1701,-3.4204,-2.2497,3.2312,0.3203,0.2384,-0.4783,-1.1308,-2.3947,-0.9405,0.1015
tokyo_59.tif,train,tokyo,0.3230,-1.1629,0.8825,3.4868,0.0156,0.4463,-0.3358,-1.0273,0.7301,-0.4505,0.5676
rio_42.tif,train,rio,0.3274,3.7483,1.9585,0.6551,0.1488,-1.0900,-1.5033,-0.8311,-0.0284,0.7832,2.0468
abancay_7.tif,train,abancay,0.2941,1.4892,-1.8223,-0.6161,1.2540,0.1604,0.5288,0.1473,0.3906,0.3328,1.1498
santiago_69.tif,train,santiago,0.3337,-1.1570,-1.4314,-1.5240,-0.3161,-3.0124,0.5601,-1.2171,0.5724,-1.0330,-0.6453
dhaka_58.tif,train,dhaka,0.2643,0.8383,-0.6633,-2.4779,-2.4711,0.6899,-1.4620,-0.7402,0.3874,2.5053,0.1300
austin_28.tif,train,austin,0.2902,2.7750,-1.5328,-0.6862,0.2372,-0.2352,0.7170,-1.0004,-0.0212,-2.9195,2.7870
chicago_21.tif,train,chicago,0.2621,4.4790,-0.2258,0.0189,-0.2183,-0.6637,-0.2931,-0.0612,-1.0811,-0.0989,-0.9759
chisinau_25.tif,train,chisinau,0.2405,2.4922,-2.2614,-1.1655,-0.5252,-1.3480,0.7638,0.0065,-0.3108,-0.5678,-0.2927
abancay_24.tif,train,abancay,0.2443,-2.0574,-1.6844,-1.2892,3.8486,1.1400,1.4541,1.1809,0.6313,-0.8091,0.6516
aachen_35.tif,train,aachen,0.3916,-1.6576,-1.4037,1.1513,-0.6607,-1.0582,1.3642,-0.9889,1.8172,-1.6709,-0.3480
wielkopolskie_14.tif,train,wielkopolskie,0.1618,0.8742,-2.3200,-1.3045,5.6707,2.5231,0.3091,-0.7118,-1.1213,1.0217,0.3930
vegas_49.tif,train,vegas,0.3124,3.4645,-0.9934,-0.6140,1.1103,-0.9534,-0.5620,-2.6959,-1.2867,-1.3424,1.7200
svaneti_65.tif,train,svaneti,0.1733,-5.7404,2.4183,-1.7256,6.7099,0.9489,-1.4973,2.2219,-2.4300,-1.9776,0.2888
bielefeld_59.tif,train,bielefeld,0.3273,0.5443,-0.7143,-2.4527,-0.3485,1.5706,-0.5722,-0.8511,0.0741,0.3826,-0.5187
shanghai_55.tif,train,shanghai,0.4100,1.6762,2.7653,1.4120,-0.9430,-1.3244,-1.0200,0.3994,1.9652,1.0789,0.9086
muenster_24.tif,train,muenster,0.1715,-3.0067,-1.8364,3.9183,-1.7594,0.2786,0.2959,-0.2735,-0.0123,-0.5721,1.3831
kitsap_49.tif,train,kitsap,0.2628,-1.1822,-2.8540,-2.2007,-2.5482,-1.3961,0.6384,-0.4010,0.8744,-0.2977,0.4255
austin_25.tif,train,austin,0.2440,3.4805,-1.9079,-1.0033,1.2144,-0.1379,0.0684,-1.3522,-1.4627,-1.1400,0.7387
rio_5.tif,train,rio,0.3899,3.2082,1.1642,0.2942,-0.5650,-1.5284,-0.6580,-1.0160,-0.1767,-0.7701,0.4690
chiclayo_3.tif,train,chiclayo,0.8342,-1.2864,6.8073,2.7505,-1.5968,-2.7343,4.2366,-1.5951,1.7480,4.0195,6.8463
santiago_14.tif,train,santiago,0.3572,2.9932,0.0375,0.1793,-0.6279,-1.3843,0.0327,-1.6065,0.3732,-0.9673,0.1046
abancay_40.tif,train,abancay,0.2423,4.4212,-0.8066,0.2737,-0.1950,-1.0687,-0.9336,-2.4113,-1.2028,1.2689,-0.5610
shanghai_42.tif,train,shanghai,0.4450,1.3254,2.7607,0.2358,-0.9814,-2.8035,-1.6524,-0.0678,1.4791,2.5219,-0.3442
vienna_22.tif,train,vienna,0.1440,2.7523,-1.2905,-0.3320,0.8445,1.4550,0.4279,3.6024,-0.8316,1.0466,-0.1769
melbourne_26.tif,train,melbourne,0.3140,4.0656,-0.2525,0.0008,-0.3090,-1.5013,-0.5668,-1.9245,-0.8087,-0.2512,-0.2520
christchurch_12.tif,train,christchurch,0.2668,2.2409,-2.1367,-0.7155,0.4380,-0.2267,0.6691,-0.6678,-0.3388,-0.5517,0.4039
paris_39.tif,train,paris,0.3367,-0.2008,-0.7440,-1.4131,4.2207,-0.0004,-0.1444,-1.5964,-0.6301,0.3767,-0.9939
tyrolw_70.tif,train,tyrolw,0.1824,-1.8110,-2.4934,2.5588,-2.3465,-0.3407,0.7274,3.1926,0.2692,1.2416,-0.6658
mazowieckie_28.tif,train,mazowieckie,0.1539,-4.5030,0.0171,2.1791,5.2532,1.2132,-1.2980,-0.1714,-0.7699,3.5369,-2.2741
chiangmai_8.tif,train,chiangmai,0.2598,1.8110,-1.2345,-1.0720,-0.8718,-1.9487,0.2159,0.8535,0.1296,0.6388,-0.5743
slaskie_26.tif,train,slaskie,0.5618,-3.0846,1.2988,-3.1231,-0.2694,2.4973,-0.7892,-1.3812,1.5243,-0.2977,0.4287
coxsbazar_68.tif,train,coxsbazar,0.2571,-4.1935,-1.1039,-0.3202,-2.5356,1.2597,2.7451,0.1703,1.7174,-0.5146,-0.9229
shanghai_47.tif,train,shanghai,0.3719,2.9932,2.3743,0.4609,2.9495,0.8618,-1.7808,-1.6798,-0.5630,0.8370,2.2165
lima_43.tif,train,lima,0.1937,5.5648,3.5737,1.7360,2.4211,1.2597,-2.1349,1.5870,-2.9918,0.4685,-0.3952
rotterdam_50.tif,train,rotterdam,0.3681,0.5777,1.5192,-1.0420,-2.6888,-2.1858,-1.4646,-0.3078,1.8362,1.9035,0.6083
aachen_59.tif,train,aachen,0.3070,1.3006,-1.5895,-1.1850,0.9756,-0.4623,0.6566,0.0774,0.1925,-0.1073,0.0385
chiclayo_34.tif,train,chiclayo,0.2462,1.2749,-0.7942,3.9350,-1.5522,0.9500,-0.0312,0.3061,-0.5039,0.1189,0.2280
coxsbazar_13.tif,train,coxsbazar,0.1836,-4.9421,0.4908,3.6251,-2.4054,1.2495,-2.5306,-1.6818,-0.5806,3.0178,-2.5120
dortmund_40.tif,train,dortmund,0.2315,2.3980,-1.7332,-0.2495,-1.4561,-0.4240,1.2868,1.9432,1.5682,-0.3472,1.1483
rotterdam_6.tif,train,rotterdam,0.4429,2.0428,0.9749,-0.2983,-0.1796,-2.0385,-0.4951,-1.6895,-0.1267,-1.4269,0.6045
accra_58.tif,train,accra,0.3350,-3.5356,0.9552,-1.0278,7.0973,1.2255,-0.7303,-0.2544,1.8787,3.2067,1.5961
tokyo_48.tif,train,tokyo,0.3682,2.4644,1.4010,-0.0679,1.4080,0.1897,-0.5655,1.2601,0.9246,0.5899,2.9044
coxsbazar_26.tif,train,coxsbazar,0.2106,-5.0270,-1.4598,-0.1640,-0.1901,0.4448,0.5255,2.2863,0.2388,-0.7209,-0.3056
rio_30.tif,train,rio,0.4896,-3.8326,1.3700,-1.7713,2.8875,-1.7566,0.1960,0.4546,0.6559,0.4425,-2.1577
kagera_2.tif,train,kagera,0.3921,-1.6575,-1.9486,0.2831,2.2465,0.1717,1.0109,-0.6277,1.2007,0.3177,-1.0857
koeln_16.tif,train,koeln,0.2423,2.2885,-1.4459,-0.6813,-0.9522,-1.8253,-0.3866,0.4479,-0.6740,1.4231,-0.0233
lambayeque_35.tif,train,lambayeque,0.3056,-2.8706,0.4080,2.7538,-1.5855,2.0724,-0.8867,-1.2260,-0.1402,-0.4977,-1.0247
coxsbazar_30.tif,train,coxsbazar,0.3277,-4.6003,-1.2698,0.8832,0.9763,0.4996,0.2686,0.6801,1.1310,0.6749,-2.0388
ulaanbaatar_5.tif,train,ulaanbaatar,0.3890,4.5209,3.7777,0.9004,1.9093,0.3221,-0.8099,0.9560,-0.4181,-0.6958,-2.1239
ica_21.tif,train,ica,0.1885,4.5818,2.5755,1.1581,-1.7134,0.2993,-0.0125,3.1303,-1.4305,-1.9397,0.0007
kagera_4.tif,train,kagera,0.3044,-3.3389,-1.5996,1.1871,-0.9058,-1.0169,0.9455,-0.9024,1.9158,0.0192,1.1443
santiago_20.tif,train,santiago,0.3739,1.6504,0.3974,-0.7582,-0.7563,-0.8171,-0.4770,-0.9832,0.5823,-0.0441,0.4486
muenster_50.tif,train,muenster,0.1675,-0.9522,-3.1486,2.3992,-0.5907,1.0209,0.6096,1.4204,-1.6085,-0.2271,-0.4733
coxsbazar_9.tif,train,coxsbazar,0.3065,-6.3368,1.8006,0.2386,-1.5077,-2.2172,-1.5439,0.3842,-1.2603,-1.4645,-1.8945
svaneti_1.tif,train,svaneti,0.4249,-2.3163,-1.4401,-0.6380,-0.7636,-2.9234,1.0726,1.6553,2.1509,0.5256,-1.7090
vienna_5.tif,train,vienna,0.1011,-5.8985,0.8807,-6.9043,-2.7529,2.2440,-4.3991,0.3244,-5.0720,0.4430,-0.4910
dhaka_23.tif,train,dhaka,0.2739,2.7265,-0.6456,-0.2472,0.1880,-0.4695,0.0560,-0.3476,0.3727,0.8126,-0.3268
tyrolw_50.tif,train,tyrolw,0.3287,-0.8142,-2.3028,-1.4631,-0.1425,-1.9431,1.1086,0.3509,1.1009,0.3279,-1.0772
kujawsko-pomorskie_3.tif,train,kujawsko-pomorskie,0.2537,1.1285,-0.8764,-0.9928,5.0027,1.7868,0.1795,-1.0045,0.2732,0.7646,-0.1466
austin_18.tif,train,austin,0.2399,1.5220,-2.9429,-1.3608,0.3521,-0.7459,0.9538,-0.8346,-0.5773,-1.4094,0.6389
tonga_58.tif,train,tonga,0.3891,1.0099,-0.6871,-0.9642,1.8586,-0.4486,1.0634,-1.2269,1.7305,-0.2919,-1.7882
ngaoundere_48.tif,train,ngaoundere,0.3692,1.1569,0.0960,1.4506,0.2974,0.5611,0.4170,1.9160,1.3944,0.7265,0.4437
aachen_68.tif,train,aachen,0.2411,-2.1345,-1.8219,3.2935,1.4523,1.9648,0.4482,-1.4416,-0.1481,-0.2454,0.0893
abancay_18.tif,train,abancay,0.2517,3.3664,-1.0437,0.9120,-0.6166,0.1725,0.2446,0.7170,0.0113,-0.3209,1.5778
sechura_45.tif,train,sechura,0.3100,2.2191,-0.6353,-0.6180,1.0626,-0.0124,0.0399,1.9275,-1.1660,0.1926,-0.4859
tyrolw_68.tif,train,tyrolw,0.3418,-5.8801,1.4378,-1.5995,-3.1800,-1.4472,-0.8942,-0.7204,1.3281,-1.6430,1.0136
tonga_39.tif,train,tonga,0.4262,-1.0697,-1.0948,-1.4131,2.9436,-0.5692,0.1198,-0.2474,0.9531,1.4694,1.7141
dowa_8.tif,train,dowa,0.3148,2.7630,2.9460,3.6016,-0.0461,0.5959,-1.4480,0.8205,-0.0269,1.2979,0.3628
mazowieckie_36.tif,train,mazowieckie,0.2210,-1.8173,-2.8171,-0.0493,1.7392,0.6996,1.5278,0.7113,0.4872,-0.7170,-0.8203
ica_26.tif,train,ica,0.7886,-1.6165,6.9157,2.7737,0.2641,-1.6805,-0.4977,1.1267,3.4066,2.7283,3.5765
daressalaam_119.tif,train,daressalaam,0.2778,0.8803,-2.0632,-1.0197,0.3765,0.0867,1.5715,1.6642,1.6418,-0.5440,0.8308
dortmund_8.tif,train,dortmund,0.1727,0.8173,-3.5843,2.2478,-1.6110,0.9087,1.4127,0.1120,-0.8805,-2.2376,0.5269
vienna_45.tif,train,vienna,0.3329,3.1106,1.1438,-0.6172,1.1369,-0.1358,-0.7805,2.5830,-1.9108,-1.1600,1.6070
dowa_22.tif,train,dowa,0.2978,2.2041,2.4865,4.4251,-0.8021,1.1270,-0.7865,0.8648,0.3175,-0.2860,0.7326
bogota_1.tif,train,bogota,0.2100,-0.2196,-2.7386,-2.2194,3.3536,0.6416,0.7765,0.1556,-0.4977,0.6366,-0.7262
lima_33.tif,train,lima,0.2105,5.1082,2.7756,1.1612,-0.1496,0.4460,-0.4514,2.7942,-0.6862,-0.9445,-0.9207
pisco_3.tif,train,pisco,0.3283,-4.0906,0.9931,3.7490,1.3006,-0.2945,-1.1402,-2.2181,0.1005,1.0564,-0.8284
dhaka_53.tif,train,dhaka,0.2773,-0.6347,-0.9301,0.3293,-1.7661,2.0855,-0.5184,0.2898,0.8377,1.2050,1.4528
piura_18.tif,train,piura,0.3432,-2.3700,0.1669,1.3560,-2.2184,4.0100,2.4768,-2.7159,0.3948,-1.1710,-0.7722
western_12.tif,train,western,0.7280,-3.5126,10.4322,-3.1297,-1.4585,-1.0469,7.2280,-0.6002,-1.0572,-0.8945,-1.1357
daressalaam_129.tif,train,daressalaam,0.2224,4.2306,-0.3852,0.9167,-2.5353,-1.9440,-0.7542,-1.7152,0.3232,1.5743,0.6379
chiangmai_5.tif,train,chiangmai,0.1967,1.3749,-3.0940,-1.3765,-0.6034,-1.3359,0.8755,1.1609,-1.2691,-0.6945,-0.5329
slaskie_32.tif,train,slaskie,0.1609,-7.1866,0.4749,-5.7216,2.1879,0.3137,-2.3648,0.0211,-2.4543,-1.6437,1.8047
vegas_46.tif,train,vegas,0.2775,4.2284,-0.1771,0.6998,-1.1918,-0.9362,-0.1796,-1.5681,-0.4034,-0.9667,1.0657
tyrolw_10.tif,train,tyrolw,0.2632,-5.5836,1.1697,-3.5914,3.7694,-3.4768,-0.6963,1.3543,-2.5817,-1.3040,-2.2807
lima_17.tif,train,lima,0.1991,2.6463,-1.3846,0.8152,0.1972,2.0637,1.2173,3.0406,-0.3748,-2.2468,2.6413
kitsap_31.tif,train,kitsap,0.2993,-0.3854,-1.0843,-1.7126,0.2606,-1.6594,0.8635,0.7575,0.3175,-1.8970,0.5127
vegas_5.tif,train,vegas,0.1495,4.5568,0.9535,1.1034,-0.7486,0.4913,-0.3106,3.0048,-0.7490,0.7608,1.2753
muenster_21.tif,train,muenster,0.2648,-0.8936,-2.5068,-1.3212,-0.8510,1.6145,0.5717,-0.1387,1.3153,-0.1655,1.2135
svaneti_57.tif,train,svaneti,0.1848,-3.1725,-0.9650,-2.5009,6.0873,1.1466,0.5961,-0.7340,0.9306,1.0157,0.0942
vegas_37.tif,train,vegas,0.1545,4.9307,2.2219,1.3608,0.4943,0.6181,-1.3547,3.1448,-1.6575,1.5032,0.6982
kagera_50.tif,train,kagera,0.3398,-3.1882,-1.8143,0.3402,-0.3849,-2.2854,0.2390,0.7584,1.4846,1.8178,0.2004
tokyo_43.tif,train,tokyo,0.4212,0.2627,1.0688,1.1528,-0.3352,0.5787,0.9367,-0.0448,3.0411,-0.8311,1.7814
tokyo_46.tif,train,tokyo,0.3264,1.7964,0.4298,0.1359,-1.1281,0.9405,-0.0961,0.8258,1.7706,-0.2378,2.8385
lohur_13.tif,train,lohur,0.0350,-3.2577,0.3476,6.1560,0.4798,1.5799,-1.6356,-1.8893,-2.8794,-0.5359,-0.3381
austin_26.tif,train,austin,0.2231,4.9294,-1.2429,0.1813,-0.1809,0.1308,0.2119,-1.4496,-0.6615,-1.0794,0.8530
paris_18.tif,train,paris,0.4703,1.5969,1.2317,-0.4376,1.4639,-1.8178,-0.8258,-1.3355,0.1267,0.6084,-1.7364
vienna_29.tif,train,vienna,0.2910,4.1929,-1.1139,-0.7853,1.2616,0.6090,0.0777,-0.5898,-1.4985,-2.1613,1.7407
vienna_61.tif,train,vienna,0.2524,2.2952,-1.6212,-3.0350,-0.9300,2.7958,-0.4588,-1.2790,-1.7883,-2.7073,1.5874
christchurch_53.tif,train,christchurch,0.1522,0.7183,-3.4288,-1.9817,3.7681,1.5370,1.0759,0.7680,-0.8244,0.5821,-0.0299
khartoum_47.tif,train,khartoum,0.5606,1.4626,4.7162,0.1667,0.6236,-1.2894,-2.6959,1.9154,-0.3357,2.1476,1.5344
melbourne_49.tif,train,melbourne,0.2862,3.6890,-0.8402,-1.6820,-1.2541,1.2858,-0.5466,-1.3716,-0.8988,-1.5714,1.1494
paris_42.tif,train,paris,0.5339,1.1083,1.7043,-0.5087,1.8367,-2.2585,-0.7293,-3.7482,0.7389,-0.1830,-1.0548
shanghai_8.tif,train,shanghai,0.3015,-2.3741,-0.3900,-3.3567,-0.8719,0.2008,-0.8645,1.1054,-0.6121,-0.6020,0.5069
koeln_35.tif,train,koeln,0.2833,2.1033,-0.7657,-0.6012,-0.6627,-1.3300,0.1669,0.4893,0.6460,0.6623,-0.2195
podlaskie_2.tif,train,podlaskie,0.5815,-4.4059,1.4362,2.1673,2.6087,-1.1924,-1.3621,-0.3297,1.4786,2.9368,0.8706
duesseldorf_49.tif,train,duesseldorf,0.4383,0.0432,0.9976,2.0305,0.7877,0.5782,0.1260,-0.0506,2.1370,0.2063,1.3216
tyrolw_13.tif,train,tyrolw,0.4653,-2.8166,-0.2464,-1.9075,0.2921,-4.3370,-0.6593,2.6659,-1.3239,0.4016,-2.8375
viru_11.tif,train,viru,0.2591,2.3857,-0.2994,3.1411,-2.4558,0.4518,0.7142,1.1816,0.4086,-1.3064,0.1826
chiangmai_11.tif,train,chiangmai,0.2281,-0.1403,-1.9569,-2.9660,-1.8334,0.4189,0.0741,0.6444,0.6618,0.7307,-0.1145
mahe_17.tif,train,mahe,0.1622,0.3778,-0.5572,-4.3202,-3.8408,4.6159,-1.8195,0.4804,-1.3892,0.3351,-0.0267
baybay_10.tif,train,baybay,0.2321,2.7657,-1.6465,-1.9209,-2.2446,1.3214,-0.5930,-1.4143,-0.5824,0.4329,-0.7308
accra_17.tif,train,accra,0.3279,3.7100,0.2247,0.0135,0.0602,-1.1303,-0.5614,-1.2431,-1.1414,-0.5394,-0.4172
daressalaam_123.tif,train,daressalaam,0.2173,1.2006,-0.6705,0.5730,-2.2328,1.9088,-0.0424,2.4367,0.6268,1.3233,-0.4602
warminsko-mazurskie_1.tif,train,warminsko-mazurskie,0.3530,-4.8306,-0.4726,-0.1416,-0.3175,-0.7114,-0.0813,0.5207,1.3387,-1.2336,3.1759
lambayeque_8.tif,train,lambayeque,0.3174,2.9716,0.1130,-0.6756,1.8669,0.0736,-0.1042,0.3773,-0.5844,-0.1064,-1.1298
chisinau_30.tif,train,chisinau,0.2422,3.6852,-2.0362,-0.3469,-1.4139,-1.5593,0.4855,-0.3785,-0.7067,-0.1812,-1.6186
viru_23.tif,train,viru,0.2373,4.1980,-0.2523,-0.0934,-0.1934,-0.2089,-0.2851,1.5501,-1.5846,0.1919,-0.3962
melbourne_17.tif,train,melbourne,0.3295,1.3101,-1.4395,-1.1508,1.8356,-0.0107,-0.0461,-0.9932,-0.5564,0.1843,1.0379
kinshasa_1.tif,train,kinshasa,0.3670,-0.0351,-0.6313,-0.1034,1.0985,-0.2240,0.7274,1.5881,1.6172,1.4919,-2.2105
daressalaam_35.tif,train,daressalaam,0.3673,2.1245,0.1966,-0.7289,-1.0231,-0.4506,0.9534,-0.2213,0.6175,-1.8080,-1.0260
soriano_5.tif,train,soriano,0.3092,1.7824,-1.1613,-1.0588,2.2289,0.1554,0.1681,0.0246,-0.8410,0.0191,-0.0147
chicago_44.tif,train,chicago,0.3091,2.7182,-0.9672,-0.9018,0.7720,-0.8483,0.0417,-0.7297,-1.2534,-1.3162,-0.0539
baybay_45.tif,train,baybay,0.0903,-1.7306,-3.0681,4.9583,-2.2400,0.9941,0.6382,-1.6203,-0.9725,-1.0747,-0.5006
zanzibar_117.tif,train,zanzibar,0.4910,-1.7230,0.9701,-1.0832,5.5095,0.4689,-0.5926,-0.7946,0.1740,0.9879,1.0517
ngaoundere_18.tif,train,ngaoundere,0.3942,1.3410,0.9071,-0.8859,-1.0780,3.0109,0.6451,1.1370,2.3027,-0.2450,-2.3163
daressalaam_62.tif,train,daressalaam,0.3805,0.8550,-0.2780,-0.6426,-0.1057,-1.0443,-0.2508,-1.0362,2.1790,1.9856,0.5608
zanzibar_100.tif,train,zanzibar,0.5084,-1.4998,1.5765,-1.1407,2.9705,-0.9897,-0.5486,0.2011,1.8064,0.8953,2.5592
christchurch_1.tif,train,christchurch,0.4028,-2.5008,-0.1904,-3.7447,0.9138,3.3351,0.1045,-2.4424,1.0636,-0.7538,0.1378
dhaka_25.tif,train,dhaka,0.3129,1.7609,1.6408,-2.4741,-1.5801,2.7543,-1.8678,1.6746,-0.7994,0.2273,1.3880
khartoum_4.tif,train,khartoum,0.3774,2.7645,5.2676,1.0808,1.9863,-1.5186,-3.2508,0.3183,0.7567,4.2735,-0.0441
austin_42.tif,train,austin,0.3228,2.0825,-1.4348,-0.8748,2.0983,0.2584,0.8801,-2.1013,0.0645,-1.7899,0.0807
lodzkie_7.tif,train,lodzkie,0.5581,-3.9563,1.2442,0.7759,-0.3371,-2.8849,-0.6992,-0.8636,0.4233,-0.8773,-0.2437
paris_44.tif,train,paris,0.4570,0.7317,1.2772,-0.5193,2.7593,-1.4786,-1.2039,-2.9262,0.0709,0.3921,-0.2789
rotterdam_28.tif,train,rotterdam,0.3726,2.1838,0.8723,-0.5777,-2.0141,-1.4533,-0.8653,0.0815,0.9955,0.7323,0.4549
kagera_48.tif,train,kagera,0.2582,-3.4069,-2.3141,2.5838,0.5886,-0.1905,-0.0352,-1.2416,-0.1577,1.7952,-2.0923
chisinau_14.tif,train,chisinau,0.2312,-1.2310,-0.3589,-2.4566,-0.4962,-0.4506,-0.3212,3.0122,-2.9648,-3.0032,1.0282
kyoto_67.tif,train,kyoto,0.3560,2.4776,1.2704,2.3276,-0.9326,0.4581,0.0452,1.0992,1.4333,-0.7185,2.2212
accra_45.tif,train,accra,0.3510,3.3798,0.5645,-0.4497,0.6395,-0.9363,-0.5038,-0.1210,-0.7793,-0.2535,-0.9466
austin_41.tif,train,austin,0.2651,4.2964,0.0266,-0.0092,1.9523,0.7456,-0.5309,-0.1222,-1.1414,0.4893,-0.2753
kagera_26.tif,train,kagera,0.4507,-1.9075,-0.3835,1.0821,-0.0123,-1.4377,0.1545,-0.2590,1.7746,0.5292,1.5975
chisinau_9.tif,train,chisinau,0.2064,3.8907,-1.3643,-0.1694,-1.2872,-1.2016,-0.2907,0.3472,-1.1878,0.7328,-0.3576
dolnoslaskie_22.tif,train,dolnoslaskie,0.3809,-1.4468,-1.0468,-0.0700,2.4874,0.1377,0.3313,-0.2045,0.1668,0.1656,-0.9171
aachen_6.tif,train,aachen,0.3659,-0.0460,-0.2551,1.8305,1.4361,0.5824,0.1964,-0.5206,0.1448,-0.0855,-1.7127
pointenoire_9.tif,train,pointenoire,0.2619,4.7706,0.2055,0.5446,-1.3712,-1.3840,-0.6254,-0.5525,-0.5822,0.6012,-0.1368
khartoum_43.tif,train,khartoum,0.4123,2.0618,1.5352,-0.0768,-0.2947,-3.1232,-1.8180,-1.3151,-0.5649,1.3261,0.6409
lohur_35.tif,train,lohur,0.1406,-2.8713,-0.5635,5.2836,1.3762,2.7319,-0.6223,-0.5848,-0.2407,1.8579,-0.0625
pomorskie_30.tif,train,pomorskie,0.4745,-2.7280,-0.0260,2.1506,1.6800,0.9638,0.4344,-0.9758,0.9547,-2.1094,2.4562
western_22.tif,train,western,0.3090,2.8263,-0.3452,-0.3776,-1.0091,-1.3664,0.3165,2.1910,-0.7041,0.0337,-2.1548
sechura_36.tif,train,sechura,0.1890,5.4404,0.0079,0.6189,-1.4122,-0.4903,-0.4551,1.2942,-1.1852,0.3448,0.2992
accra_53.tif,train,accra,0.4796,-5.4026,6.3758,-3.4234,4.2462,0.8644,-2.9065,-1.4661,-0.7654,-0.7098,-2.7157
tonga_36.tif,train,tonga,0.3619,1.8382,-0.3206,-0.3053,0.9250,-0.2407,0.4455,-0.9976,1.1200,-0.3262,1.2363
santiago_9.tif,train,santiago,0.3683,-1.7245,-1.1226,-1.9564,1.8319,-0.5894,0.4942,-1.4033,0.8673,-0.5847,-0.6906
pomorskie_17.tif,train,pomorskie,0.1094,-4.0067,0.5842,-5.5429,-4.5143,1.9352,-2.7495,0.9910,-1.7923,-0.5422,0.2748
monrovia_9.tif,train,monrovia,0.3087,-1.2533,-0.7859,-2.8472,-1.5532,0.0357,0.1469,1.5318,0.9584,-0.3094,0.3751
mazowieckie_14.tif,train,mazowieckie,0.0997,-3.8691,0.4775,5.8143,-1.0716,-0.2599,-2.2148,0.5021,-2.6249,2.0162,-0.9423
mahe_46.tif,train,mahe,0.2768,2.2203,-1.0119,-0.8131,-1.3566,-1.3020,1.0548,-0.0991,1.0224,-0.1200,-1.9210
kagera_10.tif,train,kagera,0.3673,-2.2379,-0.7408,-0.9027,0.4179,-2.1323,0.5603,1.4753,2.3796,1.2507,0.4776
kagera_62.tif,train,kagera,0.5349,-4.3253,0.6280,0.5265,0.6738,-3.5517,-0.7371,-0.4850,1.7390,1.8964,-0.8754
vegas_36.tif,train,vegas,0.3433,1.9214,0.5416,-0.9011,-2.5411,-0.5943,-0.7797,-0.9176,2.1756,1.2263,0.2837
lambayeque_28.tif,train,lambayeque,0.4824,-0.1462,2.4747,1.1984,0.1605,-0.2730,1.4213,3.2235,0.9175,0.9530,2.3717
santiago_16.tif,train,santiago,0.2472,-2.1516,-0.9115,-1.5491,-1.3472,-4.4914,-0.7129,0.6459,-2.3426,-2.0994,0.8815
bielefeld_28.tif,train,bielefeld,0.3150,1.3070,-0.9453,-2.0637,-2.0793,1.6810,0.2235,0.6049,1.4452,-0.3483,0.4677
paris_64.tif,train,paris,0.4451,-0.0520,0.7968,-0.9775,1.9525,-1.8605,-0.6656,-1.3611,0.3976,0.8494,-0.4455
bielefeld_67.tif,train,bielefeld,0.3754,-2.5413,-1.9134,0.2538,-0.8225,-2.3101,0.8270,0.8632,1.0486,-0.1050,-0.8278
sechura_43.tif,train,sechura,0.2764,2.5052,-1.2584,2.1371,-1.8361,-0.2063,0.2176,0.3252,-0.3348,-0.4552,1.0544
ulaanbaatar_2.tif,train,ulaanbaatar,0.3951,3.9808,3.2054,-0.2759,-0.1320,1.6383,-1.0179,-0.3893,0.3353,-0.7935,-1.6930
dortmund_28.tif,train,dortmund,0.2793,1.1362,-2.2949,-1.1225,0.0383,-0.9329,0.9674,0.3408,-0.0522,-0.6271,-0.3872
melbourne_5.tif,train,melbourne,0.2529,2.6500,-1.2195,-0.8590,1.8161,0.6015,-0.0776,1.0923,-0.9343,0.8840,0.8720
rotterdam_36.tif,train,rotterdam,0.3477,1.5495,0.4870,-1.3745,-1.6009,-0.6730,-1.1111,-0.8718,0.8670,1.1417,0.0466
khartoum_23.tif,train,khartoum,0.2575,3.4518,0.4384,0.2426,-0.4208,-2.3550,-1.6828,-2.1798,-0.3820,2.2542,0.4788
chiclayo_42.tif,train,chiclayo,0.7816,0.7740,6.8358,-0.8601,1.7673,2.7620,1.4359,-2.0459,2.4445,-4.0743,-2.1675
viru_2.tif,train,viru,0.2870,3.5694,-0.4589,1.6015,-1.6738,-0.4224,0.3292,-0.7708,0.8650,-1.0149,0.8445
lodzkie_24.tif,train,lodzkie,0.2467,-2.7505,-0.6299,4.1101,-0.9776,0.0821,-0.3400,0.0042,-0.0961,0.5285,-0.7485
monrovia_50.tif,train,monrovia,0.2135,-1.6936,-0.9137,-2.1314,2.3055,-0.0975,-0.6723,0.4547,1.4285,3.4819,0.5506
monrovia_54.tif,train,monrovia,0.2174,1.5337,-0.4151,-1.2478,0.4156,1.1865,-0.2128,2.9214,0.7894,2.8310,-0.9985
kagera_43.tif,train,kagera,0.3628,-2.9518,-2.2597,0.1145,2.8101,-0.2305,0.7154,-2.0190,0.7864,0.3054,-0.9735
dortmund_26.tif,train,dortmund,0.1988,-3.0054,-1.2670,4.4474,-1.1525,0.5992,0.0283,-1.0749,-0.2365,-0.5223,0.3908
monrovia_48.tif,train,monrovia,0.1951,3.2336,-2.7179,-0.6179,1.1415,0.5100,0.1664,-0.7277,-1.2654,1.0657,-0.2984
zachodniopomorskie_10.tif,train,zachodniopomorskie,0.1452,-1.7709,-4.0407,-2.4546,0.2076,-2.3343,0.8925,0.6285,-0.8751,0.2707,-0.6024
kagera_42.tif,train,kagera,0.6242,-4.1514,1.6614,1.7785,0.0085,-2.8824,-0.6454,-1.0633,3.5348,2.1857,0.4267
podlaskie_6.tif,train,podlaskie,0.0476,-6.4832,-0.9727,-4.2539,2.0940,-4.9185,-1.4612,3.2611,-4.8819,-2.4741,-0.0384
vegas_12.tif,train,vegas,0.3335,3.6824,0.0278,-0.6080,-1.2429,0.0788,-0.0318,-1.7109,0.0604,-1.6042,-0.2145
koeln_46.tif,train,koeln,0.2996,1.0769,-2.0926,-1.1882,0.4377,-0.9280,0.7909,-0.6571,-0.3062,-1.0368,0.0527
lima_45.tif,train,lima,0.0683,4.9984,3.6127,1.5758,1.5590,1.5653,-1.9604,4.5988,-3.5718,-0.1160,2.1725
aachen_19.tif,train,aachen,0.3857,2.1088,0.1719,-0.7248,0.7989,-1.3453,-0.0079,-0.1359,0.6613,0.8879,-1.7910
chiclayo_29.tif,train,chiclayo,0.3581,-3.0904,0.7379,2.0006,-2.0126,2.9439,-0.5253,-1.5547,0.6415,-0.5693,0.1052
western_14.tif,train,western,0.5716,-3.3315,1.2716,-2.8728,-0.0012,-1.1785,0.8115,-2.8220,2.1653,-1.9503,-2.9410
duesseldorf_24.tif,train,duesseldorf,0.3706,0.6291,-0.0476,-1.3149,0.9808,0.1529,-0.2869,-1.1072,0.9692,0.2450,1.2671
zanzibar_105.tif,train,zanzibar,0.3009,-3.5360,1.5592,-2.2276,6.2829,0.6797,-0.0238,-0.0104,1.1098,0.4172,0.1328
aachen_36.tif,train,aachen,0.1489,-2.6315,-1.4900,3.2513,-2.2924,3.0918,-0.3761,-0.8826,-1.0660,-0.7933,-1.3944
paris_20.tif,train,paris,0.4235,1.8369,0.3146,-0.0097,1.9090,-0.3724,-0.1397,-2.9350,0.3502,-0.8704,0.5192
rotterdam_41.tif,train,rotterdam,0.3640,1.8056,1.7189,-0.9036,-1.5676,-1.0331,-1.3953,-0.7899,1.7118,1.7098,-0.1485
rotterdam_32.tif,train,rotterdam,0.3142,2.5624,1.7893,-1.4826,-1.6667,2.2674,-1.5008,1.1054,-0.1435,0.6891,-0.1407
lohur_15.tif,train,lohur,0.3104,-0.1682,-1.0695,1.9530,-1.6078,-0.9876,0.3681,0.0703,0.1924,-0.9128,0.2333
lodzkie_13.tif,train,lodzkie,0.1530,-1.9441,-2.2972,4.2382,1.9634,2.8688,0.3299,-1.0913,-1.2195,0.4919,-3.2489
rio_28.tif,train,rio,0.2571,-2.1638,-0.2211,-2.3420,5.1581,-0.3199,-0.1572,0.0048,0.2726,1.1573,-1.2413
mahe_45.tif,train,mahe,0.3056,0.8797,-0.5295,-2.7877,-3.3781,1.4381,0.1744,-1.0829,1.4716,-0.4086,-1.2985
rio_62.tif,train,rio,0.5980,-2.8238,2.6511,-1.8495,-1.3823,-2.9739,-1.7790,0.9496,1.2024,0.7974,1.1673
tyrolw_56.tif,train,tyrolw,0.2073,0.6677,-1.7076,1.6580,-0.1821,1.2027,0.6645,2.8888,-0.0715,0.8700,-0.3813
tonga_27.tif,train,tonga,0.3655,0.7716,-0.3530,-1.1470,3.1779,-0.1393,0.3020,-1.1431,0.6939,0.6779,-1.2352
tyrolw_33.tif,train,tyrolw,0.9843,-4.1760,8.4876,0.0221,-1.0301,-1.7258,-3.8122,-2.6228,3.2409,0.1622,3.4087
christchurch_37.tif,train,christchurch,0.2738,2.0009,-1.9296,-0.9398,0.7391,-0.2799,0.6897,-0.9618,0.2094,-0.4175,0.8195
monrovia_5.tif,train,monrovia,0.2750,1.5470,-1.2941,-0.8546,-0.4886,-0.8946,0.7865,1.6994,0.7608,0.5179,-0.8476
chincha_2.tif,train,chincha,0.2989,2.7996,0.0829,1.0168,-0.3081,0.7299,0.4790,1.5407,-0.0462,-1.7553,1.5145
koeln_25.tif,train,koeln,0.2599,-1.0449,-2.3012,1.3641,0.4028,0.8598,0.6660,1.5376,-1.0579,-0.7115,-0.2545
daressalaam_103.tif,train,daressalaam,0.3018,-0.0977,-1.7713,0.4965,2.0944,1.5106,1.0264,1.4058,0.5157,-0.0803,0.7746
chicago_32.tif,train,chicago,0.2171,5.8688,1.4239,0.8657,1.7542,-1.0050,-2.2884,-3.5212,-1.7828,1.1940,-0.5650
mahe_20.tif,train,mahe,0.3921,-2.8438,6.1199,-3.7811,-3.4505,2.0027,-4.3651,2.0314,-1.8312,0.0761,0.8686
ngaoundere_62.tif,train,ngaoundere,0.4849,1.5480,2.3347,1.3336,-0.5808,0.0658,1.1629,1.9921,3.3783,0.0663,-2.2389
soriano_2.tif,train,soriano,0.2391,0.5452,-3.0374,-1.3796,3.0908,1.2184,1.3073,-0.4951,0.0194,-0.1966,-0.2841
chincha_15.tif,train,chincha,0.3292,3.9106,0.9278,0.3519,-0.3703,-1.0023,-0.6552,-1.1258,-0.0478,-0.4241,0.5964
dolnoslaskie_34.tif,train,dolnoslaskie,0.4429,-1.7744,-0.4158,0.9277,1.0081,-0.5509,0.2068,0.1044,0.5633,-0.0565,-0.7043
chisinau_43.tif,train,chisinau,0.2443,2.8058,-1.1356,-0.5621,-1.6058,-2.0668,0.0939,0.5784,-0.0734,0.8609,-0.9467
mahe_50.tif,train,mahe,0.2004,4.2570,-1.6031,-0.2574,-0.7195,-0.4854,0.0945,0.5627,-1.0487,0.5596,-0.5481
coxsbazar_66.tif,train,coxsbazar,0.3423,-5.7307,0.4609,-0.8355,0.9985,-3.8962,-0.9470,0.3967,-1.7131,-2.0810,2.2848
lubuskie_13.tif,train,lubuskie,0.3950,-3.6516,-0.5504,0.1944,2.5928,1.4573,-0.0909,-1.2281,1.3144,-0.0936,2.0759
baybay_38.tif,train,baybay,0.1622,-3.8795,-1.8568,2.7707,0.0065,-0.0206,0.0734,1.1907,0.3737,2.2833,-1.6609
muenster_52.tif,train,muenster,0.2195,-1.6121,-1.8770,3.2902,0.4640,1.3921,0.2615,-1.4303,-0.3619,-0.3334,0.5959
lohur_30.tif,train,lohur,0.2396,-2.1191,-1.7393,1.1021,3.3698,2.3260,0.5141,1.8582,-0.2962,0.4566,0.7458
chiclayo_44.tif,train,chiclayo,0.7835,-1.6210,5.8441,1.7158,0.1599,-1.0550,1.2259,-0.3564,3.4085,-1.3902,-2.4124
muenster_43.tif,train,muenster,0.3034,0.7974,-1.8863,-1.3659,0.9052,-0.8208,0.6899,-0.3723,-0.0151,-0.6398,0.2605
daressalaam_120.tif,train,daressalaam,0.2308,1.6106,-1.4387,-1.2131,-0.6134,-1.2724,0.4263,2.9982,-0.4317,0.9309,-0.9692
khartoum_8.tif,train,khartoum,0.3329,3.7677,0.9448,0.0918,1.6941,0.6785,-0.4343,-0.1539,-0.7128,-1.0846,0.7566
kyoto_22.tif,train,kyoto,0.3759,0.3611,-0.0248,-0.4921,-2.4103,0.4995,-0.1075,-1.6701,2.0726,-0.8817,0.9232
aachen_2.tif,train,aachen,0.1435,-4.8712,0.0792,3.2822,-0.3336,0.2875,-0.6200,2.1328,-0.8053,-0.8010,0.6504
mazowieckie_2.tif,train,mazowieckie,0.1775,-0.6990,-1.4210,5.0855,0.6642,2.6003,-0.2320,-1.0149,-0.9214,0.9564,-0.6928
podkarpackie_6.tif,train,podkarpackie,0.4917,-4.7765,-1.0934,0.4620,2.2269,-1.2755,-0.4320,0.6333,0.9374,2.4406,1.0308
daressalaam_107.tif,train,daressalaam,0.2353,2.1850,2.7427,-0.6423,-2.1274,1.0095,0.0496,4.4824,0.0665,-1.2340,-0.8481
sechura_17.tif,train,sechura,0.4474,-0.0748,5.0270,-3.4168,-6.4122,3.4802,2.5694,-2.4475,0.3964,-0.1928,-1.9180
zanzibar_61.tif,train,zanzibar,0.2445,-3.8509,-2.3852,0.0062,-0.2977,-1.8789,0.6620,1.4462,1.2231,1.2463,0.3245
vienna_54.tif,train,vienna,0.2471,0.3880,-2.5721,-0.9838,-0.6729,-1.3540,1.2291,-0.4037,1.7939,-0.7311,2.1087
muenster_22.tif,train,muenster,0.2963,2.5790,-1.3016,-0.9618,-0.1231,-1.3180,0.2515,0.1476,-0.6699,-0.4540,-0.5925
melbourne_41.tif,train,melbourne,0.2665,2.8294,-1.4979,-0.5976,0.0246,-1.0296,-0.1944,-0.3048,-1.0972,0.3867,-0.0261
mahe_6.tif,train,mahe,0.0698,-4.9355,-1.8723,-1.0470,-2.6070,-4.8185,0.5604,-1.9140,-1.8078,-4.6077,1.0682
ulaanbaatar_33.tif,train,ulaanbaatar,0.3817,4.0827,3.3592,0.5277,1.7364,-0.2514,-0.7397,2.0128,-1.0251,-0.4754,-3.7536
vegas_30.tif,train,vegas,0.2637,3.3383,-1.8238,-0.6547,-0.6066,-0.9330,0.2923,-2.6867,-0.8638,-2.2725,1.2231
chicago_18.tif,train,chicago,0.0884,4.3851,2.9924,0.4253,4.2690,3.2160,-0.9881,4.3911,-2.5345,-0.4061,-0.5914
duesseldorf_63.tif,train,duesseldorf,0.1186,-4.0078,-1.7045,4.8516,0.0467,0.5010,-0.9357,-2.2772,-1.4071,1.6015,-1.1626
dortmund_46.tif,train,dortmund,0.2597,1.9136,-1.8116,-0.8458,-0.2162,-0.8622,0.3875,0.2683,0.0101,0.3082,0.5139
vegas_43.tif,train,vegas,0.2620,4.9817,0.6322,1.1583,-1.1461,-0.7302,-0.5057,-1.7608,-0.1268,-0.3561,0.7661
zanzibar_110.tif,train,zanzibar,0.3900,-1.7033,0.6448,-1.9195,1.5458,-2.2401,-0.0619,1.1545,0.1795,-1.2280,0.7716
dortmund_31.tif,train,dortmund,0.2965,0.5880,-2.1851,-1.1606,0.6436,-1.0408,0.5261,-0.7247,-0.2207,-0.3972,0.4653
accra_22.tif,train,accra,0.3377,0.3807,-1.1858,-1.1925,-0.0176,-2.1975,0.0254,0.2978,-1.1095,-0.5954,-0.6434
baybay_63.tif,train,baybay,0.1852,-0.1485,-2.7565,-0.4806,-3.9767,3.6415,0.3547,-1.2244,0.4276,-0.6257,-0.2168
monrovia_55.tif,train,monrovia,0.1587,0.7421,-2.5506,-1.3363,1.4251,1.1919,0.8970,1.1067,1.6439,1.8416,0.2398
bielefeld_12.tif,train,bielefeld,0.2712,-1.9146,-0.8291,0.9620,-0.2259,4.0898,-0.6641,-2.4631,-0.0868,0.0468,-2.2147
khartoum_53.tif,train,khartoum,0.3451,3.8453,1.5284,0.1917,-0.5465,-1.9948,-1.5578,0.3096,-0.8560,1.2212,0.8071
pisco_48.tif,train,pisco,0.2007,4.1141,2.4327,0.5274,-0.2348,0.1746,-0.5702,4.3789,-1.4367,-0.4097,-0.0372
mahe_29.tif,train,mahe,0.2745,3.1588,-1.5836,-0.7738,1.0675,0.3103,0.8353,0.6223,-1.4160,-1.1702,-1.2066
coxsbazar_20.tif,train,coxsbazar,0.3443,-0.1130,-0.0233,1.4738,-2.6154,-0.5871,0.1186,0.2201,1.5204,-0.4484,0.6626
slaskie_24.tif,train,slaskie,0.1691,-0.1527,-2.9917,-1.6846,3.6701,1.7591,1.4446,1.4206,0.5827,0.2559,1.1032
chicago_24.tif,train,chicago,0.5982,0.7847,0.1814,1.1224,-0.6808,0.1907,1.3423,-0.4030,2.5808,-1.7834,2.1673
rotterdam_48.tif,train,rotterdam,0.3690,1.6300,0.9690,-1.1156,-2.1777,-1.2994,-1.2681,-1.6201,1.3464,1.0212,0.2075
coxsbazar_5.tif,train,coxsbazar,0.2969,-6.3717,-0.1771,-0.7171,2.5244,-3.1012,-1.1566,0.9106,-2.6844,-0.2180,-1.2741
zanzibar_76.tif,train,zanzibar,0.2640,-5.5764,-1.9185,0.4216,0.5161,-2.8884,-0.4799,-0.2974,-0.3769,1.7566,-1.5560
pisco_7.tif,train,pisco,0.2069,0.6120,-0.4214,4.2810,-1.6284,0.6760,-0.2921,0.1585,-1.3904,-0.7913,-0.8449
chiclayo_8.tif,train,chiclayo,0.2268,2.6472,-0.3363,2.7804,-2.7152,0.4631,1.3334,2.7270,0.1989,0.3785,1.4455
abancay_32.tif,train,abancay,0.3095,3.2530,-0.2736,0.1075,-0.0162,-0.1987,0.3174,0.5812,0.5325,-0.3119,0.9448
khartoum_59.tif,train,khartoum,0.4943,1.0962,3.0928,-0.2015,0.5475,-1.3761,-0.4912,-0.1968,1.4185,0.0431,-0.5269
svaneti_11.tif,train,svaneti,0.3159,-3.0473,-1.1190,1.1663,-0.4812,-0.9532,0.5236,1.8678,1.6735,1.3366,-0.0768
wielkopolskie_3.tif,train,wielkopolskie,0.0831,-4.0373,2.1972,6.2064,1.2688,1.0037,-2.5875,-1.6379,-1.7397,1.2829,0.2060
aachen_51.tif,train,aachen,0.2701,-1.1876,-1.4445,2.8501,1.1158,1.6765,0.3793,-0.8221,-0.2154,-0.5146,0.4251
kyoto_29.tif,train,kyoto,0.2928,1.9717,-0.6083,-0.5798,-0.3229,-0.7714,0.2103,1.0678,-0.2636,-0.9323,1.5426
tokyo_37.tif,train,tokyo,0.3007,-1.2671,3.9284,-3.6521,-2.8841,3.6921,11.1850,-0.7060,-4.0754,4.7751,3.2117
ulaanbaatar_28.tif,train,ulaanbaatar,0.3204,4.6161,2.6968,0.9421,0.8165,-0.0817,-0.9649,1.1145,-1.3824,-0.5420,-1.8553
kujawsko-pomorskie_2.tif,train,kujawsko-pomorskie,0.3985,-6.9502,1.8881,-0.6402,-0.7406,-2.1291,-1.9234,-1.0450,0.8864,-1.6393,5.1495
vienna_40.tif,train,vienna,0.2433,3.4085,-1.0868,-0.3472,2.2972,1.5017,0.1208,-0.1886,-0.9783,-0.2659,0.6805
vegas_42.tif,train,vegas,0.8561,0.7631,9.4383,0.8568,0.2852,-1.7057,0.9733,-0.1780,4.8510,-0.3013,-0.5759
koeln_54.tif,train,koeln,0.3334,0.8244,-0.8551,-1.0551,0.4361,-1.2804,0.3175,0.2454,0.4271,-0.2816,0.2133
bielefeld_15.tif,train,bielefeld,0.4347,0.8529,-0.0576,0.8299,1.3734,0.4186,1.0517,-0.6844,1.6866,-1.0138,-1.8314
podkarpackie_5.tif,train,podkarpackie,0.2750,-4.2288,-0.9705,4.0031,-0.8929,-0.6303,-0.2755,-1.7802,1.3975,1.7337,-0.2340
dolnoslaskie_15.tif,train,dolnoslaskie,0.3438,-3.8971,-1.7962,1.3843,-1.1318,0.0317,0.2796,-1.4515,1.5915,0.8662,-0.5843
rio_27.tif,train,rio,0.4399,-0.5983,0.1452,-1.2568,0.1509,-3.0092,0.0606,-1.9538,0.9487,-1.0212,-0.0842
piura_19.tif,train,piura,0.1717,5.4808,-0.5194,1.0499,-2.1563,-0.9975,-0.6624,-0.1089,-1.5723,0.1338,0.5092
zachodniopomorskie_9.tif,train,zachodniopomorskie,0.2067,-6.8018,3.1035,-5.7601,-3.0672,-1.2474,-3.1232,0.9364,-2.9843,-2.9805,-0.8707
rotterdam_42.tif,train,rotterdam,0.4022,0.9604,1.5206,-1.6186,-2.2548,-0.8525,-1.7087,-1.4828,0.9219,0.7857,0.5043
dortmund_69.tif,train,dortmund,0.1362,0.0947,-3.9035,1.7131,-2.2301,0.1181,1.4521,1.0664,0.5398,0.1560,-0.2531
kagera_9.tif,train,kagera,0.4823,-2.7731,0.0343,1.4246,0.0342,-1.5776,0.0805,0.0685,2.3733,1.5035,0.4932
shanghai_9.tif,train,shanghai,0.2454,5.4017,2.3677,1.2704,1.4621,0.1307,-1.7282,0.9090,-3.1640,0.5580,-1.7162
melbourne_16.tif,train,melbourne,0.2804,2.0738,-1.5799,-1.0255,1.4318,-0.3601,-0.2631,-1.0783,-0.6549,0.5209,1.5017
western_26.tif,train,western,0.3505,1.3284,0.3828,0.8260,-0.6434,1.0126,1.9836,2.4518,2.7179,-1.4618,-0.8936
duesseldorf_53.tif,train,duesseldorf,0.3253,-0.0428,-1.5231,1.2273,0.8462,0.7486,0.8155,-0.3727,0.6624,-0.4441,0.0353
viru_50.tif,train,viru,0.1690,1.3843,-0.3721,4.6567,-1.6865,1.6254,0.0678,1.0237,-0.8646,-0.7056,-0.5854
muenster_12.tif,train,muenster,0.1967,-1.7836,-2.4439,2.7444,-0.2944,0.7154,0.4560,-0.3615,-1.7192,-1.9116,-0.0682
monrovia_11.tif,train,monrovia,0.2684,1.7971,-1.7036,-0.8374,-0.4000,-1.3037,0.4342,1.3370,-0.3560,0.8361,-1.7749
wielkopolskie_38.tif,train,wielkopolskie,0.1566,-2.5740,-2.2700,4.7747,0.1975,1.8439,0.0537,-1.7594,-0.2941,1.1384,-0.1408
kitsap_28.tif,train,kitsap,0.2431,3.5268,-1.4594,-0.5071,-0.0740,0.0239,0.7924,-0.0383,-0.2060,-1.4544,0.6646
chiclayo_45.tif,train,chiclayo,0.5731,-2.9221,9.6978,-2.3149,-0.0897,1.4569,-2.8454,1.2015,-1.0918,-3.2482,-2.1917
aachen_55.tif,train,aachen,0.2956,-2.2775,-1.9620,0.0850,-0.7650,1.4162,0.3800,-0.3111,1.1479,-0.1722,1.1430
wielkopolskie_28.tif,train,wielkopolskie,0.2056,2.1837,-1.7502,-0.8055,5.2270,2.6892,0.0990,-0.5993,-1.3413,0.8604,0.3461
tonga_1.tif,train,tonga,0.3120,2.4939,-1.1231,-0.5421,2.2769,0.7005,0.1622,-0.7399,-0.5570,0.2714,0.0971
kujawsko-pomorskie_11.tif,train,kujawsko-pomorskie,0.2393,0.1350,-2.6668,-1.9799,2.6068,0.0567,0.5824,0.4651,-0.9060,0.0841,0.3023
muenster_37.tif,train,muenster,0.2216,1.7349,-0.5857,-2.7364,-2.9869,2.3532,-1.4393,0.5458,-0.2942,1.7914,0.4125
duesseldorf_30.tif,train,duesseldorf,0.2777,3.3795,-0.8782,-0.3133,0.4337,-0.4562,0.0036,-0.0915,-0.5749,0.3823,-0.7643
lohur_1.tif,train,lohur,0.2619,-1.8166,-1.1716,1.6419,1.0093,0.7659,0.4297,1.2154,0.6271,0.8070,0.0938
muenster_20.tif,train,muenster,0.1702,-3.1665,-2.9860,0.2764,-1.0940,4.3009,-0.0021,0.1930,0.2108,1.2332,-0.4146
zanzibar_65.tif,train,zanzibar,0.4827,-5.5645,3.5906,-0.7660,-0.3075,-5.2797,-1.5272,2.2353,-0.6682,-2.8583,0.5783
mazowieckie_12.tif,train,mazowieckie,0.1102,-4.4672,-3.4769,-0.3432,-1.9277,-4.0888,-0.4362,1.5968,-1.3376,1.7942,-0.0575
chincha_21.tif,train,chincha,0.3917,2.6625,1.7350,2.3977,-1.5119,0.4229,0.6391,1.8998,1.1125,-2.5404,1.9670
khartoum_2.tif,train,khartoum,0.3228,4.3650,1.7977,0.9474,-0.9689,-1.9018,-1.6382,-1.5468,-0.3439,1.1446,1.0411
kampala_3.tif,train,kampala,0.2263,2.4972,-2.0355,-0.8120,1.6582,0.8767,0.5062,0.0424,-0.3213,0.5879,0.0012
vienna_17.tif,train,vienna,0.4547,1.3398,1.7028,0.1711,-2.0172,-3.0827,-1.4690,1.7070,-0.5922,1.1219,0.0506
dowa_1.tif,train,dowa,0.3863,-0.6884,-0.3495,1.2146,0.6367,0.4410,1.0884,1.3108,1.8524,-0.1350,-0.9975
accra_41.tif,train,accra,0.4291,1.4101,1.2364,-0.9679,4.1135,0.3757,0.1284,-0.9958,-0.1575,-1.3388,-1.5541
vegas_6.tif,train,vegas,0.2676,5.0110,0.1442,0.9743,-0.8784,-0.8441,-0.5496,-2.9384,-0.4683,-0.7259,0.9702
melbourne_55.tif,train,melbourne,0.2810,2.1569,-0.3759,-0.9778,3.0849,1.0570,-0.2105,1.0431,-1.5573,-0.5290,1.0165
rio_16.tif,train,rio,0.2444,4.5982,3.8850,1.6197,-0.0453,-1.0012,-2.1059,2.7652,-0.9876,2.3175,-2.2352
rio_36.tif,train,rio,0.2222,-0.3517,-1.4076,-2.1887,2.4555,-0.4357,-0.0818,1.7208,0.3797,2.5511,0.3953
christchurch_29.tif,train,christchurch,0.2138,1.3328,-3.0618,-1.5628,2.5170,0.5765,0.7098,-0.2578,-1.2094,0.1803,-0.3273
zanzibar_68.tif,train,zanzibar,0.2900,-4.6460,-1.9182,-1.1657,0.7443,-2.9786,0.3672,0.0853,2.2723,1.9139,0.7983
rotterdam_47.tif,train,rotterdam,0.4539,0.7557,4.9593,-0.5209,5.7703,0.4253,-2.5655,0.4159,-2.8643,-1.8952,0.8716
kagera_59.tif,train,kagera,0.4289,-2.9744,-1.4254,1.8948,0.7125,-0.7353,0.1026,-2.1638,1.2010,0.5986,1.2039
soriano_18.tif,train,soriano,0.1854,1.2055,-1.8992,-1.4967,4.3253,1.8507,0.4628,0.7132,-1.2740,0.0961,0.0473
duesseldorf_9.tif,train,duesseldorf,0.2872,3.2430,0.0510,-0.3228,0.0779,0.2602,0.6040,-0.1228,0.6760,0.0601,0.1364
svaneti_70.tif,train,svaneti,0.4213,-1.8563,-1.0571,-1.6790,0.7531,-1.8920,1.2296,1.4968,2.8092,0.9183,-1.5372
zanzibar_92.tif,train,zanzibar,0.3708,-0.1098,0.1344,-1.2353,3.3549,-0.4281,-0.1635,-0.3602,-0.4952,-0.2398,-1.7277
chincha_13.tif,train,chincha,0.3533,1.8360,0.5835,1.5786,-1.2801,-0.3375,0.2964,2.4730,0.0234,-1.2729,0.3372
zanzibar_135.tif,train,zanzibar,0.2149,-4.0872,-0.6264,-2.6298,2.1505,-0.7889,0.9490,3.5059,1.9673,0.4140,1.1570
pomorskie_19.tif,train,pomorskie,0.1493,-6.9425,0.4223,0.2217,-3.2529,-3.7242,-1.5446,0.7063,-0.2992,-1.9911,2.9408
melbourne_59.tif,train,melbourne,0.3244,-1.0092,-0.7567,-2.4847,0.1238,0.5526,1.1212,0.3962,1.3038,-1.2547,-0.4608
monrovia_1.tif,train,monrovia,0.2333,3.7067,-0.7751,-0.4258,-0.4061,-0.4372,0.1252,1.8269,-0.7134,0.7131,-0.8691
dhaka_17.tif,train,dhaka,0.1929,4.1436,-0.0596,0.8607,-1.3039,-1.1971,-0.8192,-1.4000,0.0703,1.8263,-0.7986
lohur_28.tif,train,lohur,0.2657,-1.4190,-1.9799,0.0290,0.3062,1.8826,0.9503,0.6538,0.7384,-1.0295,0.4022
duesseldorf_57.tif,train,duesseldorf,0.3979,0.1530,-0.0908,1.8441,-0.2245,0.0048,0.7875,-0.0211,1.9016,-0.6297,0.1414
tyrolw_58.tif,train,tyrolw,0.3670,1.3849,-0.8450,-1.7370,-2.5044,-0.5689,0.3930,-0.5312,1.3585,-0.4555,-0.2498
western_20.tif,train,western,0.5534,-4.2150,5.2571,-3.7427,-1.1186,-1.9780,7.5624,-2.2207,-3.6555,-0.5460,-0.3212
shanghai_70.tif,train,shanghai,0.3402,1.7090,1.3358,-1.1841,2.4830,2.5258,-0.9815,-0.3316,0.4283,0.7551,0.9419
chiclayo_25.tif,train,chiclayo,0.2146,-5.5234,3.2453,4.1703,2.0191,0.3498,-2.5412,-2.9534,-2.1956,-0.9777,1.1974
tyrolw_15.tif,train,tyrolw,0.5008,-1.9542,-1.4886,0.9263,-1.2043,-2.7027,0.6860,-1.6656,0.7766,-0.9202,-1.6666
christchurch_33.tif,train,christchurch,0.2570,2.5238,-2.3540,-0.7784,1.5400,0.6114,0.7348,-1.2535,-0.5713,-0.8007,0.6242
khartoum_14.tif,train,khartoum,0.5275,2.3740,6.1419,0.1507,1.1409,-1.1624,-3.2030,1.5210,-0.7909,1.9868,-0.1418
chiclayo_48.tif,train,chiclayo,0.8307,-4.6686,10.2990,2.7988,1.8996,-2.5010,-0.4093,-2.6176,1.1467,-2.5971,-2.9126
kyoto_46.tif,train,kyoto,0.3952,-0.7563,1.7190,-0.1663,-0.2887,3.5696,-0.8996,0.6235,0.9081,-0.7233,-0.5011
niamey_8.tif,train,niamey,0.2659,1.7176,-1.1508,-1.7436,-0.5480,1.2525,0.3339,1.8618,-0.0541,-0.0245,-0.2644
lambayeque_3.tif,train,lambayeque,0.2477,3.4084,-0.7691,0.2372,-1.7774,-1.0372,0.5877,1.1064,0.2412,-0.0144,-1.4415
lima_16.tif,train,lima,0.2406,3.3422,0.6544,-0.2069,3.1765,3.1842,0.9006,1.3184,0.3602,-0.9954,0.6848
kitsap_43.tif,train,kitsap,0.1718,-5.2273,-0.2290,-3.8786,2.7041,-4.1487,-0.8033,1.7285,-2.5098,-0.8355,-0.0447
dhaka_36.tif,train,dhaka,0.2951,-0.2566,0.0623,-1.4539,-2.5533,1.2745,-0.7691,0.4168,2.4382,1.8411,1.3301
lohur_31.tif,train,lohur,0.2467,-1.7797,-0.8236,2.8108,0.5317,0.9027,-0.0213,0.2783,-0.0561,0.4306,0.4124
dolnoslaskie_28.tif,train,dolnoslaskie,0.2817,-2.9464,-1.5836,2.7792,0.1803,-0.3820,-0.0860,-1.6993,0.1929,0.3605,-0.0751
rio_57.tif,train,rio,0.1746,-3.4773,-2.3217,-2.7554,0.8898,-3.4139,-0.2044,2.3548,-1.4427,1.0883,-1.3965
chincha_26.tif,train,chincha,0.2730,3.6071,-0.0294,1.8643,-0.6722,0.5749,-0.0006,1.0051,-1.0017,-1.6865,0.7042
chiangmai_6.tif,train,chiangmai,0.2656,-0.8323,-2.0689,-1.9498,-0.4210,-2.7430,0.7372,0.8050,-0.0226,-0.3652,-0.9366
svaneti_68.tif,train,svaneti,0.2418,-5.1640,0.4897,1.0196,1.6177,-0.9943,-0.4100,1.3123,-2.0068,-1.7830,-1.0040
chiangmai_12.tif,train,chiangmai,0.2471,0.9599,-1.7176,-2.9796,-1.9467,1.6716,-0.0699,0.4264,-0.0271,-0.0006,-0.2630
svaneti_53.tif,train,svaneti,0.4943,-4.1490,2.3923,2.2873,1.4777,1.1093,0.1898,-2.8099,2.8126,-0.4096,0.0714
ngaoundere_32.tif,train,ngaoundere,0.3519,0.0115,-0.8611,1.6684,-1.3522,-1.0141,0.3165,1.2820,0.6539,0.4364,-0.9766
kitsap_24.tif,train,kitsap,0.3305,3.1161,-0.1439,-0.3688,0.3321,-0.2948,0.6099,-0.3077,0.2664,-1.7186,0.0203
muenster_3.tif,train,muenster,0.1387,-0.6965,-2.7224,3.2420,-0.2380,1.8036,0.4072,1.0772,-1.6375,-0.1689,-0.4746
zanzibar_55.tif,train,zanzibar,0.2177,-5.8920,1.0459,-2.5342,-3.5621,-5.2187,-1.5738,1.1067,-1.5879,-2.0183,-0.2908
chincha_40.tif,train,chincha,0.7276,-1.0591,6.9470,1.9527,-0.0949,-0.4242,1.0200,2.6582,2.7378,-2.6410,0.4117
daressalaam_32.tif,train,daressalaam,0.2468,2.9881,-1.3183,-0.4539,-1.5589,-2.0085,-0.0460,0.3426,-0.7657,0.4525,-0.8915
tonga_37.tif,train,tonga,0.1956,-2.5821,-2.1160,2.1655,2.8187,2.1062,0.5217,0.4477,0.2793,1.7478,-1.0796
rosario_8.tif,train,rosario,0.3889,0.8963,0.9165,-0.7264,2.3788,1.1792,1.3069,0.2149,1.4140,-1.5072,-0.9482
sechura_8.tif,train,sechura,0.1976,4.9885,0.2995,0.6514,-0.8696,-0.1361,-0.5331,1.7544,-1.8078,0.0884,-0.1553
tokyo_50.tif,train,tokyo,0.3029,-2.8462,1.0031,3.8079,-0.6652,-0.1079,-0.5971,0.0634,-0.0400,-0.8455,0.4577
dolnoslaskie_16.tif,train,dolnoslaskie,0.2247,-4.0651,-1.2891,3.5165,0.6899,-0.1883,-0.6626,-2.7485,-0.6201,0.7401,-0.0788
tonga_29.tif,train,tonga,0.3038,0.8705,-1.4426,-0.8665,2.0976,0.8098,0.7920,0.9180,0.2623,-0.1489,1.1344
slaskie_37.tif,train,slaskie,0.1098,-5.0998,0.4880,-6.5377,-3.5033,3.3536,-3.8668,-2.8733,-2.1017,0.3635,0.5692
swietokrzyskie_6.tif,train,swietokrzyskie,0.1257,-1.7813,-4.4696,0.6707,-1.2017,-0.4941,1.2095,1.4288,-1.0131,-0.6334,0.3300
rotterdam_49.tif,train,rotterdam,0.3622,1.7703,1.4065,-1.0538,-1.3037,-1.1173,-1.0336,-0.7813,1.8707,1.4562,-0.4133
mazowieckie_32.tif,train,mazowieckie,0.1764,0.3038,-3.3048,-1.8555,1.6770,0.2832,1.1179,2.0715,-2.2240,-1.6131,-0.2410
lodzkie_22.tif,train,lodzkie,0.1091,-4.7146,2.1015,4.9612,-0.0796,-0.0491,-2.0372,1.1169,-2.2607,0.2482,-2.1894
kagera_12.tif,train,kagera,0.3939,-0.9970,0.2590,-1.5080,0.1033,-1.0159,1.8790,2.1488,3.7835,0.2370,-0.4378
lubuskie_3.tif,train,lubuskie,0.1203,-5.0846,-0.3769,-2.9244,-0.8410,-6.5508,-1.6104,2.9434,-3.4646,-1.6465,-0.2802
christchurch_26.tif,train,christchurch,0.2417,-3.7295,-1.7891,-2.7115,3.0433,-1.8299,0.7620,1.0917,0.6432,-0.5397,-0.3830
muenster_23.tif,train,muenster,0.2430,-2.2473,-3.2343,-0.9678,-2.7547,1.7102,-0.2416,-1.3917,-0.5474,0.0189,-0.0294
kitsap_36.tif,train,kitsap,0.2056,-1.3891,-1.8400,-2.3132,0.1357,-1.3450,1.1349,1.6807,0.2875,-0.7837,0.2872
kyoto_60.tif,train,kyoto,0.3190,3.6832,1.3955,1.8907,-0.9196,-0.2798,-0.5843,0.3677,0.7010,-0.2647,2.3577
vegas_47.tif,train,vegas,0.2778,4.6159,-0.0103,0.6397,-0.8232,-1.2362,-0.7538,-2.0420,-1.4102,-0.3930,0.2567
western_21.tif,train,western,0.6055,-1.6280,4.6796,-2.3212,-2.5572,-0.3537,5.1020,-0.8457,0.7127,0.5540,-2.2952
lubuskie_1.tif,train,lubuskie,0.2199,-4.9529,0.6065,-2.4078,-0.2855,-5.4739,-1.2790,2.0824,-0.9858,-0.7255,1.0034
kitsap_1.tif,train,kitsap,0.2264,-2.6115,-1.9219,-2.0686,-0.2963,-3.2799,0.3039,-0.2249,0.1440,-1.0437,1.5441
western_10.tif,train,western,0.2030,0.1900,-2.4500,-1.2560,-0.7836,-1.0488,0.8950,2.5936,-0.2469,-0.1326,0.6062
dowa_21.tif,train,dowa,0.3244,2.9352,1.7703,1.5442,-1.5085,-0.9149,-0.6181,2.3738,0.0365,0.2093,0.3497
piura_30.tif,train,piura,0.3244,0.9515,-1.0778,-1.2276,0.5682,-1.0549,0.5593,2.1031,-0.3477,-0.1952,-1.3200
dortmund_58.tif,train,dortmund,0.2232,1.9474,-1.9256,-1.0637,-0.7466,-1.6846,-0.0182,0.8078,-0.3726,1.5188,-0.2481
baybay_65.tif,train,baybay,0.1152,-4.7258,-2.8430,1.3441,-1.3797,-2.3733,-0.4012,2.3345,-1.6766,1.1243,-0.5074
piura_37.tif,train,piura,0.1747,-5.1865,0.8740,3.2169,0.3645,-0.5166,-1.3199,1.7818,-3.4104,-1.4070,-0.8349
accra_15.tif,train,accra,0.2013,-2.6572,-1.3412,-2.8436,4.2944,1.9017,0.1218,0.6476,1.0426,1.7179,0.2685
zanzibar_95.tif,train,zanzibar,0.2060,-2.1016,0.3909,-2.2176,5.6538,1.0177,0.6507,0.8704,0.9564,-0.8459,-1.2522
monrovia_67.tif,train,monrovia,0.3082,0.4733,-1.2606,-1.3812,-0.1702,-2.1260,0.4225,0.9245,0.6854,1.1214,-1.4194
wielkopolskie_23.tif,train,wielkopolskie,0.1544,-1.7386,-1.4735,4.5340,-0.2732,1.4335,-0.0189,-0.2291,-0.7713,0.7977,-1.8550
lodzkie_11.tif,train,lodzkie,0.1497,-5.3588,2.1550,2.9723,-1.1692,3.4380,1.0431,-4.0324,-0.4888,-1.1177,-3.8292
soriano_15.tif,train,soriano,0.2534,3.4581,-1.2725,-0.1138,0.5307,-0.1296,-0.1708,-1.8378,-0.1473,0.3613,1.1503
duesseldorf_25.tif,train,duesseldorf,0.2974,-6.0019,1.2653,-0.6240,-1.3613,1.6384,-2.3152,-1.0260,-2.8396,-3.8493,2.0306
chincha_50.tif,train,chincha,0.2334,3.2271,-0.9096,1.2831,-0.4438,0.8690,0.3126,1.6908,-0.7470,-0.6886,0.6959
bielefeld_55.tif,train,bielefeld,0.3586,1.3120,-0.8571,-0.8198,0.4070,-1.2319,0.6442,-0.7205,0.8797,-0.3963,-0.9080
dowa_16.tif,train,dowa,0.2075,2.7545,-0.5954,0.4803,-1.0871,0.2307,0.5119,3.7798,-0.0726,0.1053,0.9301
duesseldorf_38.tif,train,duesseldorf,0.3162,3.8305,0.4802,0.2788,-0.2520,-1.2514,-0.8550,-0.6986,-0.9375,0.3545,-0.3283
melbourne_9.tif,train,melbourne,0.3150,1.3012,-0.8639,-1.4199,1.8807,-0.3449,-0.2980,0.8829,-1.6970,-0.9710,1.5016
ica_20.tif,train,ica,0.2370,4.0349,4.4312,1.3665,-1.2344,0.5339,-0.0413,3.6559,-0.1497,-2.4384,0.7893
melbourne_65.tif,train,melbourne,0.2812,1.1551,-2.1874,-1.9573,1.0178,1.2913,0.6636,0.1552,-0.5390,-1.0097,-0.1270
bielefeld_16.tif,train,bielefeld,0.2017,-3.5272,-2.2832,2.6307,-1.6291,-1.1379,0.4463,-1.3714,0.4150,-0.6516,1.1298
monrovia_66.tif,train,monrovia,0.3632,-0.8962,-0.3158,-0.9648,-0.4531,-0.2196,0.6277,2.7519,2.6391,1.4378,-0.7281
paris_2.tif,train,paris,0.4676,0.2798,0.6647,-0.8181,1.5409,-1.8974,-0.4050,-1.2931,0.2435,0.3521,-0.8660
chisinau_7.tif,train,chisinau,0.2082,3.6805,-1.2170,-0.0164,-1.6488,-1.5260,-0.2916,0.4443,-1.1238,0.6617,-0.3917
piura_32.tif,train,piura,0.3762,1.2476,0.1922,0.7063,-1.5813,-0.0938,1.7332,1.1842,1.6233,-1.4910,-0.0486
santiago_45.tif,train,santiago,0.2728,-3.1932,-1.2479,-1.9337,3.1245,-0.4666,1.0000,0.7516,2.1605,0.0392,0.6223
lubuskie_4.tif,train,lubuskie,0.2250,-4.0935,-2.1570,0.4313,4.1964,0.7741,0.1585,-1.7517,-0.8674,-0.3772,-0.1827
piura_27.tif,train,piura,0.2500,4.2311,-1.1843,-0.1703,-1.4072,-1.7886,-0.2490,-1.4775,-0.9740,-0.1635,-0.7718
chisinau_50.tif,train,chisinau,0.1834,2.1531,-2.1900,-0.7457,-0.3829,0.1593,1.0789,3.2301,0.3603,0.6276,0.4285
rio_15.tif,train,rio,0.2051,4.9169,3.6623,1.5187,0.1471,-0.4455,-1.5097,2.8373,-0.6338,2.0252,-2.8150
dhaka_24.tif,train,dhaka,0.2510,1.9525,-0.2428,-2.4103,-1.8871,4.0610,-0.7045,0.0973,0.8878,0.2238,1.0462
abancay_1.tif,train,abancay,0.4227,-1.8146,1.1983,0.1869,1.8587,0.5220,0.5495,2.1796,1.5907,-1.5682,2.9190
vienna_50.tif,train,vienna,0.1860,3.0420,-2.2966,-0.9547,0.5822,0.1957,-0.2795,1.5650,-1.3289,2.1098,0.1171
zanzibar_24.tif,train,zanzibar,0.2796,-5.4362,0.1103,-3.3763,3.2042,-4.0419,-1.0778,-0.2908,-1.9147,-0.3842,0.4229
svaneti_39.tif,train,svaneti,0.2049,-3.6479,-1.9777,3.4432,1.3840,1.0835,-0.2364,-1.6101,-0.0996,1.5694,0.1738
daressalaam_61.tif,train,daressalaam,0.3335,2.0893,0.7465,-0.5288,-1.9738,-2.0413,-0.5926,-3.2689,1.9369,1.5919,-0.4670
santiago_35.tif,train,santiago,0.2684,4.0712,-0.8200,-0.0448,0.9204,0.4285,-0.0680,-0.9675,-0.4606,-0.3418,0.9778
koeln_45.tif,train,koeln,0.3162,2.0899,-0.7206,-0.8866,0.1701,-0.5962,0.5159,1.2310,0.4286,-0.2711,0.3470
svaneti_41.tif,train,svaneti,0.5274,-1.9418,0.7150,-1.8555,-1.0004,-0.3697,2.1633,0.1387,4.3404,-0.9119,-1.6472
zanzibar_108.tif,train,zanzibar,0.2001,-1.9441,-1.1307,-2.2924,5.7627,1.0013,0.1668,1.0028,-0.9278,0.2937,-0.0268
koeln_70.tif,train,koeln,0.2634,3.3624,0.7527,-0.4217,2.3447,0.9369,-0.7310,1.9916,-1.0147,1.3923,-0.0225
lima_5.tif,train,lima,0.2869,2.8668,4.6772,-0.6241,-2.8068,2.3981,0.1796,-2.9359,0.9363,2.1525,0.1427
zanzibar_13.tif,train,zanzibar,0.3954,-6.6969,1.2138,-0.8782,1.8122,-4.5983,-1.8876,-0.9263,-2.5017,-0.4956,-0.1952
lodzkie_4.tif,train,lodzkie,0.2722,-4.2733,0.8144,4.4348,-0.2397,-1.6193,-1.5332,0.0499,-0.3572,2.3935,-3.8073
tokyo_19.tif,train,tokyo,0.3323,2.2900,0.7418,1.3862,0.3461,0.8483,0.0815,1.2234,1.6324,0.2817,2.3709
sechura_24.tif,train,sechura,0.2135,5.0028,-0.9724,0.4151,-1.5787,-1.0804,-0.3520,-0.3916,-1.5670,-0.1690,-0.3313
tokyo_15.tif,train,tokyo,0.4243,1.2428,2.6559,1.5679,0.4263,0.8861,-0.0281,0.4586,2.8013,0.1237,2.6559
lambayeque_18.tif,train,lambayeque,0.2506,3.9964,-0.2911,0.0543,-0.0690,0.4120,0.4460,1.2558,-0.5316,-0.3775,0.3046
chicago_28.tif,train,chicago,0.2175,3.9335,-2.0233,-0.8390,0.7823,0.0243,-0.0005,-0.5446,-1.3569,0.0957,0.3555
zanzibar_128.tif,train,zanzibar,0.4342,-2.6395,1.9452,-3.0065,1.0986,0.2561,1.8559,1.2771,2.0940,-1.7328,-0.0183
dolnoslaskie_19.tif,train,dolnoslaskie,0.3157,-3.2710,-3.0210,-1.1396,-1.8942,1.3816,0.2927,-1.6374,0.0766,-0.7925,-1.1087
santiago_67.tif,train,santiago,0.3595,-0.4979,0.2052,-3.1287,1.7600,2.4159,0.7380,-1.2312,0.5344,-2.4263,-0.4632
dortmund_4.tif,train,dortmund,0.1039,-2.5600,-1.9656,4.7375,0.1404,2.2626,0.0466,-0.9174,-1.6035,-0.8800,0.0047
chisinau_20.tif,train,chisinau,0.2033,3.3107,-1.6670,-0.6984,-0.4673,-0.6887,0.0545,0.9153,-0.8940,0.8042,-0.3919
zanzibar_77.tif,train,zanzibar,0.2120,-3.4437,0.0475,-2.4054,6.6779,0.4493,-0.6346,0.3819,-0.7827,0.6057,0.9369
baybay_12.tif,train,baybay,0.0935,-2.8827,-2.1922,4.5430,-2.6171,-1.0388,-0.3185,-1.8844,-1.6076,-0.2020,-1.4383
chiclayo_4.tif,train,chiclayo,0.2725,2.5905,-0.5643,1.2493,-2.7403,2.1026,0.7476,-1.9990,1.3614,-1.7882,0.0900
dhaka_10.tif,train,dhaka,0.2329,2.9841,-0.2538,-2.0066,-1.4410,2.8558,-0.9954,-0.0500,-0.3792,1.0909,-0.6357
pisco_36.tif,train,pisco,0.7964,-4.1097,7.5923,-0.5389,-0.5965,0.0479,7.5397,-3.5547,-0.5832,-3.6914,0.5982
swietokrzyskie_17.tif,train,swietokrzyskie,0.2248,-1.9630,-1.8780,2.9893,2.4565,2.4982,0.1657,0.1455,-1.0534,0.4883,-0.7553
malopolskie_18.tif,train,malopolskie,0.0899,-4.2698,-1.2967,3.5871,0.9938,1.3347,-0.4733,1.3318,-0.5918,2.0483,-1.0311
chiangmai_16.tif,train,chiangmai,0.3302,0.7560,-1.2336,-1.2102,-1.0075,-2.6438,0.7015,-0.0007,0.5911,-0.3223,-1.1372
rotterdam_26.tif,train,rotterdam,0.3711,1.9179,1.6084,-0.8966,-1.4863,-1.3956,-1.0413,-0.7773,1.8354,1.1314,-0.2324
christchurch_56.tif,train,christchurch,0.1384,-0.5880,-2.6999,-1.7154,5.7611,2.2654,0.5296,0.6246,-0.9145,1.7138,-0.2811
tonga_55.tif,train,tonga,0.2796,1.8550,-1.6491,-0.9620,2.9306,0.7655,0.5485,-0.7913,-0.3675,0.2723,-0.8355
daressalaam_122.tif,train,daressalaam,0.2816,-1.7700,-2.0893,-0.4558,-0.0221,3.0358,0.9767,0.1795,-0.7045,-2.7355,-1.1764
western_2.tif,train,western,0.7869,-4.3384,9.6180,-3.2565,0.0988,-1.8663,2.4216,-1.0832,0.5511,-1.4254,-2.8969
santiago_24.tif,train,santiago,0.4522,0.7635,1.8923,-0.3491,-0.7830,-2.7292,-0.4575,-0.1040,1.4161,-0.2964,0.5444
muenster_38.tif,train,muenster,0.2746,2.5214,-1.1691,-0.6870,-0.2315,-1.5401,-0.3821,-0.5588,-0.4579,1.1824,-0.0565
dolnoslaskie_17.tif,train,dolnoslaskie,0.1110,-4.4182,-2.8821,3.2885,-0.8008,-0.5746,-0.7403,1.4175,-1.7635,2.6350,-0.7993
daressalaam_118.tif,train,daressalaam,0.3685,0.8379,-0.0046,0.4758,-0.9346,-0.8414,0.9142,1.8618,2.6413,0.4085,-0.2280
abancay_47.tif,train,abancay,0.2850,-2.3726,-2.6434,-1.3104,2.1639,-0.5908,1.4429,0.1598,1.0111,-0.3779,-1.0974
dolnoslaskie_26.tif,train,dolnoslaskie,0.2485,-4.6364,0.7084,4.4362,0.7749,-0.4265,-1.5938,-1.5353,0.3128,2.6855,-1.1668
lambayeque_20.tif,train,lambayeque,0.2416,3.9235,1.4280,-0.1657,-2.3858,1.9664,1.1078,1.7666,0.8254,-0.5982,-0.9822
monrovia_4.tif,train,monrovia,0.2664,-0.7191,-1.3413,0.6662,-1.0849,-1.0141,0.4734,3.0752,1.2554,1.8066,-0.5066
sechura_28.tif,train,sechura,0.1941,5.3092,-0.0235,0.5869,-1.2305,-0.5197,-0.4237,1.0106,-1.2033,0.5714,-0.6070
aachen_15.tif,train,aachen,0.2564,-1.5118,-1.8220,2.0013,-1.9154,-0.7415,0.7611,0.6292,0.5857,-1.2739,1.3361
chincha_34.tif,train,chincha,0.2859,3.2066,1.0499,-1.2774,-1.3034,1.5629,-1.1739,1.2092,-0.4908,0.4234,0.3517
baybay_20.tif,train,baybay,0.2533,0.2138,-1.2935,-0.2354,-3.9668,0.8103,-0.3484,-0.4016,1.2193,0.7645,-0.2146
malopolskie_5.tif,train,malopolskie,0.1751,-3.6128,-0.1848,2.6766,2.8635,1.6117,-0.3382,-0.1056,-0.1041,1.2264,-1.2806
chisinau_47.tif,train,chisinau,0.2582,0.8000,-1.4100,-1.1887,-1.1879,-0.1636,0.9813,1.8339,2.1425,0.4026,0.5672
daressalaam_33.tif,train,daressalaam,0.3298,-2.2030,1.3412,-3.2652,1.3680,2.6137,2.3635,0.4285,1.1367,2.3088,-1.1038
chincha_37.tif,train,chincha,0.6199,-0.9126,8.3100,1.8787,0.3689,-0.1691,0.2345,4.1262,3.5002,-2.2238,2.1641
baybay_43.tif,train,baybay,0.1174,-3.4908,-2.3686,3.6993,-1.2369,-0.0513,-0.1545,0.6389,-0.5054,2.1474,-1.2162
tokyo_30.tif,train,tokyo,0.4221,2.3198,1.7691,-0.3853,0.4656,-1.5923,-1.2261,0.1994,-1.6651,-2.0817,2.2789
coxsbazar_34.tif,train,coxsbazar,0.3502,-5.2765,0.4674,-0.4320,1.3718,0.8198,-1.5262,2.4956,-1.4784,-0.4289,1.8555
coxsbazar_27.tif,train,coxsbazar,0.2390,-3.2528,-1.1090,-0.1493,-3.4259,1.0644,0.6615,2.4127,1.8503,-0.6649,0.8690
bielefeld_4.tif,train,bielefeld,0.1441,-3.6206,-4.0662,0.7176,-1.0050,-0.9774,1.0942,0.7778,0.1503,0.1430,0.3657
austin_23.tif,train,austin,0.3559,3.8632,0.6454,-0.2414,0.6122,-1.0279,-0.6850,-1.5369,-0.8811,-1.0284,0.3517
mazowieckie_5.tif,train,mazowieckie,0.2724,-2.2004,1.0251,5.4856,2.3512,2.2789,-1.6001,-1.2402,-0.3728,2.5792,-0.8679
swietokrzyskie_22.tif,train,swietokrzyskie,0.2300,-1.2072,-0.5031,5.0312,0.9346,2.1543,-0.6142,-1.3655,-0.8429,0.8368,-0.2504
koeln_39.tif,train,koeln,0.1862,-3.0452,-2.6047,2.0777,-2.1271,-1.4339,0.6064,0.1172,-1.3328,-2.4571,-0.3057
vienna_66.tif,train,vienna,0.2472,3.3003,-1.7166,-0.0119,-1.7349,-1.5922,0.1471,-1.2584,-0.3787,-0.1560,-0.2095
dolnoslaskie_9.tif,train,dolnoslaskie,0.3826,-3.9796,-1.5468,1.7288,0.4813,-0.7768,0.5075,-1.2937,0.8456,0.0021,-1.0435
rio_65.tif,train,rio,0.3231,-4.2830,0.6643,1.3354,-2.2874,-3.2664,0.1001,-1.2427,1.4636,-1.0318,-0.1814
kyoto_24.tif,train,kyoto,0.3820,2.4832,1.0172,0.7670,-1.6389,0.4370,-0.0296,0.1889,2.2929,-0.7936,2.0475
zachodniopomorskie_7.tif,train,zachodniopomorskie,0.1224,-4.5043,-3.8462,-4.5197,-0.3000,-0.5155,0.0366,-1.2744,0.9245,1.6279,0.4958
tonga_43.tif,train,tonga,0.3126,1.2926,-1.0578,-1.0242,2.5948,0.1883,0.3135,-0.5995,0.2452,0.6361,0.0280
coxsbazar_79.tif,train,coxsbazar,0.0660,-3.4982,-3.5257,3.2187,-1.8279,-0.4587,0.1064,0.3322,-1.0388,1.1900,-0.1028
zanzibar_126.tif,train,zanzibar,0.3521,-3.6833,2.3029,-2.9543,4.7551,1.4981,-1.6518,2.5419,-0.8543,0.0096,0.7453
kitsap_46.tif,train,kitsap,0.0528,-4.1290,-1.9161,-2.2788,-1.8354,-5.4662,-0.8281,1.8958,-1.6142,0.5276,0.6247
maputo_5.tif,train,maputo,0.2621,3.9112,-1.1196,0.1598,-1.0020,-0.8575,-0.0056,-0.7185,-0.5273,0.4282,-1.1658
chicago_10.tif,train,chicago,0.2747,3.9885,-0.4562,-0.1974,-0.2397,-0.9639,-0.4039,-0.5457,-1.0228,-0.2245,0.1672
ulaanbaatar_37.tif,train,ulaanbaatar,0.3473,-2.2291,6.0595,-2.2817,6.0060,3.0121,3.1690,1.7325,-0.2589,0.1813,-2.2456
baybay_55.tif,train,baybay,0.1474,-3.3083,-3.0465,0.6723,-1.3441,-1.3726,0.6471,3.0004,0.4373,1.4797,0.4476
santiago_6.tif,train,santiago,0.3693,3.1291,0.8570,0.3629,-0.7075,-1.7005,-0.3051,-1.6763,0.8918,-0.2126,-0.0380
mazowieckie_22.tif,train,mazowieckie,0.2870,-1.3774,-2.4806,-0.3456,1.7318,1.5548,2.0819,0.6776,1.8950,-0.2292,-0.3546
svaneti_59.tif,train,svaneti,0.2944,-6.0420,2.3050,-1.6848,3.2990,-1.3233,-0.1767,2.9070,-1.5209,-3.7199,-1.3156
chincha_20.tif,train,chincha,0.4563,0.7038,2.9207,1.9200,-2.0440,-0.2487,0.9144,2.1701,2.9334,-1.8414,0.9401
accra_67.tif,train,accra,0.3728,3.9064,2.0660,0.4577,0.6559,-0.4853,-0.5404,1.0509,-0.4136,0.2066,-1.8920
melbourne_3.tif,train,melbourne,0.2374,2.5016,-2.2200,-1.0987,1.2981,-0.1406,0.1329,-0.4922,-1.0031,0.5712,-0.1470
baybay_19.tif,train,baybay,0.2966,-8.1797,5.9467,-4.0986,-4.8869,1.1487,6.3601,-2.6929,-6.2300,2.6243,-1.3754
lima_44.tif,train,lima,0.3407,-0.0634,1.8807,-0.9960,5.6518,0.6247,-0.7331,-0.7361,0.2970,0.9013,-1.9000
khartoum_67.tif,train,khartoum,0.3665,3.3673,4.7927,0.5486,0.5037,-0.3032,-1.1177,2.8775,-0.2549,-0.2913,0.4717
austin_40.tif,train,austin,0.2771,3.6086,-1.3644,-0.4960,1.2797,0.2931,0.5156,-2.1443,-0.7769,-2.3882,0.9952
chiangmai_14.tif,train,chiangmai,0.1917,-2.9600,1.9911,-5.1350,-4.7518,2.4706,15.2251,-2.6960,-8.2339,5.9151,1.4261
lambayeque_49.tif,train,lambayeque,0.3070,1.7651,-1.0169,0.8311,-1.8570,-1.0137,1.0628,0.0773,2.2022,-0.7484,1.0719
daressalaam_67.tif,train,daressalaam,0.2486,1.7275,-1.2913,-1.2969,-0.1829,-0.5574,0.7101,0.3714,0.3064,-0.0639,-0.0376
accra_63.tif,train,accra,0.3214,4.0907,0.5096,0.4022,-0.4852,-0.7921,-0.3922,-0.6970,-0.7683,-0.6933,-0.3118
christchurch_14.tif,train,christchurch,0.0967,-1.1826,-4.5300,-2.6237,2.6637,1.3890,1.4695,0.8444,0.3954,1.2766,-0.4603
viru_26.tif,train,viru,0.3992,0.7685,1.2131,3.2008,-0.9026,1.7830,1.3075,0.9684,2.5103,-1.2043,-1.1342
zanzibar_67.tif,train,zanzibar,0.4049,-5.1667,1.0020,-0.3770,-0.1211,-4.1507,-0.6250,2.1444,0.9178,-0.1948,-0.0971
western_11.tif,train,western,0.7357,-3.1685,6.3091,-3.3041,-2.9796,-2.5549,1.6633,0.4750,-0.8210,-3.1858,-3.1015
lambayeque_2.tif,train,lambayeque,0.3199,3.2502,0.3402,0.4249,-1.3012,-0.3176,0.8314,1.3427,1.1234,-1.5610,0.4546
dhaka_63.tif,train,dhaka,0.2618,-0.0621,0.2172,-2.4492,-2.6600,0.9023,-2.3746,-1.5560,0.7973,3.5736,0.6653
melbourne_21.tif,train,melbourne,0.3028,2.8570,-0.8602,-0.7451,1.6578,-0.2114,-0.0240,-0.8843,-0.3013,0.5192,-0.5264
vienna_35.tif,train,vienna,0.1635,1.2454,-3.9596,-1.4616,-0.1818,-1.1953,0.6512,0.0403,-1.1616,0.5385,-0.1826
svaneti_29.tif,train,svaneti,0.1920,-1.4718,-3.5522,-2.3400,2.4247,-0.0787,1.4154,0.0193,0.2476,-0.4773,0.4598
ngaoundere_35.tif,train,ngaoundere,0.3642,0.1970,-1.3777,1.7904,-1.5590,-0.2306,1.0946,1.0402,1.2438,-0.4458,-0.8439
pisco_5.tif,train,pisco,0.8501,-4.3484,9.4581,-2.6537,0.4569,-2.1193,0.4426,-1.7607,-0.2321,-2.3134,-2.1386
dolnoslaskie_29.tif,train,dolnoslaskie,0.3482,0.2646,-1.6336,-1.0509,2.7683,0.4021,0.8469,-0.8775,0.4784,-0.3170,-0.0975
ngaoundere_2.tif,train,ngaoundere,0.2631,1.6408,-1.1249,2.8032,-1.4199,0.5723,0.4277,-0.2442,0.0339,-0.7697,-0.3077
accra_69.tif,train,accra,0.7149,-5.6996,8.0679,1.0607,2.3805,0.3547,-1.9670,-2.9554,0.3016,-1.4066,-2.2011
accra_46.tif,train,accra,0.5584,-3.6339,4.4785,2.6325,-1.2959,-0.3482,-1.0909,-1.7753,2.3540,-1.3400,-2.1407
dhaka_38.tif,train,dhaka,0.2206,0.9187,-0.6444,-2.4635,-1.4265,1.2115,-1.7326,-2.0124,0.6145,3.1238,0.3127
chicago_38.tif,train,chicago,0.3003,5.0504,2.3874,1.6602,0.5659,-0.9312,-2.3011,-3.1547,-0.9379,1.2301,1.3479
podkarpackie_4.tif,train,podkarpackie,0.3547,-5.1118,-1.2285,-0.4376,-2.3541,0.0965,-0.7325,-1.5300,2.2607,2.0129,0.6487
aachen_49.tif,train,aachen,0.3806,-1.0380,-0.8144,2.8566,1.0250,1.2355,0.3602,-1.2996,0.5644,-0.2699,0.4145
tokyo_47.tif,train,tokyo,0.3671,-0.8218,0.2145,0.8468,1.2744,0.8488,0.7170,1.7439,1.3296,-0.9612,1.1173
soriano_20.tif,train,soriano,0.2788,0.8677,-1.8474,-1.2910,4.1892,0.8153,-0.0850,-1.7727,-0.9096,0.8038,0.6820
kagera_11.tif,train,kagera,0.4073,-2.3943,-1.4822,0.0328,1.2462,-1.1634,0.8566,-0.4084,1.4680,0.4566,-1.5520
daressalaam_1.tif,train,daressalaam,0.3285,3.5651,0.1399,-0.0306,-1.3723,-2.1588,-0.5622,-0.4871,-0.4855,0.3900,-0.6246
dolnoslaskie_40.tif,train,dolnoslaskie,0.2129,-5.9071,1.6250,3.7189,-0.7929,-1.9104,-2.3608,-2.4891,-3.9098,-3.7250,0.4810
christchurch_41.tif,train,christchurch,0.3183,2.1976,-1.6523,-0.5922,0.0755,-0.9616,0.6685,-1.7476,0.1348,-0.8309,-0.4835
bielefeld_41.tif,train,bielefeld,0.3087,-1.5503,-2.5748,0.9094,0.2165,-0.4388,0.9690,-1.9069,0.4814,-1.7432,1.6563
dhaka_6.tif,train,dhaka,0.3277,-0.6919,0.5881,-3.1468,-0.3316,2.3422,-1.5273,0.3068,0.4516,1.7357,1.0985
zanzibar_70.tif,train,zanzibar,0.1999,-3.2170,-2.3910,-2.5486,0.1228,-3.5906,0.0370,1.4512,0.3181,1.8640,0.4422
mahe_22.tif,train,mahe,0.1323,-1.8968,3.6964,-5.6551,-2.5950,7.9521,0.5654,0.2094,-0.7833,3.9361,-1.8835
melbourne_68.tif,train,melbourne,0.2936,0.9469,-0.0780,-2.6023,-0.2201,3.4076,-1.1015,0.0046,-0.6669,0.0792,1.4348
swietokrzyskie_21.tif,train,swietokrzyskie,0.1552,-1.9907,-1.7743,4.3218,1.0241,2.4073,-0.1336,-0.5135,-1.3282,0.1694,0.0577
lima_19.tif,train,lima,0.1138,5.5621,4.3385,2.1298,0.6920,0.9895,-1.7884,3.4819,-2.3700,-0.1209,-0.6434
coxsbazar_53.tif,train,coxsbazar,0.3004,-6.4100,-0.1304,-0.9988,-4.5161,-1.6873,-0.9787,-1.2128,1.2192,0.3275,-1.7484
sechura_16.tif,train,sechura,0.1880,5.4515,1.7986,0.9619,-0.6901,0.9141,-0.0862,1.6300,-0.3842,-0.1680,-0.5946
zanzibar_48.tif,train,zanzibar,0.1900,-4.3848,-2.8505,0.1101,0.5583,-1.1998,0.5867,1.1781,0.3447,0.8470,0.4020
mahe_56.tif,train,mahe,0.2774,-2.7706,0.0252,0.0403,-3.8926,3.3256,4.8718,-1.7956,-1.4491,-0.3206,-0.1056
chicago_14.tif,train,chicago,0.3191,3.2524,-0.1591,-0.3964,0.3862,-1.0264,-0.2375,-0.5696,-0.3208,0.3139,-1.2562
dortmund_61.tif,train,dortmund,0.3122,1.4981,-0.8565,-0.8818,-0.2865,-0.2118,1.4374,0.2459,1.0933,-1.3012,-0.6244
christchurch_38.tif,train,christchurch,0.1933,4.9071,-1.2991,0.0422,-0.5808,-0.0566,-0.1205,0.8532,-1.7157,0.1869,-0.1512
tonga_70.tif,train,tonga,0.3279,2.0713,-1.1480,-0.5783,1.3629,0.1759,0.9423,-0.9220,0.6445,-0.8148,-0.3565
daressalaam_112.tif,train,daressalaam,0.3277,1.7910,-0.6413,-0.3690,-0.2772,-0.5443,0.6722,1.8085,0.3124,0.0110,-0.7868
swietokrzyskie_31.tif,train,swietokrzyskie,0.1339,-1.4409,-1.5782,5.2588,0.4879,2.5439,-0.2575,-0.6448,-1.3101,0.7042,-1.2741
ngaoundere_26.tif,train,ngaoundere,0.3913,-0.2233,-0.4506,1.3541,0.1948,1.5652,1.9968,0.8724,2.9234,-1.1586,0.1132
dhaka_29.tif,train,dhaka,0.2231,1.4821,-0.5836,-3.0532,-1.6325,3.8142,-0.4135,0.5682,0.1854,0.5974,-0.1531
kyoto_36.tif,train,kyoto,0.3032,-0.4601,2.0597,4.3379,-1.8152,0.7621,-0.0024,-0.0363,1.5458,-1.1475,0.1627
pomorskie_20.tif,train,pomorskie,0.1067,-4.6695,1.8445,-6.5043,-3.0038,4.7577,-4.0948,-0.5169,-1.5912,1.3730,0.5579
viru_36.tif,train,viru,0.5870,-3.1715,3.6455,1.6262,0.4538,0.0936,0.8995,0.7792,3.9203,-1.1083,0.8478
ulaanbaatar_45.tif,train,ulaanbaatar,0.6291,2.3175,3.4636,0.0009,2.5089,-0.4312,0.0618,0.8290,0.4947,-1.4262,-3.7069
koeln_31.tif,train,koeln,0.2091,-2.9491,-2.0856,-2.3465,-4.5095,1.1020,0.5648,0.0588,1.6351,-1.2724,0.1111
duesseldorf_70.tif,train,duesseldorf,0.2570,3.0595,-0.9951,-0.5313,1.7913,0.6742,0.2718,-0.5435,0.4307,0.6331,-0.0694
tonga_2.tif,train,tonga,0.3820,1.1420,0.0511,-1.4700,1.2807,2.4596,0.9487,-1.3432,1.5017,-1.4829,-0.2920
tokyo_22.tif,train,tokyo,0.3557,2.3174,-0.0489,1.3606,-1.5062,-0.5127,0.3350,0.4602,1.2729,-0.6179,2.0008
viru_35.tif,train,viru,0.2707,-1.4037,2.7444,3.0661,-1.0061,1.8976,0.4644,3.0695,0.8483,-0.9967,-0.2616
pisco_4.tif,train,pisco,0.3890,0.1234,0.9512,2.3333,-0.8005,0.3684,0.1131,2.6742,0.3734,-0.9429,1.4817
melbourne_47.tif,train,melbourne,0.3169,2.9360,-0.6632,-0.3269,-0.8616,-1.9801,-0.0849,-0.8503,-0.2972,-0.0883,-0.7795
dortmund_37.tif,train,dortmund,0.1198,-2.2191,-3.7823,3.4933,-0.1635,1.5952,0.8135,-1.9134,-1.1945,-1.3740,0.5360
daressalaam_41.tif,train,daressalaam,0.2887,2.1672,-1.0166,-0.3239,-1.2342,-1.7209,0.2360,-0.2795,0.3167,0.1381,-0.4030
rio_3.tif,train,rio,0.4520,2.0719,1.1220,-0.3517,-0.4827,-2.3167,-0.2398,-1.6912,1.1525,-0.5002,0.0156
coxsbazar_67.tif,train,coxsbazar,0.2068,-7.9154,1.3619,-1.5409,-3.7049,-1.4887,0.9711,-0.8840,-2.8568,-1.4117,-2.3086
dolnoslaskie_35.tif,train,dolnoslaskie,0.3026,-4.1799,1.1357,-4.4586,-3.1948,3.1650,-0.5948,-0.1639,2.5975,0.2960,-0.5441
bielefeld_23.tif,train,bielefeld,0.3385,3.0356,0.4159,-0.2445,0.6547,-0.6995,-0.4549,0.3688,-0.7846,0.1780,-0.3483
aachen_63.tif,train,aachen,0.2627,-1.2358,-1.0848,2.6085,2.1483,2.0852,0.2731,-0.9207,0.2865,0.1084,0.5919
kyoto_2.tif,train,kyoto,0.4624,2.4344,1.8533,0.3481,-1.4680,-2.5672,-0.6572,0.0669,1.9201,0.3661,1.2508
lima_42.tif,train,lima,0.8660,0.0906,9.8905,0.0389,2.4587,-0.6777,1.1910,2.1947,3.3870,-1.3583,-2.9790
lambayeque_40.tif,train,lambayeque,0.1359,4.5870,1.6124,1.6396,-2.6332,0.0982,0.3459,4.7834,1.1664,0.3318,1.2286
daressalaam_34.tif,train,daressalaam,0.2841,3.3351,-0.3071,-0.5889,0.8397,-0.0395,-0.1869,1.1952,-1.1499,-0.1145,0.4562
maputo_15.tif,train,maputo,0.2497,3.9078,-0.1905,0.5272,-2.1883,-1.9475,-0.7542,0.0688,-1.3237,0.0693,-0.0317
swietokrzyskie_33.tif,train,swietokrzyskie,0.1973,-0.9585,-0.2251,6.1153,0.6318,1.9859,-0.8110,-2.6135,-0.7427,1.3602,-2.2308
swietokrzyskie_3.tif,train,swietokrzyskie,0.3171,-2.7581,0.4757,4.6720,-0.1183,-0.3965,-0.6801,-2.2508,0.6041,0.9251,-1.4073
daressalaam_37.tif,train,daressalaam,0.3002,3.2869,-1.3109,-0.7526,-0.0490,-1.8274,-0.5688,-2.3825,-0.8173,0.5292,-0.1153
baybay_56.tif,train,baybay,0.3288,-3.4282,-0.2327,-1.7618,-3.1715,3.4718,0.7973,-1.8187,1.3439,-0.2081,0.2160
christchurch_34.tif,train,christchurch,0.2886,1.8701,-1.9676,-0.8315,0.5646,-0.4563,0.7776,-0.9294,-0.0849,-0.7532,-0.0969
lubuskie_2.tif,train,lubuskie,0.4039,-3.1493,-1.0854,-1.3771,4.0036,-1.0561,-0.0994,-1.5562,0.3700,1.4929,-0.9768
aachen_33.tif,train,aachen,0.2996,2.7819,0.5183,-0.3117,0.6884,-0.1227,-0.0965,1.1164,0.8164,1.2556,-0.0012
tyrolw_52.tif,train,tyrolw,0.2978,1.7440,-1.1808,-1.6063,1.9730,-0.1802,0.5466,0.5592,-0.2569,-0.4436,-0.6082
dhaka_43.tif,train,dhaka,0.1745,2.1261,-1.5763,-2.2127,-2.5167,1.8893,-0.7085,0.3360,-0.0895,1.7194,-0.5017
monrovia_27.tif,train,monrovia,0.4494,-0.4505,-1.5996,0.7497,-0.0357,1.0609,1.2156,-0.1558,2.0740,-0.5501,0.3179
dhaka_50.tif,train,dhaka,0.2552,1.1000,0.4693,-2.6334,-2.8161,2.3119,-2.0500,-0.4920,0.1743,2.2740,0.3095
duesseldorf_60.tif,train,duesseldorf,0.2641,-1.9209,1.5838,4.7266,-0.5806,1.4338,-0.2112,0.4663,0.8428,0.1596,-0.9481
daressalaam_80.tif,train,daressalaam,0.3221,0.0590,-0.7820,-0.6698,1.5452,-0.1670,0.4121,1.4384,1.3342,1.1762,0.4292
ica_4.tif,train,ica,0.2474,2.5282,-1.2378,-1.1586,-2.4396,-0.5583,0.2085,0.7908,-0.2883,-0.9946,-0.0735
coxsbazar_37.tif,train,coxsbazar,0.2935,-5.1936,-0.3997,0.1774,-3.3582,-0.6334,-0.3720,0.7677,0.6550,-0.2030,-1.5586
lima_27.tif,train,lima,0.2968,0.6263,-0.6343,0.7513,-0.3315,1.9539,0.5978,1.4929,0.0554,-2.2231,1.5808
piura_49.tif,train,piura,0.1958,2.7564,-1.1489,2.0465,-1.9216,1.6023,1.4541,1.4644,1.2404,-0.9213,0.4996
duesseldorf_1.tif,train,duesseldorf,0.3341,0.7101,-0.9786,0.7188,-0.6941,0.4085,1.5646,-0.3453,1.6296,-1.4476,-0.6020
rotterdam_4.tif,train,rotterdam,0.3510,0.9237,0.6958,-1.3659,-1.7650,-1.4475,-1.3331,-1.8581,1.3770,1.3231,0.9008
abancay_33.tif,train,abancay,0.4166,2.1601,0.2569,-0.3303,-0.7481,-1.5996,0.5514,0.3727,1.6425,-0.4979,-0.2054
podlaskie_5.tif,train,podlaskie,0.2539,-4.9533,-2.2312,1.1430,-1.6601,-1.6627,-0.2158,0.0567,0.9053,1.7889,0.0867
piura_33.tif,train,piura,0.2935,-4.8153,1.2566,-0.4243,-2.3809,0.7738,-1.4919,-0.7294,-1.7959,-2.6246,-1.1961
monrovia_72.tif,train,monrovia,0.3268,-0.5480,-1.3855,-0.7160,-0.1661,-1.7659,0.8435,0.5977,2.1400,0.9524,-0.4013
melbourne_1.tif,train,melbourne,0.3663,-0.1183,-0.5519,-1.8979,1.6916,0.2447,0.0642,-0.5523,0.7330,-0.2152,0.8361
rosario_2.tif,train,rosario,0.3554,2.9310,0.1413,-0.1048,0.1245,-0.8694,0.2469,-1.2705,0.5789,-0.7777,-0.9004
rotterdam_33.tif,train,rotterdam,0.3875,3.2534,1.7807,0.0916,-0.1166,-1.2020,-0.8102,1.2601,-0.9443,-0.3259,-0.5757
kyoto_25.tif,train,kyoto,0.3312,0.5343,0.1123,-2.0154,-2.4227,1.8397,-0.6404,0.5886,1.0121,-0.7126,2.2359
shanghai_67.tif,train,shanghai,0.2875,3.6735,0.0117,0.1445,1.0321,-0.5196,-0.8925,-2.0345,-0.3827,0.8606,0.4251
zanzibar_35.tif,train,zanzibar,0.2824,-3.9045,-1.8836,0.5392,-0.5292,-2.2258,0.3121,0.4263,1.0039,0.7189,0.5055
daressalaam_49.tif,train,daressalaam,0.3197,3.0671,-0.3238,0.2480,-1.0816,-1.8506,-0.8261,-2.1273,0.1593,1.4068,0.6438
dowa_2.tif,train,dowa,0.2218,-0.7417,0.1986,4.9933,-1.6521,0.3494,-0.6323,0.2251,-1.0128,0.0603,-1.2423
dhaka_2.tif,train,dhaka,0.3528,2.0186,0.2960,-0.9681,-0.8586,-0.5975,-0.2313,-0.6407,1.4979,1.4235,-1.6436
monrovia_16.tif,train,monrovia,0.2287,-0.0847,-3.1244,-2.3394,-0.4576,0.4563,1.1907,1.0610,0.0865,-0.3714,-0.9427
pointenoire_4.tif,train,pointenoire,0.2366,4.2318,-0.6551,0.0897,-1.4822,-1.4492,-0.3179,0.3034,-1.0384,0.7122,-0.8727
swietokrzyskie_40.tif,train,swietokrzyskie,0.1413,-5.5296,0.7182,4.5964,1.1117,-0.0193,-2.0054,-2.1830,-1.9961,-0.3580,1.3084
lima_18.tif,train,lima,0.2222,3.4434,1.8965,1.7774,0.2745,1.3804,0.0397,3.9658,-0.9925,-1.8815,-0.3605
pomorskie_16.tif,train,pomorskie,0.1653,-6.5219,-1.3199,-3.6808,-3.1067,-0.9417,-1.3318,0.1930,0.8551,0.9639,0.5207
muenster_19.tif,train,muenster,0.3123,-1.8934,-2.2727,2.1324,-2.2109,-0.9357,0.8888,0.6344,1.3305,-0.3665,1.8146
dhaka_26.tif,train,dhaka,0.3222,3.4447,0.8657,-1.1017,-1.2130,1.5260,-1.1909,-2.1624,-0.1271,0.0002,-0.7159
ngaoundere_61.tif,train,ngaoundere,0.2823,1.0444,-1.2733,2.0757,1.8052,2.3301,0.8927,0.6778,-0.1001,-0.5366,-0.7540
mahe_10.tif,train,mahe,0.2173,2.7849,-2.4022,-0.7852,-0.3984,0.2262,1.3117,0.6959,1.1593,-0.7278,1.3941
rotterdam_24.tif,train,rotterdam,0.4010,1.0097,1.1093,-1.7452,-2.2290,-0.7249,-1.6032,-0.9827,0.6042,0.9665,0.4720
koeln_63.tif,train,koeln,0.2914,3.0106,-0.4073,-0.0970,-1.5239,-1.7759,-0.1657,-0.4333,0.1429,-0.0795,0.4269
chincha_23.tif,train,chincha,0.4106,-0.1269,0.1753,2.5068,-2.1410,-0.4310,0.7562,0.2182,0.6372,-2.8731,0.6117
kyoto_56.tif,train,kyoto,0.3456,2.5734,0.9113,1.5622,-0.3394,0.4064,0.1409,0.6965,1.3821,-0.6320,1.2995
ngaoundere_17.tif,train,ngaoundere,0.4339,0.5391,0.0809,-0.5078,-1.1163,1.7473,1.5468,1.0826,2.6559,-1.0173,-1.9927
kagera_13.tif,train,kagera,0.4111,-2.2120,-0.8088,-0.8073,0.3306,-2.6735,0.2191,2.2559,0.7813,1.7383,-1.8383
koeln_53.tif,train,koeln,0.3041,-2.1934,-0.9820,1.6560,-1.7700,-1.1057,-0.1018,1.4679,-0.7481,-1.6172,2.1106
bielefeld_57.tif,train,bielefeld,0.3135,-1.4276,-3.2241,-1.5501,-0.5751,-3.4468,0.6421,-1.0544,-0.6898,-0.0847,-1.8625
zanzibar_93.tif,train,zanzibar,0.2938,-4.2263,3.1672,-2.0892,7.1283,0.0073,-1.9084,2.2865,-0.1628,1.6173,1.5153
pomorskie_36.tif,train,pomorskie,0.1365,-7.3185,0.7696,-1.5098,-0.7173,-5.3351,-1.6186,3.6544,-2.1153,-2.3057,2.6703
aachen_43.tif,train,aachen,0.3183,2.1836,-0.7378,-0.7677,1.6968,-0.2950,-0.2171,-0.4906,-0.4940,0.6127,0.3502
duesseldorf_62.tif,train,duesseldorf,0.4775,-1.4305,1.7769,-3.0143,-1.9382,2.6814,-0.8625,-1.1636,1.8631,0.0055,-1.1028
ngaoundere_51.tif,train,ngaoundere,0.2543,-2.1020,0.0668,3.6581,-2.3342,0.3427,-0.1898,1.4020,1.0052,0.6694,-1.3355
tokyo_67.tif,train,tokyo,0.3996,1.0720,1.0287,2.0827,-0.3836,-0.4598,-0.8238,0.1283,0.7620,0.9493,2.4290
austin_6.tif,train,austin,0.2662,4.0697,-1.3050,-1.2430,2.2525,0.3867,-0.0043,-1.3184,-2.5934,-2.9237,1.0962
kagera_37.tif,train,kagera,0.3522,-4.6169,-0.7755,-0.4450,0.9040,-0.2862,1.1082,0.6862,2.5528,0.5621,-2.0129
paris_22.tif,train,paris,0.5850,1.0437,2.4801,-0.3454,1.9955,-2.3602,-0.8914,-3.8168,1.1265,0.3682,-1.9021
piura_6.tif,train,piura,0.2214,0.7720,-1.0568,2.3110,-0.5974,1.2548,0.7710,3.3669,-0.6452,-0.0990,-0.9974
mahe_47.tif,train,mahe,0.2505,-1.0299,1.5639,-4.4483,-2.9274,6.0867,-1.9832,-0.3254,-0.5881,-0.1923,-0.5729
ica_2.tif,train,ica,0.4413,1.3701,0.3556,2.6005,-2.7037,-0.2738,0.7742,0.2717,1.4763,-2.1353,1.1411
accra_32.tif,train,accra,0.3119,3.8527,0.0885,0.1507,-0.5390,-1.2955,-0.7430,-0.4731,-1.6164,-0.1373,-0.4201
mazowieckie_34.tif,train,mazowieckie,0.0982,-5.2304,-4.2550,0.5310,-0.1778,-1.7660,0.5255,-0.1873,-0.2168,1.1259,-0.1949
viru_18.tif,train,viru,0.4850,-0.1515,0.5920,3.3045,-0.5613,0.5827,0.2398,-0.2915,1.3445,-0.7348,0.1882
monrovia_42.tif,train,monrovia,0.5488,-1.9420,3.1823,-3.2386,-2.2794,0.4006,-2.3969,-0.9531,1.3345,1.7611,-2.3730
dortmund_22.tif,train,dortmund,0.2943,1.2916,-1.8876,-1.2109,0.6526,-0.8327,0.7810,-0.5310,0.4490,-0.2529,-0.3897
bielefeld_46.tif,train,bielefeld,0.1135,0.1266,-2.5086,4.0878,0.8248,3.0357,0.1828,0.1398,-1.4912,0.9053,-0.7814
vienna_19.tif,train,vienna,0.2200,2.1768,-2.7162,-0.6289,-1.0274,-1.4480,0.5575,-1.3518,-0.0750,0.1763,-0.5240
muenster_49.tif,train,muenster,0.2414,3.4833,-1.4680,-0.2131,-0.5091,-0.4090,0.1696,1.3675,-1.1306,0.4637,-0.6977
podkarpackie_18.tif,train,podkarpackie,0.3617,-1.1426,-2.3001,0.3151,1.2849,0.2572,0.9000,-1.9108,0.7648,-0.8141,0.0809
baybay_24.tif,train,baybay,0.1592,-6.3852,-0.0709,-5.0859,-2.8524,-0.5048,-2.3759,0.8557,-0.8394,-0.0666,1.1028
christchurch_59.tif,train,christchurch,0.2597,2.4076,-2.2259,-0.8938,2.1922,0.9801,0.8130,-1.2534,-0.6185,-0.9002,0.4140
khartoum_56.tif,train,khartoum,0.4719,2.4707,1.3419,0.6932,-1.4352,-2.8906,-1.5533,-2.7697,0.3047,1.6404,-0.3218
kagera_53.tif,train,kagera,0.2705,-4.7160,-1.5278,0.2947,-0.0603,-2.2042,-0.3860,1.8735,1.0605,2.5736,1.5227
sechura_1.tif,train,sechura,0.1523,5.9292,-0.1706,1.2813,-2.3606,-0.2435,-0.0587,0.9129,-0.6045,-0.3274,0.8111
pomorskie_3.tif,train,pomorskie,0.4175,-3.4532,2.0127,0.7204,-2.0533,2.2788,-0.9703,0.0903,2.3425,0.1909,-0.7153
viru_31.tif,train,viru,0.2806,-0.7622,1.7644,2.6150,0.4811,2.8673,4.8155,-1.0556,-1.2521,1.9815,-1.8764
abancay_27.tif,train,abancay,0.3637,-2.0782,-0.6260,1.3404,1.3535,0.2719,-0.0702,1.3817,0.8506,1.5122,1.4681
tonga_57.tif,train,tonga,0.3657,0.8156,-0.7869,-0.9218,2.5567,-0.0123,0.2419,-0.4497,0.3092,0.5982,0.2021
tokyo_5.tif,train,tokyo,0.3043,-1.2748,-0.0771,-2.9250,-2.6563,0.3735,-1.3932,0.2959,-0.4253,-0.3828,1.6038
dortmund_5.tif,train,dortmund,0.0529,-3.9915,-2.8602,2.8032,-1.9566,-1.0067,-0.2141,0.9048,-2.3858,-1.1908,0.6887
chisinau_15.tif,train,chisinau,0.2050,1.4134,-1.9876,-1.2882,-0.8586,-1.5866,0.4579,1.9109,-0.1763,0.9042,-0.0708
pisco_45.tif,train,pisco,0.2550,3.0201,0.0125,-1.6383,-1.0841,2.1691,-0.2841,1.9460,-1.0916,-0.5397,-0.1190
monrovia_63.tif,train,monrovia,0.2708,1.6960,-1.5763,-0.8011,-0.0727,-0.6137,0.8070,1.3096,0.5189,0.5062,-1.2288
monrovia_58.tif,train,monrovia,0.2093,2.8973,-2.0566,-0.6901,1.2236,1.2610,0.8885,1.1017,-0.4529,-0.2755,0.6870
chisinau_27.tif,train,chisinau,0.2242,4.0503,-1.1648,-0.1929,-1.7308,-1.6992,-0.0182,-0.1416,-0.4626,0.4666,-0.7932
kagera_33.tif,train,kagera,0.5179,-2.8140,0.8662,1.3378,3.4320,-0.1970,0.3775,-1.6678,2.7716,1.0957,-2.8827
daressalaam_74.tif,train,daressalaam,0.2088,2.1133,-2.3539,-0.8936,-0.1505,-0.4186,0.6527,1.8289,-1.2495,-0.1058,-0.1988
santiago_47.tif,train,santiago,0.4357,1.0841,0.1203,-0.6194,0.5237,-1.6381,0.3669,-1.7279,0.9729,-1.0022,-1.0360
coxsbazar_57.tif,train,coxsbazar,0.2504,-4.7796,-1.2972,0.3212,-1.3552,0.4211,0.9357,1.1399,2.2706,0.0730,0.1317
podkarpackie_17.tif,train,podkarpackie,0.1663,-4.4552,-1.7372,2.1368,0.4269,-0.2904,-0.7237,3.3070,-2.4164,0.7381,-0.3918
chiangmai_15.tif,train,chiangmai,0.1839,1.4237,-2.4577,-1.2326,-3.2778,2.2258,-0.0727,0.8653,-0.0721,0.4892,0.4949
soriano_11.tif,train,soriano,0.2704,3.1954,-0.8521,-0.3370,2.2137,0.9848,0.1016,-0.9764,-0.2610,0.0733,0.1214
santiago_4.tif,train,santiago,0.3706,0.5646,0.4589,-1.0131,3.0874,-0.3029,-0.5153,0.0565,-0.1044,0.8785,-0.3648
chicago_36.tif,train,chicago,0.2856,4.6370,1.7743,0.5789,0.5185,-1.4653,-1.7920,-3.1578,0.0717,1.8670,0.3467
tonga_35.tif,train,tonga,0.3271,0.0085,-1.0859,-2.8198,-0.1490,2.4129,-0.2734,-1.2216,0.6966,0.4119,0.1084
rio_14.tif,train,rio,0.1972,3.4218,2.2320,0.0505,4.5102,2.5231,-1.2763,2.9898,-0.1797,3.2541,-0.2524
tonga_14.tif,train,tonga,0.3687,0.3447,-1.1408,-1.0830,3.3236,0.5824,0.3586,0.0702,0.2956,1.1561,0.1805
aachen_9.tif,train,aachen,0.2225,-0.6981,-2.3125,-3.6398,-0.1152,2.6979,-0.4798,0.4637,-0.3221,1.4738,-0.4944
slaskie_25.tif,train,slaskie,0.3769,-1.8824,-2.0866,-2.6535,2.6957,3.0014,-0.1849,-2.2161,0.0320,0.5126,0.6764
rio_54.tif,train,rio,0.2134,2.3455,-0.0535,-0.7880,1.6067,-0.2964,-0.5716,0.2754,1.0325,3.2632,-0.6131
abancay_43.tif,train,abancay,0.2604,3.9700,-1.1567,-0.2795,0.8098,-0.1340,-0.3696,-1.1757,-1.3282,0.3828,0.2981
accra_28.tif,train,accra,0.2969,-0.3072,-1.9513,-1.3214,-0.3101,-2.1102,0.7275,-0.0157,0.6442,-0.0350,-0.4340
ngaoundere_63.tif,train,ngaoundere,0.7295,-2.2040,6.0758,-1.5531,2.1668,-1.2640,3.2222,-0.4634,2.6211,-1.2803,-3.4467
tokyo_58.tif,train,tokyo,0.3443,1.8605,0.6311,1.4762,-0.1538,-0.1622,-0.4490,0.9265,0.7854,0.7801,1.4325
ngaoundere_59.tif,train,ngaoundere,0.2973,3.2573,-0.0427,1.7839,-0.9057,0.1655,0.1546,1.1871,-0.2321,-0.0225,-1.3107
coxsbazar_75.tif,train,coxsbazar,0.1549,-7.4227,-0.0962,0.5132,-2.6071,-4.3381,-1.5969,-0.7958,-2.3781,-1.6308,-0.6155
slaskie_22.tif,train,slaskie,0.2205,-1.6869,-2.2076,-3.1636,2.8129,3.9687,1.0183,-0.6079,0.8980,-0.0756,0.3914
accra_64.tif,train,accra,0.5714,1.1276,1.9664,0.3660,0.4002,-1.4330,0.3165,-0.4225,1.8176,-1.3395,-0.6937
vienna_30.tif,train,vienna,0.1620,4.1790,-1.7973,-0.3238,0.7599,1.0665,0.0115,1.4607,-1.8160,0.6278,0.4291
aachen_7.tif,train,aachen,0.3896,0.7121,-1.0699,-0.2071,-0.0097,2.3376,0.4925,-0.9001,0.7023,-1.3431,0.2170
slaskie_27.tif,train,slaskie,0.2031,-0.5492,-2.6182,-2.0309,3.4492,0.7373,1.4627,-0.0094,0.7914,-0.1582,-0.8109
tonga_51.tif,train,tonga,0.2475,1.9282,-1.8059,-1.9011,0.7099,2.3411,0.2302,-0.1993,-0.3317,-0.1416,-0.1083
daressalaam_66.tif,train,daressalaam,0.4060,-2.0068,-0.4192,-2.1596,2.0226,0.2856,-0.6507,-0.5309,1.0168,1.9514,1.3219
koeln_2.tif,train,koeln,0.3165,0.2085,-2.0313,1.6197,0.1916,0.6099,0.7622,-0.9942,0.7460,-0.7026,1.6582
dhaka_47.tif,train,dhaka,0.3123,1.0490,-0.2135,-2.4936,-2.4550,0.4194,-1.3859,-2.4850,0.8497,2.0659,-1.7461
piura_43.tif,train,piura,0.3544,-1.8780,2.7492,2.3209,-0.2283,3.6090,-0.4245,0.0022,1.6304,-0.3526,-0.7236
duesseldorf_50.tif,train,duesseldorf,0.2541,-3.2916,-1.1427,1.5152,-1.4760,2.7483,-0.6749,-0.9465,-0.0405,0.2362,-0.5204
zanzibar_133.tif,train,zanzibar,0.2853,-1.8509,0.3782,-1.7310,7.2428,1.7566,-0.5511,0.3708,-1.4058,-0.4143,1.2818
tyrolw_62.tif,train,tyrolw,0.1041,-0.6529,-2.0722,4.3455,-1.0730,1.9854,0.1170,1.4208,-0.9866,0.9159,0.0075
viru_43.tif,train,viru,0.3506,0.8772,0.5533,3.3147,-2.2884,0.1850,0.3643,0.5828,0.9085,-1.1449,-0.4997
duesseldorf_16.tif,train,duesseldorf,0.2603,-6.1926,3.1238,-5.8031,-3.9324,-0.9899,-4.6362,-2.0509,-3.2252,0.2826,-3.0516
sechura_10.tif,train,sechura,0.1323,5.9863,0.4717,1.2933,-2.0461,-0.2493,-0.5499,2.1891,-1.6973,0.0021,0.3175
daressalaam_84.tif,train,daressalaam,0.3260,-3.5295,7.8428,-5.0522,-2.5562,2.5705,-6.4024,-0.2189,-3.8108,0.7066,-3.5125
rotterdam_15.tif,train,rotterdam,0.3573,1.1760,0.9644,-1.5683,-2.0482,-0.6870,-1.5334,-1.4211,0.8882,1.0489,0.7534
wielkopolskie_8.tif,train,wielkopolskie,0.0939,-1.8727,-3.0672,3.7658,0.8962,3.4442,0.9439,1.2336,-0.3573,0.4820,0.5474
kyoto_6.tif,train,kyoto,0.1974,-1.3674,1.8023,4.6845,-1.2520,2.7030,-1.2127,0.3995,-0.2173,-0.7169,0.8102
chiclayo_23.tif,train,chiclayo,0.2438,4.4323,-1.1666,-0.6514,0.4492,-0.4223,-0.2504,-1.0156,-0.9548,0.1012,0.0507
koeln_38.tif,train,koeln,0.1557,1.1649,-2.3391,-3.4013,-3.9026,1.7865,-1.1937,-1.9866,-0.3037,1.1431,-0.1113
ngaoundere_37.tif,train,ngaoundere,0.3572,1.2160,-0.6962,0.5040,-0.1246,-0.0365,0.3269,0.7049,0.4071,-0.5345,1.4631
baybay_51.tif,train,baybay,0.1891,-1.7855,-3.2289,3.7212,-1.6767,-0.2864,0.4248,-2.1024,-1.5162,-0.5810,-1.7628
zanzibar_141.tif,train,zanzibar,0.6078,-2.5138,4.3493,-2.4112,0.6864,-0.2704,0.5102,1.1815,2.8911,-1.6889,1.1507
paris_28.tif,train,paris,0.4314,1.2991,0.6427,-0.4305,2.0266,-0.5545,-0.0753,-2.1754,0.0853,-1.4341,0.3633
mazowieckie_27.tif,train,mazowieckie,0.2505,-0.7496,-3.2521,-1.9834,2.0170,-0.7109,1.1764,-0.3262,-0.3881,-0.1954,-1.3034
monrovia_12.tif,train,monrovia,0.3084,0.0916,-1.7731,1.6469,-0.6349,0.4029,1.3087,0.6962,1.2267,-0.4573,-1.0973
khartoum_40.tif,train,khartoum,0.3241,3.2987,1.1250,0.1603,-0.1161,-2.5732,-1.7733,-2.3508,-0.2618,1.7964,0.1534
abancay_3.tif,train,abancay,0.2739,2.7801,-1.5215,-0.4457,-0.1993,-0.5706,0.5838,-1.0601,-0.0713,-0.9000,0.1566
zanzibar_139.tif,train,zanzibar,0.3430,-2.0517,2.1503,-1.7391,6.7930,0.7387,-0.0742,0.1123,-0.3238,0.1442,0.3361
muenster_33.tif,train,muenster,0.2651,1.9355,-2.1403,-1.1380,0.2710,-0.8032,0.2496,0.7588,-1.3793,-0.0370,0.1765
svaneti_48.tif,train,svaneti,0.2488,-1.7336,-2.8847,-0.2196,2.7381,0.8495,1.2550,0.2509,1.2325,0.7814,-0.4042
lambayeque_13.tif,train,lambayeque,0.3563,4.1079,0.5767,0.5668,-0.5261,-0.7772,-0.2716,-1.3001,-0.1702,-0.7948,0.1856
chisinau_2.tif,train,chisinau,0.2666,3.8746,-0.7405,-0.3085,-0.9563,-1.2352,-0.0789,0.3349,-1.3507,-0.8216,-0.3283
kitsap_10.tif,train,kitsap,0.2818,3.6332,-0.8938,-0.4793,0.4403,0.1403,0.7887,-0.0376,-0.5466,-2.4567,0.2478
pisco_14.tif,train,pisco,0.3729,-2.3433,0.4881,3.3457,-0.4859,1.3301,-0.4977,0.1155,-1.0136,-2.4913,1.7002
paris_45.tif,train,paris,0.4593,1.6236,1.2740,-0.1231,2.3629,-0.6123,-0.3235,-3.2322,1.0371,-0.5188,0.2223
duesseldorf_46.tif,train,duesseldorf,0.3208,1.9735,-0.6730,-0.6172,0.4279,-0.8333,0.1265,-0.0371,0.2903,0.2746,-0.4878
khartoum_26.tif,train,khartoum,0.2598,3.2002,0.5115,0.1829,-0.5364,-2.5569,-1.7140,-2.0667,-0.1193,2.6116,0.5117
abancay_34.tif,train,abancay,0.2532,-4.0738,-1.7008,-1.6082,1.8283,-0.4756,1.4689,1.5908,2.5789,1.1409,-0.0530
ulaanbaatar_25.tif,train,ulaanbaatar,0.4017,4.0471,2.0240,0.1955,0.4131,-0.6352,0.1425,1.4333,-0.0808,-0.9180,-3.8925
koeln_64.tif,train,koeln,0.2766,3.5369,-0.4859,-0.0206,-0.2669,-0.6064,-0.2812,0.7279,-0.6015,0.6841,0.3381
dhaka_35.tif,train,dhaka,0.0996,-2.7806,3.4436,-5.8797,-3.9216,6.4144,-4.7236,0.3437,-1.6575,1.6284,1.1926
wielkopolskie_40.tif,train,wielkopolskie,0.2382,-0.4934,-2.6465,0.3891,3.4838,2.6449,1.2816,0.0370,0.3155,-0.2187,0.4569
lima_30.tif,train,lima,0.2556,2.5769,1.7748,1.4676,0.6200,2.3152,0.6464,3.2276,-0.7359,-3.1887,1.6422
vienna_65.tif,train,vienna,0.2417,3.6235,-1.6985,-0.1203,-1.0159,-1.6715,-0.6100,-1.8575,-1.2246,0.9183,-0.3361
monrovia_53.tif,train,monrovia,0.2665,2.4953,-0.4629,-1.1824,-2.0859,0.2336,-0.8320,-0.1741,0.8083,2.2685,-0.3367
malopolskie_21.tif,train,malopolskie,0.2633,-5.8370,-0.1264,1.0177,-2.2226,-0.4438,-1.6360,-1.0320,0.5208,1.6250,0.9998
shanghai_12.tif,train,shanghai,0.4814,2.1805,2.7374,0.3354,-0.8845,-2.6217,-1.2902,-1.4198,0.8928,-0.2690,1.4066
tonga_5.tif,train,tonga,0.4527,0.8354,0.8954,-1.8850,1.6290,3.8402,0.3914,-1.1095,1.6236,-0.7393,1.0755
khartoum_29.tif,train,khartoum,0.3541,3.4445,1.7601,0.4362,0.0662,-0.5085,-1.0748,1.5846,-1.9043,-1.2668,1.2950
dortmund_12.tif,train,dortmund,0.1776,-2.1448,-2.3052,3.7621,-0.6348,1.1180,0.5325,-1.2859,-0.5192,-0.7901,-0.4016
ica_30.tif,train,ica,0.9248,-3.3206,10.4004,1.0728,-0.0536,-3.4281,1.3597,-0.1260,2.5480,-3.9520,-2.2613
aachen_24.tif,train,aachen,0.1744,-4.3326,-2.2962,1.2391,-2.0709,1.9160,-0.3536,-0.3436,0.3092,1.1163,0.0604
tyrolw_25.tif,train,tyrolw,0.1864,-1.5315,-2.9839,-2.7810,-1.3236,-0.3273,1.6268,0.2745,1.1139,-1.3866,0.1170
kampala_1.tif,train,kampala,0.2650,0.4871,-1.3572,-1.3733,3.2131,1.1740,0.9977,0.8608,0.9867,0.5627,-0.4309
melbourne_28.tif,train,melbourne,0.2832,3.3099,-1.0197,-0.2920,0.5701,-0.0213,0.0866,-0.7192,-0.3516,-0.2248,0.8853
aachen_70.tif,train,aachen,0.3483,-1.7839,-2.1815,0.2561,-0.5381,-1.3237,1.2193,-0.0509,1.5613,-1.0641,1.0849
piura_2.tif,train,piura,0.2956,-1.5270,1.0105,2.2091,-3.2440,1.9779,-1.0267,1.1118,1.1779,1.4461,0.3387
tyrolw_28.tif,train,tyrolw,0.1726,-1.9440,-3.4131,1.9946,-0.0216,1.1313,1.2854,0.4052,0.5030,0.0103,0.1594
khartoum_27.tif,train,khartoum,0.3024,3.3338,1.0086,0.2311,-0.0229,-2.5505,-1.8670,-2.7092,-0.1435,2.2275,0.2700
koeln_17.tif,train,koeln,0.2347,3.0120,-1.2690,-0.4085,-0.6263,-1.2826,-0.3818,-0.1783,-0.7022,1.1024,0.1856
coxsbazar_25.tif,train,coxsbazar,0.1913,-4.1033,-1.2606,-4.9966,-0.2473,1.8167,-1.2276,0.8961,-0.3328,1.1479,0.1956
austin_27.tif,train,austin,0.2261,1.4074,-2.6275,-1.3060,-0.1379,-1.8413,0.0674,-1.3738,-1.5023,-0.9476,0.9211
kitsap_44.tif,train,kitsap,0.0837,-0.8399,-3.4006,-1.8664,-1.6867,-3.0244,0.5842,1.4438,-1.9020,-1.7903,0.7109
lambayeque_1.tif,train,lambayeque,0.1363,-1.2998,0.4082,5.2182,-1.7147,0.3546,-1.2303,2.7219,-1.6166,2.0029,-1.9000
malopolskie_11.tif,train,malopolskie,0.1773,-5.6740,2.0025,4.4112,-0.2677,-0.7746,-2.7425,2.7613,-4.8448,-1.8110,0.6146
duesseldorf_29.tif,train,duesseldorf,0.2860,3.8244,0.3776,0.2613,1.1366,0.3564,-0.3163,-0.7655,0.2707,0.6951,0.1236
kitsap_23.tif,train,kitsap,0.3355,3.1115,-0.1598,-0.6133,1.0353,-0.5240,0.1388,-0.7842,-0.8714,-1.8492,-0.1787
kitsap_41.tif,train,kitsap,0.3088,-1.4309,-2.1865,-1.5288,-1.9190,-4.0016,1.1578,-0.4578,0.0580,-2.4121,-1.4244
viru_12.tif,train,viru,0.1879,1.0654,-0.2214,4.9905,-2.2433,1.4184,0.1123,0.8414,-0.7352,-1.2939,-0.0940
vienna_31.tif,train,vienna,0.2010,4.6177,-1.6829,-0.5201,1.2957,1.1671,0.0352,0.8911,-2.9992,-1.8215,1.2963
piura_50.tif,train,piura,0.2533,2.6019,-1.5743,1.9517,-1.6773,-0.2269,0.3857,-0.1492,0.1129,-0.0785,0.2383
chincha_22.tif,train,chincha,0.4601,-0.9558,0.7850,1.1966,-0.5498,-0.2828,0.7871,2.2469,1.6032,-2.1810,2.2149
piura_16.tif,train,piura,0.4770,-3.8953,6.4515,-2.7074,0.2195,-0.9320,4.1381,2.3601,-3.6648,-2.2334,0.5669
khartoum_12.tif,train,khartoum,0.4397,2.4265,3.2830,1.0944,1.0641,-1.5205,-2.3772,-0.0276,-0.5751,2.4125,0.0781
daressalaam_113.tif,train,daressalaam,0.2132,3.1345,-1.7669,-0.8966,-0.7807,0.5086,-0.4571,-1.6721,-0.1688,1.3913,0.2655
chincha_19.tif,train,chincha,0.3012,2.8277,0.4236,1.7653,-1.5331,-0.0670,0.3145,0.8714,1.0498,-0.7531,1.3905
warminsko-mazurskie_5.tif,train,warminsko-mazurskie,0.6490,-4.2765,1.4616,-0.1270,-0.1232,0.7936,-0.4467,-0.9338,3.0950,-0.7365,3.4453
baybay_42.tif,train,baybay,0.2417,-1.9992,-3.3605,-0.1039,-0.3548,1.5284,1.4174,0.9997,0.5915,-1.0581,0.5306
mahe_70.tif,train,mahe,0.2443,0.1992,-2.7322,-1.1877,-1.3631,-3.1082,0.3337,-0.7990,-0.5914,0.2225,-1.0019
dowa_12.tif,train,dowa,0.1634,-2.7261,-1.3594,3.4443,0.1381,1.2233,-0.1616,2.3866,-0.8964,1.2956,-0.9978
duesseldorf_45.tif,train,duesseldorf,0.3228,4.0163,1.8057,0.3907,1.0228,-0.2100,-1.3490,0.3506,-1.1525,-0.0426,0.9223
dhaka_32.tif,train,dhaka,0.2558,0.5753,0.4192,-3.0745,-0.3587,4.1882,-1.2793,1.4738,-0.5084,0.7709,1.0677
daressalaam_124.tif,train,daressalaam,0.1724,4.6968,-0.3753,0.3822,1.0090,1.7821,0.0035,1.1891,-0.5267,0.6081,0.9253
zanzibar_107.tif,train,zanzibar,0.2271,-3.1459,-0.4105,-2.2819,6.9234,0.5652,-0.3496,-1.1273,-0.5084,1.0369,0.9598
podlaskie_1.tif,train,podlaskie,0.0737,-5.6863,-1.8315,4.6107,-1.3929,-1.4299,-1.4533,-1.2368,-1.1830,2.9250,-0.8129
baybay_27.tif,train,baybay,0.1959,-0.3185,-2.0557,-3.4623,-4.4610,0.8384,-0.6910,-0.3342,-0.2119,0.5560,-1.0840
kujawsko-pomorskie_10.tif,train,kujawsko-pomorskie,0.1405,-3.2152,0.8276,-5.8143,-1.1080,5.3836,-2.8073,-0.2301,-0.7622,1.3878,0.7021
dhaka_39.tif,train,dhaka,0.3298,-0.3358,0.7324,-2.6263,-1.5530,0.8049,-2.1945,-2.1928,0.9787,3.0007,0.2872
daressalaam_29.tif,train,daressalaam,0.3416,2.4432,-0.3409,-0.6219,-0.0645,-1.2540,-0.0119,-0.3831,0.5672,0.7289,-0.7037
muenster_48.tif,train,muenster,0.2844,1.3025,-2.1086,-1.2345,1.0776,-0.9380,0.0143,-0.5915,-0.9749,0.5178,0.2316
lima_20.tif,train,lima,0.1363,4.7942,5.0000,1.6893,2.3182,1.2893,-2.3060,4.2481,-2.7050,0.6992,0.0219
mahe_1.tif,train,mahe,0.3399,-2.0172,-0.1686,-3.3830,-3.8622,1.1258,-0.1596,-1.6246,1.3644,-1.2027,-0.1359
dhaka_45.tif,train,dhaka,0.2447,1.6011,-0.2001,-1.6818,-1.6313,1.4024,-1.5829,-1.3693,0.2587,2.4631,0.3130
ngaoundere_23.tif,train,ngaoundere,0.3326,0.7192,-1.1152,2.0977,0.7419,1.8319,1.3949,0.4853,1.4348,-0.7727,-0.4839
daressalaam_55.tif,train,daressalaam,0.3260,3.1653,-0.7871,0.0770,-1.2952,-1.9982,-0.4356,-2.0916,-0.0646,0.8788,-0.4825
daressalaam_82.tif,train,daressalaam,0.2714,0.3812,-1.3762,-1.3246,1.8256,-0.0290,0.4491,0.9306,0.7915,1.2650,0.3124
kyoto_23.tif,train,kyoto,0.3388,0.8911,-0.4196,0.6605,0.6981,0.7835,0.6318,1.1110,1.0279,-0.8784,2.1208
lambayeque_36.tif,train,lambayeque,0.3469,-5.8172,2.1941,1.0836,-2.1419,-0.2030,-1.0265,-2.4307,-1.2593,-2.9294,-1.0993
rio_47.tif,train,rio,0.2603,2.1363,0.5124,-0.0687,-1.4385,-1.1659,-0.2986,2.5703,0.2855,0.6826,1.3631
chincha_43.tif,train,chincha,0.2948,4.6576,0.1872,0.1719,-0.9431,-1.6353,-0.6779,-1.4051,-0.9864,-0.1481,-1.2738
kyoto_12.tif,train,kyoto,0.2648,0.4346,1.1387,4.0467,-0.8775,0.9491,-0.4318,-1.4351,0.3934,-0.7123,0.5459
santiago_61.tif,train,santiago,0.4024,2.8038,1.2251,0.2336,-0.3368,-1.5659,-0.1686,-1.7634,1.2478,-0.4893,0.1045
koeln_34.tif,train,koeln,0.3191,2.5609,-0.2623,-0.4314,-1.0299,-1.5995,-0.0432,0.3104,0.3517,0.1299,0.3037
lohur_18.tif,train,lohur,0.4331,-3.2556,-0.6675,2.4654,2.8306,0.7514,0.0994,-3.3770,0.9172,0.3730,-0.3836
shanghai_1.tif,train,shanghai,0.1504,1.7731,2.1591,0.7806,-0.0725,-3.0110,-3.1424,-2.1549,0.3562,5.3164,0.1040
muenster_10.tif,train,muenster,0.3123,1.0729,-1.8865,-0.8602,0.6471,-1.0061,0.3056,-1.6276,-0.0885,-0.2468,0.8674
kujawsko-pomorskie_17.tif,train,kujawsko-pomorskie,0.2534,-0.0519,-3.1305,-1.9320,1.8484,-0.6282,0.4268,0.0905,-0.8720,0.4398,1.1862
dortmund_70.tif,train,dortmund,0.2001,1.2639,-1.4009,2.5153,-2.8562,-0.5339,0.2311,2.5558,-0.7194,0.0724,-0.0819
monrovia_26.tif,train,monrovia,0.2974,-0.2919,-0.7114,0.3963,-0.9512,-0.6096,0.9635,3.3314,2.5649,1.2583,-0.2805
mazowieckie_13.tif,train,mazowieckie,0.2064,-3.8959,-3.0800,-0.7274,-0.1513,-1.7286,0.9933,1.4037,1.6531,0.4437,2.3579
tyrolw_19.tif,train,tyrolw,0.3570,2.0663,0.2880,-1.6120,-1.5244,0.6088,0.6936,-0.2050,1.7828,-1.0302,-0.2647
tokyo_40.tif,train,tokyo,0.3685,0.9341,0.1346,0.5856,0.5659,-0.0108,0.0411,1.3324,1.0794,0.3606,2.2208
rotterdam_18.tif,train,rotterdam,0.2581,2.9973,0.9873,-0.6183,0.7025,0.1355,-0.4812,3.7479,-2.1605,-0.9859,0.4544
chiclayo_14.tif,train,chiclayo,0.2641,-2.6991,5.5347,1.4553,-3.9892,1.5943,18.5539,-1.7491,-7.5841,6.2603,2.3511
kyoto_42.tif,train,kyoto,0.6166,0.0832,3.3490,3.1655,0.0810,0.0792,-0.2501,-0.4487,2.8428,-1.1014,2.0746
chicago_20.tif,train,chicago,0.2932,4.1638,-0.0803,0.0853,-0.7112,-1.3071,-0.2850,-0.7159,-0.7538,-0.3193,-1.0413
daressalaam_59.tif,train,daressalaam,0.2706,1.8514,-0.9428,-0.8202,-1.5135,-0.8927,1.3053,0.4219,0.4998,-2.2184,-0.1951
maputo_4.tif,train,maputo,0.2240,3.4129,-1.9345,-0.4427,-1.0709,-1.4917,-0.3734,-0.3935,-1.2327,1.3107,-0.5552
tyrolw_29.tif,train,tyrolw,0.2697,2.8010,-0.9053,-1.0862,1.0361,0.1240,0.0167,2.0243,-1.0043,0.0998,1.0960
kyoto_69.tif,train,kyoto,0.2803,-2.5781,-0.4025,-1.5248,-2.1122,4.2160,-0.9086,0.3444,0.2679,-0.3721,-0.1774
lubuskie_22.tif,train,lubuskie,0.0650,-2.3727,-4.2780,-1.8658,-1.6177,-3.4510,0.8114,-1.3423,-0.5920,-1.4187,1.8542
piura_20.tif,train,piura,0.3529,0.1985,-0.9271,1.9006,0.2544,0.7108,0.7711,1.2725,0.0742,-0.1925,-2.0138
chisinau_55.tif,train,chisinau,0.1926,3.9381,-2.0916,-0.3945,-1.1920,-1.1503,0.0493,-0.1446,-1.3577,0.2790,-0.8477
coxsbazar_61.tif,train,coxsbazar,0.1194,-6.4653,-2.6237,-0.0526,-1.9832,-2.0348,-1.0484,0.6638,-1.5665,0.6496,1.0347
zanzibar_112.tif,train,zanzibar,0.4500,-1.5664,1.8161,-1.6118,5.0497,0.1460,-0.5144,1.1695,-0.2145,-0.8442,1.6182
bielefeld_60.tif,train,bielefeld,0.3239,2.7440,-0.4372,-0.5123,1.7175,-0.0540,-0.1437,-0.1637,-0.6890,0.5361,-0.9850
rio_68.tif,train,rio,0.2296,-4.4854,-0.3437,-2.8137,-0.5428,-5.6448,-1.2534,1.2734,-1.7419,0.0421,-1.2246
aachen_22.tif,train,aachen,0.2543,-2.0396,-0.1936,3.4108,0.0332,0.8091,0.2451,-0.4040,0.9671,-0.2102,-0.1386
zanzibar_37.tif,train,zanzibar,0.4547,-3.4047,0.2914,2.3367,-0.6675,-1.5688,-0.2259,-0.1271,1.8884,1.4159,-0.4056
niamey_7.tif,train,niamey,0.3785,2.2804,0.4642,0.3137,-0.7030,-1.3120,-0.5542,1.5101,-0.4255,0.8981,0.7383
chincha_10.tif,train,chincha,0.2632,2.2765,0.2006,2.3368,-0.3365,1.5379,0.3949,1.5582,-0.7692,-2.2988,1.8180
daressalaam_43.tif,train,daressalaam,0.3437,2.0744,-1.1449,-0.5578,0.5818,-1.1008,-0.4584,-2.3282,0.1609,1.5733,0.1765
shanghai_59.tif,train,shanghai,0.4024,1.9460,2.6151,0.2785,-0.5998,-2.7983,-2.0792,0.1848,0.3574,2.9469,-0.1415
lima_7.tif,train,lima,0.2495,2.0948,-0.4716,-0.9490,0.2760,2.7728,0.5057,1.6125,0.0681,-1.8211,1.5076
khartoum_15.tif,train,khartoum,0.3311,3.1449,0.8296,0.2994,-0.2275,-2.2519,-1.6174,-1.5050,-0.7521,1.7148,0.3165
tyrolw_6.tif,train,tyrolw,0.8526,-1.3268,8.0480,-1.2748,1.4276,-1.1835,3.7789,-2.4886,0.2668,-5.8461,-1.0014
tyrolw_5.tif,train,tyrolw,0.4168,-4.2874,0.7543,0.8327,-1.5392,0.5260,-1.4928,-1.7244,0.1307,0.1399,0.2269
christchurch_44.tif,train,christchurch,0.3412,0.2979,-0.9714,0.6537,-1.4830,2.3711,0.3329,0.4635,1.4037,-0.0888,0.7117
melbourne_27.tif,train,melbourne,0.2982,3.3400,-0.8056,-0.3253,-0.7065,-1.9851,-0.2165,-2.1076,-0.0745,0.1761,-0.7709
muenster_56.tif,train,muenster,0.2819,-1.3325,-1.8139,2.6438,0.4256,0.6412,0.3880,-2.2195,0.0210,-0.9207,0.6700
kitsap_40.tif,train,kitsap,0.2050,-5.1331,0.1614,-3.0828,0.0317,-6.7119,-1.6224,1.5297,-3.8410,-1.1503,-1.4823
kyoto_39.tif,train,kyoto,0.2485,-1.1395,0.4041,3.8810,-1.1850,1.6931,0.5929,-0.0216,1.3329,-1.1044,1.2772
baybay_16.tif,train,baybay,0.3325,-0.0711,-1.3936,1.7949,-1.2851,-0.4648,0.9762,0.0609,1.5457,0.0080,-1.2147
monrovia_75.tif,train,monrovia,0.2575,-0.8098,-1.6376,-1.4668,-0.2298,-1.7892,0.8359,2.2764,1.7784,1.1354,0.4884
lambayeque_38.tif,train,lambayeque,0.3240,-4.7839,4.6801,3.4203,-1.3561,1.0659,-1.5987,1.3386,0.3741,-2.0217,0.9510
daressalaam_47.tif,train,daressalaam,0.3640,2.2544,-0.0807,0.0920,-0.0585,-1.4759,-0.9579,-2.1542,0.2665,1.6804,0.8644
accra_49.tif,train,accra,0.2554,-2.1453,1.7413,5.9592,-0.0874,0.6838,-1.7247,-1.4581,-0.3399,1.9628,-0.2944
soriano_4.tif,train,soriano,0.2146,-0.4889,-2.0347,0.7686,4.4125,2.4371,0.5609,-1.2971,-0.3261,0.0136,-0.3323
chiclayo_9.tif,train,chiclayo,0.3026,-2.4300,-0.0004,4.0802,-1.1953,0.3589,-0.4180,1.2871,1.1168,2.0485,0.5058
christchurch_6.tif,train,christchurch,0.1721,-0.3997,-3.5039,-2.0217,2.4104,0.9098,1.5909,1.9966,-0.9252,-1.2594,-0.0160
zachodniopomorskie_1.tif,train,zachodniopomorskie,0.1354,-4.8275,1.4716,-5.6283,-6.6898,2.9022,-3.9935,-0.6616,1.1359,3.9278,0.1955
dortmund_47.tif,train,dortmund,0.3360,-0.4733,-1.7693,1.5563,0.4607,0.4122,1.1472,-1.0960,1.0131,-1.0224,-0.6295
paris_53.tif,train,paris,0.5375,2.0895,1.8744,-0.2080,1.5843,-1.9801,-0.7118,-3.5302,0.4853,-0.2076,-1.9122
tonga_68.tif,train,tonga,0.3622,0.7750,-0.5903,-1.0858,2.2788,-0.4818,0.4262,-0.2255,0.7486,0.7918,-1.4502
rio_70.tif,train,rio,0.4066,-3.8393,1.7379,2.8089,-0.7631,-1.2549,-0.5059,0.5301,1.5485,-0.7878,1.8146
ulaanbaatar_35.tif,train,ulaanbaatar,0.4122,3.5803,3.4171,0.7889,1.3253,0.0911,-0.2913,1.4352,0.8600,-1.1700,-1.1788
duesseldorf_43.tif,train,duesseldorf,0.2999,-0.2123,-0.7693,2.5990,1.6314,1.7895,0.1126,-0.7478,0.3270,0.4025,0.4400
tonga_52.tif,train,tonga,0.2955,-0.1155,-0.1416,-3.3348,1.1831,5.0812,2.4523,-1.0868,0.3329,0.0113,-0.5029
ngaoundere_10.tif,train,ngaoundere,0.3759,-0.1591,-0.3690,1.0205,0.4715,1.2187,1.5012,1.3684,2.1202,-0.1502,-0.3073
paris_3.tif,train,paris,0.4778,2.0913,1.3920,-0.2388,1.8416,-1.2021,-0.5970,-2.1684,-0.2628,-0.7598,-1.0423
lubuskie_12.tif,train,lubuskie,0.2897,-6.4141,2.9776,-4.2440,4.2621,-0.4573,-2.7786,1.0983,-2.9486,-1.7959,-0.5116
dhaka_62.tif,train,dhaka,0.2496,0.4467,0.7217,-3.2571,-2.0319,3.8163,-2.0175,-0.3743,0.3326,1.9428,1.2763
baybay_54.tif,train,baybay,0.2008,-1.9125,-3.7025,1.5661,-0.8856,-0.5136,0.8760,0.2469,-0.3592,0.4045,-0.6281
vienna_11.tif,train,vienna,0.2025,2.5132,-2.7063,-1.0408,0.0762,-0.7714,0.0922,-0.0168,-1.1524,0.8436,-0.1342
chisinau_34.tif,train,chisinau,0.2149,3.6935,-2.5999,-0.5361,-0.6691,-0.7541,0.4972,-0.3114,-1.5453,-0.6858,-0.3132
rio_21.tif,train,rio,0.5170,-0.3271,1.8081,-1.3243,0.3381,-4.2327,-0.6934,-1.4365,1.5187,0.5973,-1.5964
lambayeque_32.tif,train,lambayeque,0.1723,-1.4930,-0.4561,4.4183,-2.0037,0.1326,-0.5201,0.9830,-2.0284,-1.2038,0.1419
lohur_37.tif,train,lohur,0.2158,-3.2998,-1.5184,1.1606,2.0153,2.4036,0.3730,1.0691,0.7571,0.8436,0.2632
ulaanbaatar_21.tif,train,ulaanbaatar,0.7508,-1.8780,7.6466,-2.4640,1.5396,0.8029,2.9066,-0.1260,0.9049,1.8385,-3.9580
paris_66.tif,train,paris,0.4760,-0.4979,0.5489,-1.2817,2.0998,-0.2410,-0.4345,-2.7806,0.4743,-0.2861,-0.8253
kujawsko-pomorskie_16.tif,train,kujawsko-pomorskie,0.3215,-4.2514,2.3902,2.5844,1.0625,2.7116,-0.3165,0.7569,1.1962,-1.5178,1.9469
tonga_7.tif,train,tonga,0.2845,0.6040,-1.2245,-2.0066,2.5867,2.2672,0.3257,-0.4241,0.4911,0.8288,-1.7325
zanzibar_74.tif,train,zanzibar,0.4936,-4.3967,2.1269,-1.4422,-3.6865,-3.4262,0.3995,-0.2059,4.6771,-0.3484,0.0320
dowa_19.tif,train,dowa,0.2751,2.5090,0.5926,2.6223,-1.2745,0.6197,0.2280,2.6223,-0.5316,-0.8145,-0.5196
niamey_13.tif,train,niamey,0.2334,1.7719,-0.0179,-2.8480,-4.1406,2.3595,-1.5501,0.5951,-0.6789,0.7413,-0.4725
viru_47.tif,train,viru,0.4096,-2.2075,2.2149,1.7499,-0.8229,2.8286,0.5801,0.3496,0.9688,-2.2221,-1.5705
melbourne_40.tif,train,melbourne,0.2922,2.8424,-0.8510,-0.1150,-0.8305,-1.3348,0.3207,-1.0948,0.6715,0.1023,-0.7145
svaneti_5.tif,train,svaneti,0.3010,-2.3482,-3.0362,-1.4604,0.5828,-0.0723,1.4290,-0.9234,2.2788,-0.4268,0.5179
svaneti_4.tif,train,svaneti,0.2779,-2.2812,-3.7316,-2.1022,0.5325,-2.5135,1.2228,-2.1423,1.0572,0.0158,-0.4079
dolnoslaskie_13.tif,train,dolnoslaskie,0.2579,-2.3503,-2.8809,0.5458,-0.2912,-0.9715,0.8997,0.7825,-0.2214,-0.4377,-0.5256
dortmund_29.tif,train,dortmund,0.1921,-1.9565,-3.0475,3.0533,-0.3443,1.1034,0.6999,-1.0262,-0.8493,-1.0152,0.5115
aachen_1.tif,train,aachen,0.1387,-3.5203,-0.6873,4.5932,-0.9967,0.7661,-0.4107,1.0115,-0.7832,0.4122,-1.0116
malopolskie_29.tif,train,malopolskie,0.3975,-3.0459,2.1716,3.9702,0.3902,1.1358,-1.9733,-1.6904,-0.0198,1.5795,0.3757
kitsap_17.tif,train,kitsap,0.1010,-5.7696,0.6733,-3.2876,6.6562,-1.6112,-0.9705,1.8125,-2.4745,-0.2196,-1.6176
dortmund_20.tif,train,dortmund,0.1632,-3.0698,-2.9008,1.5736,-2.0651,0.2975,0.3018,-0.1532,-1.2408,-2.1885,1.0016
mazowieckie_6.tif,train,mazowieckie,0.2445,-0.6371,-2.4447,0.2336,0.2403,3.1297,0.4531,0.0025,1.4887,0.9933,1.9927
muenster_16.tif,train,muenster,0.0960,-3.0355,-1.4126,5.1982,-1.8995,1.0169,-0.1153,1.1380,-0.7794,0.3182,-1.0870
zanzibar_86.tif,train,zanzibar,0.5707,-4.1241,4.1541,-1.7373,6.3988,-1.4525,-2.0171,0.7213,-0.0211,0.1144,2.2301
rio_6.tif,train,rio,0.7091,-1.2355,2.5119,0.0196,1.1268,-1.1145,0.9387,-2.0549,3.3788,-1.5728,-1.2261
paris_9.tif,train,paris,0.4756,1.7846,1.1269,-0.3882,1.9437,-1.6679,-0.6876,-3.6487,0.1660,-0.3081,-0.9617
ulaanbaatar_13.tif,train,ulaanbaatar,0.4531,0.7815,2.1934,-0.8536,4.3887,0.4270,0.0184,1.0430,-0.4841,-0.0395,-4.1271
paris_33.tif,train,paris,0.5492,-1.7055,0.5508,-1.1539,6.0431,0.5020,-0.8574,-1.4919,0.0565,1.0807,2.2718
koeln_18.tif,train,koeln,0.2643,2.3243,-1.7050,-1.4256,1.5079,0.1125,0.3506,1.2226,-2.2089,-1.4042,-0.2804
vegas_3.tif,train,vegas,0.2318,5.5224,-0.9438,0.5024,-0.8609,-0.5058,-0.1270,-2.8395,-1.4804,-2.6537,1.6488
wielkopolskie_37.tif,train,wielkopolskie,0.2134,-2.1175,-1.3511,1.6292,-1.2620,5.0242,-0.6904,-0.3563,-0.3927,0.6952,-1.1202
warminsko-mazurskie_7.tif,train,warminsko-mazurskie,0.2400,-5.4684,-0.7407,0.2701,1.1446,-2.1526,-0.5830,2.0889,0.2321,1.8087,-0.6162
dolnoslaskie_39.tif,train,dolnoslaskie,0.1849,-6.1650,1.6642,4.4623,0.4283,-1.1034,-2.3679,-2.5169,-3.8834,-3.4471,0.8332
piura_23.tif,train,piura,0.2363,-4.2851,2.4234,2.3118,-0.4829,1.7864,-0.3937,0.7431,-0.9789,-2.9597,-2.1672
vegas_38.tif,train,vegas,0.3451,4.1437,0.0398,0.3650,-0.8698,-1.2872,0.1014,-2.9785,0.0985,-1.8580,0.0094
duesseldorf_12.tif,train,duesseldorf,0.3296,0.2713,-0.4851,2.3796,-0.4570,-0.0225,0.1343,0.8738,0.2442,0.8261,-1.9010
kitsap_25.tif,train,kitsap,0.3537,3.4322,0.6973,-0.4307,0.7164,-0.7512,-0.1889,-0.3052,-0.7495,-1.7063,0.1752
svaneti_36.tif,train,svaneti,0.2920,-0.8972,-2.2624,0.3599,1.5911,0.8830,0.6326,0.1819,0.5948,0.7780,0.4642
dortmund_45.tif,train,dortmund,0.1878,-1.3747,-4.0442,1.2792,-0.2710,0.6003,1.3639,-0.1763,0.0059,-0.8691,0.8869
lohur_25.tif,train,lohur,0.0983,-5.0957,1.5807,4.3910,3.9603,2.0638,-2.3149,-2.2730,-5.0461,-3.5052,1.1466
dortmund_19.tif,train,dortmund,0.2476,-2.6680,-3.0339,0.9264,-0.5276,-0.6431,1.1244,-0.0089,0.4015,-0.8229,0.5446
pomorskie_14.tif,train,pomorskie,0.2512,-3.3951,0.2461,3.4796,-2.6871,-1.2807,0.0361,1.8207,2.0703,1.1086,-0.9074
chicago_30.tif,train,chicago,0.3638,2.6056,0.1022,-0.2641,-0.2912,-1.3512,0.0094,-1.0272,0.0961,-0.9191,0.2530
tokyo_35.tif,train,tokyo,0.3214,1.4204,-0.3827,-0.5846,-0.3802,-1.1484,0.0935,1.5279,0.9769,0.6875,1.7974
shanghai_38.tif,train,shanghai,0.4241,1.1269,1.1261,0.7803,1.2269,1.9434,-0.2739,-0.6255,0.1947,-1.5363,0.8343
muenster_36.tif,train,muenster,0.2192,3.0539,-2.1204,-0.9972,0.4693,-0.1035,0.2099,1.0141,-1.0487,0.5966,0.3587
vienna_42.tif,train,vienna,0.2272,3.3205,-1.8786,-0.1144,-0.4286,-0.4718,0.1015,-1.2648,-0.4448,0.0829,0.9362
paris_31.tif,train,paris,0.5626,-0.5922,1.4774,-0.6526,5.5287,0.2384,-1.3400,-1.7892,-0.0009,1.1089,2.1626
austin_9.tif,train,austin,0.2602,3.9356,-1.0851,0.0146,-0.3965,-0.4032,0.3575,-1.1156,-0.6207,-1.7274,0.7695
koeln_44.tif,train,koeln,0.3133,0.9977,-1.7164,-1.0303,-0.3186,-1.7160,0.6711,-0.8611,-0.0331,-1.2551,-0.1144
kagera_21.tif,train,kagera,0.3933,-2.6516,-0.4732,-2.0091,1.8741,-2.7057,-0.0203,1.1171,1.5066,2.4243,-1.8260
christchurch_51.tif,train,christchurch,0.2566,2.4945,-2.3335,-0.7365,2.3226,1.1120,0.5903,-1.6193,-0.6493,-0.4379,0.8969
paris_5.tif,train,paris,0.4094,1.8171,0.7827,-0.3503,2.7687,-0.3213,-0.6056,-1.8352,0.0672,0.5718,-0.2131
rio_23.tif,train,rio,0.2975,3.6058,4.8661,1.0412,2.2643,0.2659,-1.7376,1.7204,1.6159,3.2912,-1.3783
rio_39.tif,train,rio,0.3975,0.5516,0.5567,-1.4227,0.0858,-1.7979,0.6847,-1.5638,-0.2396,-3.6626,0.1249
pomorskie_10.tif,train,pomorskie,0.3476,-3.3258,0.5016,2.7962,-0.2641,0.7240,-0.2702,0.5481,0.7805,-0.6486,0.2342
pisco_41.tif,train,pisco,0.2406,4.1303,-0.2082,-0.2841,1.5196,0.8440,-0.2555,1.2745,-1.7249,0.0092,-0.6626
mahe_63.tif,train,mahe,0.2106,0.2522,-3.0178,-2.5364,-1.4960,1.7424,0.9400,0.5577,1.0072,-0.3855,0.4441
lubuskie_6.tif,train,lubuskie,0.4467,-2.2647,0.0924,2.4653,2.6807,0.7742,0.1432,-2.9252,0.9618,-0.2039,-2.0827
aachen_13.tif,train,aachen,0.2845,-1.0550,-1.3556,1.3492,-2.1140,0.8087,0.4960,1.2097,1.0879,-0.1843,-0.0154
shanghai_37.tif,train,shanghai,0.4726,1.3526,3.1776,2.0184,-0.1955,-0.9089,-1.2765,-0.6563,2.2829,1.4623,1.6221
podkarpackie_15.tif,train,podkarpackie,0.4162,-4.5754,-0.5711,2.6640,-0.4408,0.6629,-0.4607,-0.8676,0.4233,-0.6441,2.0300
swietokrzyskie_20.tif,train,swietokrzyskie,0.0768,-2.0523,-1.2154,6.0809,0.1035,2.5743,-0.8804,-0.5079,-1.7228,1.3716,-0.3385
daressalaam_71.tif,train,daressalaam,0.2847,1.0069,-0.6937,-0.6671,-1.0380,-1.8033,0.4030,1.7640,1.5411,1.0748,0.2416
vegas_28.tif,train,vegas,0.2915,4.6986,0.5020,0.9282,-0.8362,-0.5190,-0.4863,-1.3036,-0.8201,-1.0148,1.0527
vienna_21.tif,train,vienna,0.2803,-1.0487,-1.8347,-1.9028,1.0899,-1.7554,-0.2090,1.7604,-1.6732,-0.0488,0.4926
khartoum_17.tif,train,khartoum,0.3273,3.2126,1.0103,0.7365,-1.6699,-2.5296,-1.3821,-1.1757,-0.6366,1.0010,0.5132
shanghai_53.tif,train,shanghai,0.5382,2.2286,3.8094,0.4902,1.7915,-2.1075,-2.0653,-4.4628,0.9731,1.2406,0.9457
lohur_38.tif,train,lohur,0.2599,-2.6239,-0.5823,3.5630,1.5545,3.8443,-0.2958,0.1129,0.5911,1.0647,1.1422
monrovia_59.tif,train,monrovia,0.3096,0.2428,-1.5740,-0.8454,0.5606,-0.0507,1.2701,0.8696,2.1583,0.1633,0.3912
koeln_67.tif,train,koeln,0.3662,2.9391,1.0522,-0.3301,1.9541,-0.1521,-0.7238,0.2757,-0.3947,0.5061,-0.2028
tyrolw_31.tif,train,tyrolw,0.2556,-3.5398,-0.8429,0.1399,-4.7226,2.3712,-0.0426,-0.9488,1.6638,0.1411,-0.4996
santiago_60.tif,train,santiago,0.3717,2.7257,0.5279,0.1362,-0.7958,-1.8566,-0.1832,-1.8465,0.5373,-0.9779,0.4222
pomorskie_4.tif,train,pomorskie,0.4415,-2.8622,1.0971,2.2473,0.4781,0.0214,0.5469,0.1484,1.3025,-2.3379,-0.0084
ica_11.tif,train,ica,0.2143,5.0591,-1.0877,0.1843,-0.5998,-0.4861,-0.2963,-0.4054,-1.8115,-0.0977,-0.9476
koeln_55.tif,train,koeln,0.1645,-4.1031,-2.3783,-2.1747,-2.8071,0.6187,-0.1996,3.1188,0.1421,0.4586,0.6798
monrovia_3.tif,train,monrovia,0.3179,0.1636,-2.0079,0.6146,-0.5105,0.0779,1.5416,0.8493,1.9962,-0.4520,0.3944
bielefeld_64.tif,train,bielefeld,0.2107,-2.2394,-1.5342,3.3196,1.4272,1.3205,-0.1393,-1.5699,-1.1145,0.1675,-1.1395
accra_18.tif,train,accra,0.2017,-3.7129,0.4284,4.8447,0.8536,0.4007,-1.3512,-2.5521,-0.4417,1.4239,-0.0914
tokyo_62.tif,train,tokyo,0.3845,2.1634,1.3949,-0.2774,0.3630,-1.5713,-1.2145,0.1188,0.0958,1.5207,1.4329
melbourne_44.tif,train,melbourne,0.2884,3.5670,0.2356,0.3496,0.0044,-0.8386,-0.3333,-2.6787,0.8742,0.1309,1.0818
chisinau_60.tif,train,chisinau,0.2459,3.1224,-1.2730,-0.3254,-1.7771,-2.0525,0.0214,0.0647,-0.7866,0.0252,-0.8198
vienna_46.tif,train,vienna,0.2896,2.1434,-0.4124,-1.2435,2.4377,1.5810,0.7951,-0.0806,-0.6790,-3.2325,2.1044
tokyo_56.tif,train,tokyo,0.4592,0.3639,2.1466,2.0405,1.4110,0.3440,-0.7461,0.2824,1.5596,1.0002,1.5621
abancay_30.tif,train,abancay,0.2742,3.5034,-0.8680,-0.1924,1.5189,0.8070,0.4038,-1.1524,-0.1442,-0.7012,0.3839
duesseldorf_3.tif,train,duesseldorf,0.1126,-2.6417,-2.3283,4.8282,0.0076,2.0832,0.1392,-1.3886,-0.6485,0.1819,0.1580
vegas_26.tif,train,vegas,0.2854,2.3746,-0.9801,-1.0482,-1.8355,-0.4907,-0.2060,-2.0154,-0.4353,-1.4806,0.5119
pisco_15.tif,train,pisco,0.2998,-6.5657,7.1211,3.2112,-3.1202,-0.9365,-0.2979,-2.4161,-2.0281,-2.0730,-1.8110
khartoum_62.tif,train,khartoum,0.3470,3.6848,2.4246,1.0051,0.9360,-0.9010,-1.9685,0.1101,-0.8406,2.5480,-0.1965
lohur_33.tif,train,lohur,0.2764,-0.5953,-1.7132,1.3714,-1.0806,1.4386,0.4966,0.3517,0.0209,-0.9879,0.3614
ngaoundere_33.tif,train,ngaoundere,0.3135,2.5587,-0.5177,1.9250,-0.0752,1.0510,0.4608,-1.0412,0.7091,-0.6925,-0.5139
ica_3.tif,train,ica,0.2382,5.4960,-0.2647,0.3940,-0.4594,-0.7754,-0.5773,-1.9200,-1.5035,-0.8416,-0.2033
zanzibar_102.tif,train,zanzibar,0.4139,0.8080,0.5921,-0.5264,2.8576,-0.1775,-0.8051,-0.2788,0.0620,1.5227,1.1745
santiago_19.tif,train,santiago,0.3043,4.9207,2.1047,1.2842,0.3767,-0.6214,-1.5317,-1.6525,-0.7280,0.6152,0.3861
austin_8.tif,train,austin,0.3337,2.2420,-1.1583,-0.8815,0.6762,-1.2197,0.3738,-1.3900,-0.3368,-0.8327,-1.3330
vegas_17.tif,train,vegas,0.2278,5.9293,1.4072,0.4220,-0.5183,0.9152,-0.8606,-0.8685,-1.9263,-3.2132,1.6393
duesseldorf_19.tif,train,duesseldorf,0.1432,-4.4286,-2.2278,-2.2492,-4.1323,0.2186,-0.6012,1.1689,0.2129,-0.3092,1.7102
khartoum_60.tif,train,khartoum,0.2932,3.9456,1.5840,0.5686,0.3896,-1.5107,-2.0330,-1.4329,-0.6448,2.3839,1.3696
christchurch_4.tif,train,christchurch,0.2479,-1.8403,3.2446,-4.9247,-5.7349,3.8565,4.3095,-2.5150,-1.6246,1.2912,-0.8777
paris_19.tif,train,paris,0.4788,2.0214,2.4521,-0.1947,3.3998,-0.1653,-1.2928,-1.6442,-0.5759,-0.8328,1.7521
abancay_20.tif,train,abancay,0.2410,4.8737,-0.5653,0.2872,-0.7207,-1.0312,-0.6804,-1.3425,-1.2568,0.3338,-0.1385
wielkopolskie_24.tif,train,wielkopolskie,0.3569,-0.4820,0.3290,1.6332,4.0337,2.0173,0.1083,1.3250,0.7290,2.3579,-3.6122
daressalaam_100.tif,train,daressalaam,0.2649,-1.5523,-1.5048,-2.2629,2.9449,-0.5219,0.0839,1.6338,-1.1973,0.3275,0.8394
sechura_27.tif,train,sechura,0.2268,4.6980,0.4789,0.4298,-0.6541,-0.3872,-0.3724,1.6084,-0.9128,0.6824,-0.9538
shanghai_58.tif,train,shanghai,0.2530,3.2548,1.5799,0.3481,1.6042,0.4344,-1.4295,1.7281,-0.3317,2.7262,0.6535
dortmund_32.tif,train,dortmund,0.2454,2.8472,-1.4685,-0.7245,-0.1333,-0.2561,0.5114,0.8702,0.1202,0.1530,0.5335
ica_25.tif,train,ica,0.5708,-2.0146,5.3273,2.4871,-1.5543,1.0192,-0.0516,1.7550,4.1103,0.5266,1.0713
kyoto_57.tif,train,kyoto,0.3652,1.7161,0.3412,1.9306,-1.1196,-0.1549,0.1725,0.6082,1.3622,-0.4402,1.6473
shanghai_49.tif,train,shanghai,0.4381,2.1795,1.6935,0.1619,0.4797,-2.0707,-1.0826,-2.1109,0.3843,0.7687,-0.4445
christchurch_63.tif,train,christchurch,0.3490,-0.0836,-1.3943,-1.3103,-0.0300,-2.3390,0.8032,-1.6387,1.0843,-0.8954,-0.4242
coxsbazar_69.tif,train,coxsbazar,0.1800,-4.9938,-1.7652,-0.3992,-3.1981,-0.3000,-1.2672,2.3032,-1.1820,0.8563,1.0100
lambayeque_24.tif,train,lambayeque,0.6655,-5.1337,8.8577,-1.7648,0.4971,-4.3856,9.8397,-1.6021,-5.5354,3.3669,0.6955
western_18.tif,train,western,0.4695,0.4759,0.6451,-1.3393,-0.8042,-0.5969,2.2176,0.5492,2.3445,-1.5588,-2.0344
khartoum_1.tif,train,khartoum,0.4041,3.4134,1.5837,-0.1078,1.3948,-1.2372,-1.5506,-2.1666,-0.6278,0.1549,0.8253
bielefeld_63.tif,train,bielefeld,0.3090,-0.6013,-1.2157,2.2450,0.3667,0.8618,0.9550,-0.8858,0.6436,-1.3169,-0.5465
piura_35.tif,train,piura,0.2855,-4.9664,3.6409,1.1786,-1.0243,2.3404,-2.6939,-1.1536,-1.8575,-1.6792,-0.5198
santiago_64.tif,train,santiago,0.4523,0.8014,1.3594,-2.3940,-0.7819,1.9517,-0.0830,-2.8269,0.9298,-2.0048,-0.1097
zanzibar_2.tif,train,zanzibar,0.2321,-4.4727,-2.3774,-0.2444,1.5267,-1.0973,0.4887,0.2229,0.3431,0.3811,0.5531
dhaka_14.tif,train,dhaka,0.2913,0.5660,1.0876,-2.8625,-2.5358,3.5910,0.0645,0.3364,0.5528,0.6938,-0.7652
daressalaam_57.tif,train,daressalaam,0.2769,3.6565,-0.5944,-0.1314,-1.6746,-2.4802,-0.7036,-1.2000,-0.6613,1.0672,-0.7934
soriano_7.tif,train,soriano,0.2669,2.2656,-1.7299,-0.6301,0.8365,-0.2093,0.2669,-1.2543,-0.0317,-0.0366,0.9864
rio_19.tif,train,rio,0.3107,3.1910,1.2556,0.3687,-2.2017,-2.7463,-1.1071,0.3777,0.2718,1.3580,0.0578
tonga_38.tif,train,tonga,0.2338,-0.3238,-1.7424,-1.6927,4.9725,1.2352,0.7117,0.1556,0.2662,1.2889,-1.8239
sechura_46.tif,train,sechura,0.2800,0.0824,-1.6459,2.0527,-1.4655,-0.5387,0.5013,0.6973,-0.3790,-0.8887,-0.1413
kitsap_32.tif,train,kitsap,0.1727,-1.5419,-3.6444,-1.8276,-0.4378,-2.8065,0.4425,0.1248,-1.6700,-0.9610,0.6304
santiago_48.tif,train,santiago,0.4242,-1.0255,0.4373,-1.2479,-0.5365,-3.4806,0.0289,-0.7139,1.1929,-1.0282,-0.2005
duesseldorf_32.tif,train,duesseldorf,0.2383,4.3605,-0.3069,0.1962,0.8986,0.6086,-0.1460,-0.3961,-0.1697,0.4833,0.0367
rio_22.tif,train,rio,0.3685,-5.5030,0.7703,-3.7683,-0.8310,-1.3681,-1.1446,-0.5337,1.9811,-0.1419,1.3870
chisinau_62.tif,train,chisinau,0.2236,3.5542,-1.6906,-0.4179,-1.3392,-1.6055,0.0055,-0.1662,-1.0174,0.2374,-0.9167
abancay_23.tif,train,abancay,0.2072,3.5766,-1.6066,-0.5500,0.7969,-0.2745,-0.1869,-1.2831,-0.6240,1.1159,-0.6841
kitsap_34.tif,train,kitsap,0.0831,-4.6813,-0.7766,-2.7172,-0.6772,-4.0937,-1.1494,4.9187,-4.2357,-3.2007,2.6936
chisinau_57.tif,train,chisinau,0.2391,2.8879,-1.5759,-0.3457,-1.5542,-2.0122,-0.0707,0.0348,-0.7019,0.9066,-1.3788
shanghai_3.tif,train,shanghai,0.4332,1.0308,2.1398,0.1343,0.5127,-1.4669,-1.8757,1.7451,-0.5223,1.7858,1.9822
sechura_39.tif,train,sechura,0.1910,5.6311,1.3070,1.0995,-1.7791,0.0565,-0.2722,0.6868,-0.3875,-0.5151,0.5580
chisinau_1.tif,train,chisinau,0.2389,4.0310,-0.4524,0.7248,-2.2870,-2.0615,-0.6832,-0.7384,-0.9043,0.5160,0.0658
ulaanbaatar_29.tif,train,ulaanbaatar,0.2518,-5.0501,5.5416,-3.6646,6.6752,-0.5021,1.9118,-0.0678,-1.5346,0.0303,-3.8152
chincha_3.tif,train,chincha,0.3135,3.1861,1.7787,1.2752,-1.3894,-0.2441,-0.0129,1.8847,0.9224,-1.4640,2.4136
rio_64.tif,train,rio,0.4577,0.1628,0.8660,-1.2854,0.9138,-1.9569,-0.0149,-1.1940,0.4771,-2.0280,0.9655
muenster_30.tif,train,muenster,0.3771,-1.0087,-1.7566,1.0233,-0.3286,-0.6092,0.7560,-0.8906,0.3687,-0.9650,0.1054
ulaanbaatar_26.tif,train,ulaanbaatar,0.3238,3.1226,2.9403,-1.1977,0.2496,3.1661,-0.6086,0.8624,0.2382,-0.7120,-3.3300
mazowieckie_17.tif,train,mazowieckie,0.4007,-5.8812,0.8037,-0.0103,1.8110,-2.9094,-1.4279,1.9550,-1.1261,-0.4344,1.7812
santiago_43.tif,train,santiago,0.4305,0.0306,2.0582,-2.4505,2.7489,0.0249,-0.1027,-4.6773,-2.0898,-6.0091,1.0258
ica_36.tif,train,ica,0.2953,4.8547,1.0115,0.7329,0.3111,-1.1536,-1.5193,-2.7134,-1.0589,1.0612,-0.4196
bielefeld_48.tif,train,bielefeld,0.2680,3.0963,-0.5167,-0.4179,1.5118,0.7167,0.0998,0.4027,0.1621,0.6755,0.6032
paris_41.tif,train,paris,0.6283,0.6344,2.5896,0.7040,3.9189,-0.1959,-1.4345,-2.4159,-0.3040,0.8113,-1.3696
vegas_13.tif,train,vegas,0.5526,2.9668,1.4845,0.4086,0.5690,-1.3749,-0.7629,-3.6199,-0.4425,-1.1159,0.5791
pisco_24.tif,train,pisco,0.5286,-4.6503,4.1655,1.3861,1.0744,-0.2563,-1.4440,0.6445,0.1053,-1.4180,1.3602
coxsbazar_32.tif,train,coxsbazar,0.2552,-1.3799,-1.8441,0.0862,-1.6150,-1.7418,0.8549,3.9119,0.8135,0.4363,0.0868
ica_47.tif,train,ica,0.7594,0.3865,6.7552,0.1356,-0.6839,-1.2921,2.1880,2.2375,3.6275,-3.2407,-0.1493
tonga_53.tif,train,tonga,0.2282,-0.2843,-0.8937,-3.1069,2.3391,4.7714,0.6352,-0.0982,0.3147,-0.5652,-0.6078
sechura_29.tif,train,sechura,0.3986,3.0263,1.8358,0.9930,-0.3707,-0.0258,1.4780,1.5755,0.0221,0.9678,2.0663
kagera_22.tif,train,kagera,0.5233,-2.8355,0.6851,0.3323,0.4299,-2.1761,0.0130,0.1546,3.0805,1.1009,2.2023
dortmund_41.tif,train,dortmund,0.2568,-0.3983,-2.7651,-1.2400,-0.3707,-1.4766,1.3306,-0.0897,1.5355,-0.4939,0.8434
accra_33.tif,train,accra,0.3540,-1.3919,-1.2418,-1.7337,2.3022,-2.0229,-0.1835,-2.7362,-1.5000,-2.4035,1.1707
chicago_4.tif,train,chicago,0.4415,3.3099,1.5818,-0.6767,1.6081,1.1784,1.5243,0.5395,1.2909,-0.8445,-0.9304
koeln_40.tif,train,koeln,0.3646,2.6832,0.9994,-0.3650,-1.2868,-2.6973,-0.8727,0.1506,0.3388,0.9996,-0.2204
chincha_11.tif,train,chincha,0.3122,2.5505,0.9819,2.8427,-0.3301,1.0412,-0.2018,0.6294,0.0326,-1.1104,1.0836
malopolskie_6.tif,train,malopolskie,0.1985,-2.8353,-2.7823,-1.8776,-0.5875,-2.4956,0.8809,2.6509,1.7187,1.5224,1.4844
melbourne_48.tif,val,melbourne,0.3152,2.6085,-1.3434,-0.7729,1.1869,-0.1622,0.7470,-1.2919,0.2300,-1.1483,-0.6861
tokyo_53.tif,val,tokyo,0.4677,0.7447,1.5666,-0.2028,0.5096,-0.9286,-0.1314,0.0912,2.4090,0.2187,2.3767
slaskie_35.tif,val,slaskie,0.2174,-1.2493,-2.1331,-4.1707,-1.7433,2.9362,0.3529,-0.7485,0.0018,-1.3254,-0.6015
accra_12.tif,val,accra,0.4336,2.5464,1.0171,-0.3575,0.8708,-0.9713,-0.7927,-2.0474,0.0585,-0.7397,1.3354
malopolskie_2.tif,val,malopolskie,0.0470,-3.8084,-2.0744,-0.2295,7.0164,2.6530,0.3591,-0.5732,0.3329,1.7762,-0.6291
chincha_14.tif,val,chincha,0.1842,4.4342,0.4665,0.4729,-0.1162,0.9841,0.2334,2.4718,-1.8006,-2.1175,0.5951
pisco_6.tif,val,pisco,0.0966,-1.3791,-0.5962,6.0990,-1.2451,2.1416,-0.3921,-1.0710,-1.0666,-0.5515,0.1078
ulaanbaatar_9.tif,val,ulaanbaatar,0.2928,4.5056,2.1639,0.7445,1.0548,0.8148,-0.2366,1.3114,-0.3926,-0.9679,-0.8383
zanzibar_124.tif,val,zanzibar,0.4329,-1.4106,2.6130,-1.3650,4.7155,0.2762,-0.8915,3.0620,0.2310,0.7190,1.7887
tonga_17.tif,val,tonga,0.2345,0.7670,-1.7397,-1.2480,4.6428,1.8822,0.6099,0.3747,-0.6107,0.6622,-0.7556
mazowieckie_19.tif,val,mazowieckie,0.1637,-2.6752,-2.1207,4.3531,1.8149,2.3462,-0.4044,-2.2499,-1.4993,0.4570,0.7577
koeln_36.tif,val,koeln,0.3363,3.2340,0.2810,-0.3856,-1.6691,-2.6527,-0.5954,-0.1664,-0.0333,0.4522,-0.4603
piura_5.tif,val,piura,0.1307,4.4514,-0.1706,0.4470,-2.0191,-0.5079,-0.0067,4.0897,-1.6089,0.3224,-0.6113
malopolskie_38.tif,val,malopolskie,0.2522,-3.9380,-1.4054,1.6271,-0.7993,-1.6945,0.1092,-0.3874,-0.1498,-0.2645,-0.9423
kujawsko-pomorskie_15.tif,val,kujawsko-pomorskie,0.2484,0.7433,-2.4403,-1.7255,1.8307,1.1732,1.6286,0.0683,0.6171,-1.1831,1.1420
rio_38.tif,val,rio,0.3309,2.6962,1.0402,-0.5246,0.3129,-1.6745,-1.3020,-0.3378,0.4521,2.2007,0.3736
chincha_6.tif,val,chincha,0.3926,2.4945,2.0433,2.1044,-1.3067,-0.3559,-0.1444,2.0276,0.1311,-1.7916,1.4291
daressalaam_93.tif,val,daressalaam,0.2438,2.4939,-2.2815,-0.4998,0.0193,0.5115,1.2311,0.7192,0.7395,-0.9257,1.5190
ngaoundere_22.tif,val,ngaoundere,0.4795,0.7033,0.8762,0.7523,0.2004,0.6650,1.8341,1.2435,2.6054,-1.3787,-1.5811
chicago_49.tif,val,chicago,0.2765,2.1687,-0.1973,-2.0498,0.2657,1.9503,-0.7734,-1.1762,0.2575,0.4142,0.1031
santiago_15.tif,val,santiago,0.3863,0.5647,0.0775,-0.6390,-0.4096,-2.2686,0.0339,-0.7832,1.1905,-0.2363,0.7606
duesseldorf_39.tif,val,duesseldorf,0.1620,1.7808,-1.3879,-3.0009,-1.8815,4.4311,-1.2274,0.8527,-1.0031,1.9024,-0.7302
aachen_18.tif,val,aachen,0.2645,-1.0966,-2.7069,1.6496,-0.1562,-0.1512,0.4356,-0.3756,-0.6053,-0.0851,0.0711
accra_42.tif,val,accra,0.3473,1.6605,-1.0826,-0.7597,0.4963,-1.0331,0.6546,-1.3005,0.5273,-0.6626,-0.9838
zachodniopomorskie_3.tif,val,zachodniopomorskie,0.1074,-3.7556,-0.7641,-4.6303,-4.6527,-0.2389,-2.4535,-1.1486,-3.3061,-2.5140,0.6363
slaskie_21.tif,val,slaskie,0.1326,-1.6616,-3.3111,-2.4561,4.6252,1.0385,0.7658,1.3370,-0.3877,1.8915,0.3163
viru_45.tif,val,viru,0.1484,2.6565,-0.1289,2.4766,-2.8268,3.2087,-0.0918,2.6907,-0.4567,-0.2285,-0.4432
ngaoundere_14.tif,val,ngaoundere,0.3467,-0.2714,1.2516,2.1391,-0.9997,0.4629,0.0813,2.4421,-0.0127,-1.5285,0.7872
bielefeld_22.tif,val,bielefeld,0.3005,-1.0074,-1.4212,1.3453,2.1610,1.4977,0.8332,-0.8439,0.2756,-0.8767,-0.3886
accra_62.tif,val,accra,0.3112,3.9253,0.2893,-0.1088,0.4170,-0.8747,-0.9040,-0.9224,-1.2211,0.4569,-0.2122
svaneti_22.tif,val,svaneti,0.3660,-2.2370,-0.2754,-3.0765,-0.2100,-0.1708,1.9809,-0.8770,1.6990,-1.6440,-1.3460
daressalaam_63.tif,val,daressalaam,0.3233,1.8647,-1.0500,1.9422,-2.0436,-1.5965,-0.2243,-1.5226,-0.3314,-0.2991,-0.0050
lima_32.tif,val,lima,0.3577,1.3612,3.3922,-2.5774,-1.4701,4.1952,-1.0840,0.3162,0.4504,-0.7324,-0.6216
lohur_21.tif,val,lohur,0.2373,-0.0013,-1.5668,2.6273,-1.1932,0.2408,0.2804,0.6253,-0.6950,-0.4427,0.0293
daressalaam_97.tif,val,daressalaam,0.2537,0.3282,-2.5923,-1.7023,-0.4868,-0.8634,0.9534,0.2578,0.2744,-0.4962,-0.0396
tyrolw_2.tif,val,tyrolw,0.3285,0.7129,-0.3196,2.1282,-0.4055,0.7333,0.7568,1.1705,1.6572,-0.0399,0.1478
ngaoundere_12.tif,val,ngaoundere,0.3132,0.6692,-0.5131,2.4516,-2.0464,0.6889,-0.0668,-0.8525,0.7529,-0.2158,-0.6564
pisco_42.tif,val,pisco,0.1749,3.7354,1.0197,0.0686,0.5097,0.7327,-0.4453,4.2375,-2.0869,-0.0390,0.0924
coxsbazar_12.tif,val,coxsbazar,0.5574,-6.2446,1.6472,0.2371,0.9244,-0.7849,-2.0247,-0.2492,0.1093,0.2800,3.4313
duesseldorf_68.tif,val,duesseldorf,0.3036,1.8564,-0.7298,-2.3859,-1.3959,2.3436,-1.0889,0.0418,-1.3083,-0.2971,1.4379
pointenoire_5.tif,val,pointenoire,0.2679,2.6904,-0.7496,0.1429,-2.3841,1.4290,-0.1325,0.0340,0.6592,0.5317,-0.5376
coxsbazar_33.tif,val,coxsbazar,0.3326,-3.0900,-0.7491,-2.2417,4.9628,1.5096,-0.3809,-0.0994,1.6659,3.2004,0.9264
monrovia_56.tif,val,monrovia,0.3401,1.8505,-1.4692,0.1667,-0.6272,-0.1324,1.7054,0.6930,2.3475,-0.6423,-0.8636
dhaka_57.tif,val,dhaka,0.2928,0.2890,0.4240,-3.0342,-1.6121,2.7091,-1.4581,0.0999,0.1750,0.9949,0.8772
dhaka_33.tif,val,dhaka,0.2222,0.9208,-1.0802,-2.4922,-1.2142,2.0898,-1.5252,-1.5956,-0.0329,2.3258,0.9044
chincha_31.tif,val,chincha,0.1822,0.9741,-0.0080,2.3444,-0.0618,0.9353,-0.2304,4.5511,-1.1666,1.8731,-2.3876
maputo_1.tif,val,maputo,0.2587,3.3939,-1.2955,-0.7492,1.0351,0.8981,0.1962,0.2966,-0.7668,-0.5817,1.4474
rio_4.tif,val,rio,0.4193,1.3046,1.4662,-0.3768,-0.3188,-0.9190,0.2539,-0.8135,1.1804,-2.0002,1.8105
bielefeld_61.tif,val,bielefeld,0.2684,-1.9416,-2.8997,0.4910,0.3699,-0.1983,1.2463,-0.5738,0.4555,-1.2812,0.7535
chiangmai_2.tif,val,chiangmai,0.2552,-1.7389,-1.3314,-1.7371,-4.6351,2.4467,-0.5227,-0.3604,-0.6078,-2.2346,0.4354
daressalaam_98.tif,val,daressalaam,0.2368,0.7914,-2.3129,-1.6108,-0.7841,-0.3912,0.6481,0.5669,-0.0233,-0.4651,0.4015
chiclayo_17.tif,val,chiclayo,0.3461,0.1408,6.1900,0.7402,-4.2526,-0.1295,11.3072,2.6394,-2.3473,4.3187,-0.2100
tokyo_23.tif,val,tokyo,0.2909,1.5290,0.7103,-2.2315,-4.0145,0.6366,-1.7076,-0.1845,0.3357,0.8484,0.9499
bielefeld_52.tif,val,bielefeld,0.2554,2.1195,-1.1637,-0.7400,2.5302,0.9749,0.3182,-0.1764,0.2595,0.9261,-0.1670
paris_29.tif,val,paris,0.5316,1.3865,2.7062,-0.2013,2.1588,-1.3505,-1.6241,-2.4297,-0.3672,-0.4597,1.3461
dortmund_15.tif,val,dortmund,0.1675,-1.9014,-3.6905,2.0310,-1.6024,-0.3162,1.2316,-0.6540,-0.0217,-1.2149,0.3510
maputo_13.tif,val,maputo,0.2662,4.1168,-0.8568,0.2725,-0.8085,-0.5919,0.0504,-0.5532,-0.5304,0.1386,-1.0547
shanghai_5.tif,val,shanghai,0.5640,0.6402,4.8664,1.1815,1.5748,-3.5628,-3.8566,-0.7832,-0.9746,3.4334,-2.3040
paris_43.tif,val,paris,0.4583,0.8150,0.1932,-0.6114,0.9677,-1.5522,0.1369,-2.1189,0.6339,-0.6169,-0.5919
aachen_29.tif,val,aachen,0.2622,-3.0289,-1.1504,1.3956,-2.4447,-2.9544,-0.2774,3.4239,-1.9448,-0.2578,-1.9608
zanzibar_36.tif,val,zanzibar,0.4508,-5.5770,1.9080,0.2337,0.5673,-3.6126,-1.0532,1.3703,1.0026,0.3500,0.2711
niamey_11.tif,val,niamey,0.2402,3.5003,-0.8935,-0.0507,-1.4579,-0.7482,0.3086,1.5013,-0.5479,-0.3572,0.0831
shanghai_19.tif,val,shanghai,0.2889,1.2895,1.2965,0.5858,1.6244,5.3715,-1.5362,-1.2619,0.3124,1.6365,-0.1341
monrovia_8.tif,val,monrovia,0.2807,-2.2300,-0.7948,-3.1430,-1.1476,-0.7251,-0.7340,2.1007,-0.1769,1.3712,-1.4096
dortmund_25.tif,val,dortmund,0.2230,-2.9046,-2.0437,2.9444,0.3499,0.8148,0.4267,-0.7835,-0.1752,-0.4526,0.2213
piura_41.tif,val,piura,0.1125,3.7118,0.6565,0.3670,-1.9453,-0.9356,-0.7805,5.9149,-1.1954,2.4723,0.7763
malopolskie_14.tif,val,malopolskie,0.2873,-7.0375,6.0946,3.8614,0.7622,0.1466,-4.4394,-0.9318,-2.7829,-1.7371,2.0135
slaskie_31.tif,val,slaskie,0.2080,-3.2874,-3.2841,-3.8127,1.2134,1.7715,-0.3969,-1.1679,-0.8297,0.5757,0.9257
viru_22.tif,val,viru,0.3789,-0.2894,1.5641,2.8872,-0.7099,-0.1966,-0.4380,2.1367,0.8525,0.7730,-0.0354
chincha_4.tif,val,chincha,0.2390,3.7742,0.9155,0.7767,-0.2509,1.0051,0.2412,1.6887,0.9366,-0.5919,1.7178
dhaka_66.tif,val,dhaka,0.1939,0.0181,1.1471,-4.0183,-2.6112,5.0676,-2.8463,-0.6401,-0.3117,2.3975,0.4897
kagera_34.tif,val,kagera,0.3830,-1.8148,-2.0055,-0.0204,1.4723,-0.6690,0.9272,-0.8958,0.8972,-0.3377,-0.2519
daressalaam_46.tif,val,daressalaam,0.3303,2.2903,-1.3489,-0.5921,0.8234,-0.8106,-0.6028,-2.3972,-0.0737,1.6539,0.8269
tokyo_3.tif,val,tokyo,0.4031,0.6239,1.8812,2.7350,0.6474,0.8753,-0.4209,0.1540,1.5750,0.2180,2.2425
tyrolw_1.tif,val,tyrolw,0.3487,-4.1367,2.0494,-2.8755,-1.7653,-6.2449,-1.5963,-0.3696,-1.9031,-1.9139,-0.9498
tokyo_34.tif,val,tokyo,0.3665,0.1498,-0.1179,1.4210,-0.6236,-0.1760,0.3072,0.4817,1.2461,-0.8296,2.5967
ica_22.tif,val,ica,0.7041,-0.9768,2.8914,1.8948,-0.6522,-1.6129,-0.3874,2.0618,2.7358,1.2165,-0.1212
zanzibar_116.tif,val,zanzibar,0.5845,-0.7638,3.1498,-1.1343,1.3769,-1.2243,1.0720,-0.3999,3.5533,-1.6145,-0.6247
ulaanbaatar_19.tif,val,ulaanbaatar,0.3678,4.4865,2.1446,0.5879,0.1495,-0.3963,0.0234,0.3039,0.6951,-0.8130,-2.3693
lohur_22.tif,val,lohur,0.2975,-0.7262,-1.3707,1.0926,-0.9805,-0.4696,0.8697,0.9682,1.3936,-0.4904,1.2852
coxsbazar_43.tif,val,coxsbazar,0.1834,-4.4080,-1.6614,0.2923,-3.1989,0.5994,-1.0865,2.0879,-0.9260,1.0077,-0.4381
mahe_62.tif,val,mahe,0.2801,0.1258,-2.3832,-1.5041,-0.6858,-1.9060,0.9674,-0.5302,0.9410,-0.0036,-0.9684
baybay_18.tif,val,baybay,0.3999,-5.6860,2.4327,-1.7643,-4.4423,-0.2680,1.2785,-0.2884,0.4504,0.1887,-3.6456
bielefeld_40.tif,val,bielefeld,0.2249,3.4747,-1.2959,-0.6005,1.0612,0.4193,-0.1090,1.0151,-0.6955,1.4839,0.3388
mazowieckie_25.tif,val,mazowieckie,0.1576,-2.9086,-4.1508,-0.5360,2.1492,0.6138,1.1286,1.5288,-0.8357,0.1785,0.0259
muenster_31.tif,val,muenster,0.0789,-3.1177,-3.5371,3.7205,-1.1605,1.4201,0.6752,0.9244,-0.9211,0.1566,0.1407
zanzibar_123.tif,val,zanzibar,0.0859,-2.7143,1.2916,-2.0459,7.2078,1.3287,-1.3510,4.3212,-2.7204,0.7723,-0.9517
aachen_32.tif,val,aachen,0.2836,3.7927,0.4162,0.2218,-0.3372,-1.5090,-1.0145,-1.4967,-0.4764,0.9399,-0.3204
baybay_14.tif,val,baybay,0.2089,-2.6642,-1.7630,1.9794,-2.7201,0.3947,0.0682,0.6554,-1.3025,-1.6238,-0.4822
rosario_1.tif,val,rosario,0.4024,1.3483,0.7920,-2.3058,-1.8836,1.3880,-1.1537,-2.0298,0.3490,-0.2764,-1.5419
tonga_42.tif,val,tonga,0.3713,1.3106,-0.4938,-0.6585,2.6950,0.1720,0.1086,-0.8977,0.0906,0.4581,-0.0299
kyoto_48.tif,val,kyoto,0.3116,3.4096,1.1470,2.0881,-0.8842,-0.1935,-0.4613,0.5415,0.3629,-0.2556,0.5368
dortmund_16.tif,val,dortmund,0.2560,-0.7141,-2.3121,-1.0589,-1.3919,-2.0412,1.2729,1.2613,1.1149,-1.1505,0.8687
ngaoundere_43.tif,val,ngaoundere,0.6201,-3.4980,4.8833,-0.1090,2.1119,0.7201,5.6349,-1.9583,1.0126,-1.6599,-2.4000
viru_3.tif,val,viru,0.3016,0.2030,1.1632,3.2298,-1.4713,1.2239,0.9516,2.2578,0.1819,-1.9287,-0.9827
chicago_50.tif,val,chicago,0.1685,2.9949,-0.1053,-0.6679,2.0244,1.5546,-0.0844,3.1195,-3.4625,-2.0675,0.5860
khartoum_48.tif,val,khartoum,0.3450,2.7278,1.5979,0.9195,-1.0411,-2.1953,-1.6353,-0.0774,0.0875,2.5488,-0.3495
vienna_26.tif,val,vienna,0.2349,3.1542,-1.2367,-0.0514,-1.0878,-1.6464,-0.3228,-2.2320,0.2389,0.9141,-0.2387
daressalaam_28.tif,val,daressalaam,0.3679,-0.8200,1.1907,-1.9216,-1.1951,-0.1079,2.2851,-0.0903,3.4723,0.4690,0.1092
dortmund_56.tif,val,dortmund,0.2437,0.2192,-3.0665,-1.3921,0.3329,-1.1356,0.7994,-0.6184,-0.4119,-0.5668,0.6115
podlaskie_8.tif,val,podlaskie,0.3807,-1.5759,-0.9936,4.3099,-1.4986,0.7281,0.5466,-0.4480,0.7842,-0.6124,0.9552
paris_48.tif,val,paris,0.5583,2.6386,1.3382,0.9904,2.2902,-0.3695,-0.9526,-3.4989,-0.5707,-0.2668,-0.1595
zanzibar_52.tif,val,zanzibar,0.2356,-2.9106,-2.4527,-1.7302,-0.0418,-2.5523,0.9125,1.4858,1.8572,1.2523,0.7988
daressalaam_89.tif,val,daressalaam,0.2155,1.5579,-2.3510,0.5209,0.0749,2.5891,1.0781,1.2066,0.7532,0.3245,0.0896
wielkopolskie_20.tif,val,wielkopolskie,0.2485,-0.2634,-1.0006,1.8787,2.0938,2.0490,0.1904,1.7250,-0.3856,1.0588,-0.7671
mahe_13.tif,val,mahe,0.3297,1.7693,-0.4947,-1.2272,-2.1685,-0.1067,-0.3127,-0.1437,0.8570,0.6687,0.0874
mazowieckie_30.tif,val,mazowieckie,0.1987,-3.3860,-3.1776,-2.0325,0.8565,2.3133,0.9513,-0.4455,1.1644,-0.1359,-0.1723
melbourne_50.tif,val,melbourne,0.2765,-1.0401,-0.0734,-0.3615,0.2700,5.7230,-1.2649,0.4615,-0.3609,0.4499,1.6053
paris_1.tif,val,paris,0.4218,-1.1598,0.9465,-2.4107,0.7010,1.3015,-1.3201,0.4671,0.3275,1.2311,0.3828
zanzibar_140.tif,val,zanzibar,0.6339,-2.2103,4.4746,-2.4963,0.8624,0.2112,0.4414,1.1222,3.3883,-1.6033,-0.3374
baybay_44.tif,val,baybay,0.0086,-3.7682,-1.7401,5.6435,-2.9809,-0.2229,-0.7642,1.4260,-2.1123,0.9660,-1.8891
muenster_26.tif,val,muenster,0.3200,1.4224,-1.5885,-0.7823,1.6235,-0.1250,0.2475,-1.4219,-0.2998,-0.3116,0.9867
accra_23.tif,val,accra,0.3645,2.8580,0.0621,-0.2705,0.0833,-1.2551,-0.0663,0.0292,-0.5892,-0.1853,-1.8621
monrovia_23.tif,val,monrovia,0.2755,-0.4817,-1.8822,-0.8600,0.1967,0.1812,1.3812,1.4949,2.3100,0.1936,0.6352
zanzibar_21.tif,val,zanzibar,0.2693,-4.8483,-2.0308,-0.0518,0.9676,-1.8658,0.3554,0.6879,1.0464,1.1862,-0.2893
daressalaam_52.tif,val,daressalaam,0.2964,2.5493,-0.3248,-0.0646,-0.2473,-1.4942,-0.9725,-1.8467,0.4301,2.3202,0.7513
mazowieckie_7.tif,val,mazowieckie,0.2036,-3.3535,-1.8382,3.2598,0.5874,0.8727,-0.2548,-0.1416,-0.6287,0.9766,0.4969
tokyo_54.tif,val,tokyo,0.4288,-2.0168,1.8569,-0.8137,0.4042,2.8658,1.7614,-0.6226,2.2949,-1.5252,1.2807
chicago_17.tif,val,chicago,0.1722,4.1255,0.3556,-0.0783,0.7239,0.8422,0.1129,3.2134,-1.0202,0.2956,-1.9845
kinshasa_3.tif,val,kinshasa,0.2478,3.3226,-0.4992,-0.2366,-0.3277,-0.0124,0.5979,1.8584,0.5790,0.6869,-1.3217
daressalaam_127.tif,val,daressalaam,0.2113,3.1348,-1.4856,-0.3560,-1.3465,-0.5550,0.7628,1.8152,-0.2438,-0.2396,-0.2002
svaneti_7.tif,val,svaneti,0.3573,-0.4613,-2.2861,-1.1960,0.3194,-1.0410,1.8525,0.4197,2.1930,-0.9907,-0.3351
paris_65.tif,val,paris,0.5282,1.9442,1.9905,-0.2515,1.9910,-1.7400,-0.8059,-3.0534,0.0679,-0.4784,-2.1539
austin_49.tif,val,austin,0.2770,0.5578,-2.1756,-1.2180,-0.5707,-2.1897,0.8129,-1.4487,-0.3878,-2.3490,0.0988
monrovia_24.tif,val,monrovia,0.1388,-4.5586,-2.1084,-4.5156,-2.9059,0.2701,-0.7805,2.2966,1.9718,2.8126,1.3689
austin_50.tif,val,austin,0.2361,4.0263,-1.5760,-0.3185,0.0138,0.1572,0.5199,-0.3833,-1.0503,-1.7593,0.7950
christchurch_2.tif,val,christchurch,0.3686,0.2331,-0.9884,-2.1646,2.2383,2.5378,0.0989,-0.6757,0.5255,0.0973,0.8460
svaneti_43.tif,val,svaneti,0.1571,-4.1471,-2.1281,-0.7229,5.6625,1.2985,0.5428,-0.8446,0.8152,1.0238,0.3790
baybay_41.tif,val,baybay,0.1685,-2.3864,-2.2821,-2.1552,-3.9995,4.8987,-0.9021,0.2392,-0.4224,0.5329,-0.5670
lohur_3.tif,val,lohur,0.0337,-4.3994,-2.0383,5.2400,-0.5709,0.7350,-1.2063,-1.1327,-3.0134,0.2604,-0.0266
austin_12.tif,val,austin,0.2654,5.3348,1.0503,1.0056,-1.0357,-1.4566,-1.3944,-2.1466,-1.0882,-0.3639,1.0568
warminsko-mazurskie_9.tif,val,warminsko-mazurskie,0.1332,-5.1852,8.1305,-4.7262,-4.4675,4.8903,-6.8508,-0.6124,-0.2273,1.9150,2.1989
mahe_41.tif,val,mahe,0.2513,-2.2810,-0.0688,-3.8477,-0.3050,1.3706,4.0706,-0.2501,-1.1646,-1.9656,-0.3205
svaneti_46.tif,val,svaneti,0.1138,-5.7583,-1.4066,-3.8858,1.4918,-4.7011,-0.7514,1.1591,-2.6464,-0.5324,0.2636
tyrolw_18.tif,val,tyrolw,0.3310,-3.9080,-0.2096,-3.0708,0.8104,-3.9307,-0.4526,1.0491,-0.9240,-0.9938,-1.1339
wielkopolskie_32.tif,val,wielkopolskie,0.2337,0.5857,-2.2885,1.1319,1.5092,1.9927,0.9756,1.9789,-0.1158,0.2262,0.1063
lambayeque_45.tif,val,lambayeque,0.1963,5.2065,-0.7368,0.5316,-1.1227,-0.8987,-0.4705,-1.1266,-0.9192,0.7317,-0.8147
melbourne_53.tif,val,melbourne,0.2899,3.9681,-0.3993,-0.2325,1.0476,0.5803,0.3245,-1.0157,-0.3164,-1.8977,1.7096
zanzibar_97.tif,val,zanzibar,0.3595,-4.5963,5.1317,-5.1511,-4.1103,2.7789,-3.3952,0.1676,1.2249,0.4941,-0.5544
austin_17.tif,val,austin,0.2666,3.8418,-0.7451,0.0763,-0.7242,-0.6613,0.3479,-0.9121,0.0082,-0.8337,0.1104
dortmund_55.tif,val,dortmund,0.2723,0.8257,-1.8936,-1.4729,1.0159,-0.9442,0.1088,0.7341,-0.7691,0.6774,0.3274
western_23.tif,val,western,0.6249,-1.3872,3.0445,-1.5040,1.2278,-0.5957,3.4785,0.0547,3.4903,-1.5022,-2.7207
vegas_39.tif,val,vegas,0.5756,4.5486,3.0236,0.6391,-1.3953,-1.0737,1.9208,-3.1135,2.0869,-3.0790,-0.8108
malopolskie_10.tif,val,malopolskie,0.3614,-1.0183,0.1882,2.0619,2.0631,1.4724,0.7746,-0.6782,1.7275,-0.4201,-0.9063
rio_20.tif,val,rio,0.4272,-2.0663,1.5245,-2.7547,3.2980,1.6041,0.6970,-1.6124,1.6129,-2.3705,0.2693
melbourne_37.tif,val,melbourne,0.2664,4.0670,-0.0682,0.3290,0.1479,-0.7767,-0.7962,-1.5468,-0.6774,0.7237,0.3425
austin_19.tif,val,austin,0.1004,-1.1876,-2.2978,-5.4779,-3.5405,4.8004,-2.0138,-2.5106,-2.0674,-0.0458,0.1457
coxsbazar_56.tif,val,coxsbazar,0.3554,-1.3415,-0.4742,1.2991,-1.9675,0.0427,-0.1300,0.4476,1.8433,1.4084,-0.3898
dolnoslaskie_7.tif,val,dolnoslaskie,0.1445,-4.7318,-3.2609,-2.7376,0.4310,-4.6785,-0.5504,0.2829,-0.7921,2.4894,-0.2135
christchurch_30.tif,val,christchurch,0.2392,2.2786,-2.6374,-0.8823,2.2231,0.9751,0.7854,-1.4520,-0.4657,-0.3957,0.4254
chincha_30.tif,val,chincha,0.2832,4.7320,1.1409,0.8695,-0.7361,-0.2355,-0.1409,0.6753,-0.5009,-1.8509,1.1401
lima_24.tif,val,lima,0.4285,2.9742,6.9855,1.1470,2.4220,1.0628,-0.5325,2.4402,-1.0492,-2.1485,-0.3593
pointenoire_8.tif,val,pointenoire,0.2526,4.0613,-0.8503,0.0950,-0.8209,-0.4386,0.3148,0.1199,-0.1018,0.1481,-0.9089
paris_24.tif,val,paris,0.3889,-0.8723,-1.0783,-1.2888,1.6667,-1.7179,0.1381,-2.1286,0.1077,-0.9204,0.4288
zanzibar_16.tif,val,zanzibar,0.1518,-3.6875,-2.1653,-3.0606,0.4414,-4.2300,-0.0832,1.6797,-0.9616,-0.0093,-0.2506
santiago_50.tif,val,santiago,0.2995,-2.0823,-1.4011,-2.1509,-0.8665,-2.3171,0.0273,-0.9821,-0.3176,-1.6714,0.3461
pomorskie_9.tif,val,pomorskie,0.2919,-6.0203,-0.0841,-2.1275,-3.0115,-1.4722,-1.2117,0.2721,2.0137,0.5900,1.9134
piura_21.tif,val,piura,0.2271,4.8865,-0.4918,0.4582,-1.5275,-1.3510,-0.6042,-0.4996,-1.4464,0.1204,-0.5041
viru_46.tif,val,viru,0.3624,1.2074,0.4083,1.3928,-0.3333,2.7215,1.9550,0.3075,1.2273,-1.8016,-0.8301
dhaka_7.tif,val,dhaka,0.3514,-0.5108,2.0744,-3.7453,-2.4888,3.6290,1.9763,-2.0288,0.6133,0.7529,-3.4985
kyoto_38.tif,val,kyoto,0.2269,-2.1379,1.4238,4.9099,-0.4474,0.7546,-0.6938,-1.2037,0.6299,-0.5226,0.9028
santiago_57.tif,val,santiago,0.4375,2.4026,1.8671,-0.5101,3.0304,-0.3026,-0.8828,-1.3402,-0.4280,-0.6201,0.3421
santiago_51.tif,val,santiago,0.3646,2.8447,0.1340,-0.2620,1.1086,-0.7985,-0.5588,-1.1984,-0.5148,0.1609,0.0511
ulaanbaatar_34.tif,val,ulaanbaatar,0.4516,1.0772,2.8269,-1.9448,-0.2171,2.3287,-0.3895,0.7629,0.9029,-1.0490,-2.5859
dhaka_1.tif,val,dhaka,0.3352,0.3834,-0.5204,-1.9917,0.0737,0.6044,-0.5557,-1.3333,0.8672,1.6767,-1.1618
khartoum_33.tif,val,khartoum,0.3624,4.0931,1.4837,0.5931,-0.8400,-0.8487,-0.4660,-1.6863,-0.5672,-1.1640,-0.0930
aachen_14.tif,val,aachen,0.2841,-1.4725,-1.9921,2.0084,0.1752,0.5233,1.0360,-0.7012,0.5708,-0.9447,-0.4721
kagera_69.tif,val,kagera,0.2438,2.0551,-2.6068,-0.9946,0.4854,-0.2934,0.7380,-0.6734,-0.1004,-0.0641,0.2903
chisinau_18.tif,val,chisinau,0.2286,2.7200,-1.3879,-0.1774,-1.8928,-1.5109,0.5653,0.9255,0.6429,0.1265,0.2100
vienna_51.tif,val,vienna,0.2019,2.5649,-2.7802,-0.9567,-0.5175,-1.1974,0.0341,-0.2501,-1.2845,0.7271,0.1997
tonga_34.tif,val,tonga,0.3699,-0.3246,-0.2446,-2.1603,1.8244,1.9602,0.7737,-1.5256,2.0114,-0.2556,-0.7764
khartoum_68.tif,val,khartoum,0.4173,3.6637,3.3331,0.6344,0.8045,-1.4489,-1.7102,0.0371,-0.1840,1.5325,-2.0771
swietokrzyskie_15.tif,val,swietokrzyskie,0.2822,-0.9864,0.0919,4.9753,0.3313,1.5626,-0.4649,-0.7444,-0.3313,0.7161,-1.6192
coxsbazar_44.tif,val,coxsbazar,0.2266,-3.5783,-1.8609,0.0797,-3.6853,0.7749,0.5739,0.9150,1.2382,-0.1904,-0.5127
lima_10.tif,val,lima,0.2949,0.8155,0.5068,0.9515,-1.1191,2.6649,1.2057,2.1992,1.0279,-2.4248,1.2405
vienna_33.tif,val,vienna,0.3816,0.3347,0.4538,-3.5035,-0.5355,3.0533,-1.8909,0.5960,-1.7132,-0.8644,2.0453
kitsap_19.tif,val,kitsap,0.1560,-0.4433,-3.3509,-1.8699,-0.7106,-0.6343,2.0593,0.5079,0.3078,-2.4638,0.7833
chisinau_24.tif,val,chisinau,0.1824,3.7896,-2.0493,-0.2971,-1.8374,-1.5129,0.1226,0.3791,-1.1485,0.5809,-0.9524
daressalaam_19.tif,val,daressalaam,0.3373,-0.2124,-0.3231,1.0063,-2.4363,2.0637,-1.0386,-1.0410,0.5638,0.8144,1.1146
svaneti_37.tif,val,svaneti,0.2205,-3.7439,-1.3723,3.0374,1.5289,1.2828,-0.0628,-0.6010,1.1383,2.1985,0.1218
rosario_6.tif,val,rosario,0.3604,1.2664,0.7054,-2.3500,-0.8541,2.3076,-1.0853,-1.0378,0.3771,0.5267,-1.2488
tyrolw_41.tif,val,tyrolw,0.1998,-4.1560,-1.8448,3.0173,-1.1971,-1.1101,-0.2885,-1.3613,-0.6187,-0.5850,1.4931
bielefeld_24.tif,val,bielefeld,0.3822,1.7247,0.5419,-0.8162,1.3850,-0.3055,0.5195,-0.7649,1.2188,0.0733,-1.9905
aachen_52.tif,val,aachen,0.2501,1.9756,-0.3017,2.4021,2.2492,2.4991,-0.2499,0.2680,-0.3454,0.9542,0.4806
slaskie_39.tif,val,slaskie,0.5142,-2.2843,-0.0903,-1.5340,0.1517,4.2449,-0.5056,-0.3591,2.3597,0.9421,1.6090
mahe_8.tif,val,mahe,0.2612,2.0474,-0.3922,-2.2066,-3.6886,1.9862,-1.2142,-0.4135,-0.6537,-0.0835,0.2067
ngaoundere_64.tif,val,ngaoundere,0.5365,-1.7854,1.0992,1.1912,0.2187,-0.2191,1.5429,-0.1662,2.4701,-1.9194,-1.5803
accra_6.tif,val,accra,0.2950,3.3273,-0.2180,-0.2859,-0.8068,-1.9785,-0.7963,-1.1124,-0.5276,1.0373,-0.1500
bielefeld_35.tif,val,bielefeld,0.3526,0.4021,-1.1271,-1.0716,-0.1864,-1.8410,0.7631,0.0635,0.9613,-0.3174,-0.6386
malopolskie_36.tif,val,malopolskie,0.3315,-3.3625,1.3573,3.4249,0.4448,0.9754,-0.4234,-1.0286,1.1836,-0.3454,1.0856
svaneti_55.tif,val,svaneti,0.2540,-3.3230,-2.2237,0.0351,4.0213,0.9238,0.5892,-0.4606,1.0729,1.5622,0.1272
vegas_32.tif,val,vegas,0.8821,0.7732,7.5781,0.0888,0.6532,-1.6144,1.4916,0.8041,3.7093,-0.2392,-0.8032
shanghai_20.tif,val,shanghai,0.5707,0.1721,5.9709,1.8592,0.8622,-0.2645,-1.7222,1.8270,1.4780,-0.7084,1.4035
kujawsko-pomorskie_19.tif,val,kujawsko-pomorskie,0.2451,-3.9199,-2.2377,-2.1661,-3.1532,0.9265,-0.4437,-2.2446,0.9964,-0.6283,1.6215
baybay_22.tif,val,baybay,0.3361,-2.3111,-1.3134,2.9531,-1.5531,-1.4961,0.4789,-1.2168,0.6407,-0.4297,-1.8967
tyrolw_3.tif,val,tyrolw,0.1612,-1.7939,-4.2178,-2.4021,1.3575,-0.9481,1.7356,-0.3028,-0.3752,-1.7113,-0.0740
swietokrzyskie_7.tif,val,swietokrzyskie,0.2130,-5.8307,0.8249,1.8697,0.2862,-2.1370,-1.3925,-0.1845,-3.4981,-4.2556,1.6135
zanzibar_32.tif,val,zanzibar,0.2878,-3.7898,-1.5153,-2.1996,2.4034,-1.8788,0.3883,0.9159,1.9160,1.6446,1.5339
kyoto_61.tif,val,kyoto,0.3299,2.3442,0.1934,-0.3007,-0.6656,-0.7368,0.4124,1.5044,1.4859,-0.4724,1.4960
vienna_38.tif,val,vienna,0.4186,3.8282,0.0997,-0.1411,-0.5446,-1.5231,-0.8465,-0.3025,-0.5465,0.5900,1.5746
christchurch_11.tif,val,christchurch,0.2300,3.9729,-1.8711,-0.6017,1.2135,0.7398,0.1577,0.4053,-1.6056,-0.3050,0.9102
zanzibar_115.tif,val,zanzibar,0.7218,-0.7118,5.9942,-1.1636,-1.5975,-1.2692,0.0847,1.2789,4.1382,-0.9607,-1.8801
chiclayo_35.tif,val,chiclayo,0.9756,-1.9656,10.9289,1.0344,2.0490,-4.2211,2.6385,-2.0816,-1.7898,7.1392,8.4740
kyoto_20.tif,val,kyoto,0.3544,2.8534,1.6831,2.3060,-1.4458,-0.0883,-0.0954,1.0871,1.3559,-0.8873,1.7526
mahe_59.tif,val,mahe,0.1968,-2.7585,-3.6021,-1.9853,-0.4359,-2.6540,0.4686,0.7265,0.4857,1.6473,1.1581
vienna_14.tif,val,vienna,0.2303,3.0479,-2.1274,-0.3222,-1.1290,-1.3383,0.2502,-1.6905,-0.1373,0.3114,-0.3911
christchurch_35.tif,val,christchurch,0.2690,1.9513,-2.3561,-0.8566,-0.2309,-0.8674,0.8835,-0.5923,-0.1525,-0.7590,-0.2457
daressalaam_58.tif,val,daressalaam,0.3301,2.6381,-1.3713,-0.7572,-0.0058,-1.8324,-0.6278,-1.9031,-0.9552,1.2337,-0.5038
bielefeld_66.tif,val,bielefeld,0.1894,-1.2227,-3.7470,-1.4288,-0.7355,-2.3486,0.9225,-0.7874,-0.2673,-0.8871,1.1801
svaneti_69.tif,val,svaneti,0.1525,-4.2085,1.5748,-2.1603,7.1116,1.0920,-0.6104,2.6402,-0.8958,0.2940,1.2450
sechura_42.tif,val,sechura,0.1251,4.7627,-0.2344,0.6088,-1.5177,0.1009,0.0255,3.5357,-2.2574,-0.5919,-0.2636
duesseldorf_54.tif,val,duesseldorf,0.3033,2.8152,-0.2973,-0.0908,-0.6906,-1.4075,-0.0033,-1.1352,0.7666,0.1398,0.3426
pomorskie_39.tif,val,pomorskie,0.6181,-7.1147,3.7806,0.3268,1.0855,-1.9997,-2.2939,0.4895,1.8504,-0.4111,5.2060
khartoum_9.tif,val,khartoum,0.4195,2.7220,1.4963,0.2214,0.3614,-2.9853,-1.9711,-3.3517,-0.0764,1.9815,-0.2954
austin_24.tif,val,austin,0.2863,3.6077,-0.7118,-0.7213,1.4176,0.0778,-0.2179,-0.1574,-1.9077,-1.5645,0.7173
bielefeld_38.tif,val,bielefeld,0.2434,3.5434,-0.5084,-0.4214,0.7890,0.1080,-0.2957,1.4326,-0.7323,1.3844,-0.3677
ngaoundere_47.tif,val,ngaoundere,0.3803,0.6970,0.6402,2.1008,0.3686,0.3670,-0.1850,1.4325,0.6629,1.1219,-0.7128
niamey_10.tif,val,niamey,0.2451,-0.7658,-0.8612,-2.2045,-3.0251,4.0007,-0.8890,1.3636,0.4369,0.9511,0.3021
paris_6.tif,test,paris,0.4572,2.3849,2.0669,0.3119,1.1089,-1.2784,-1.3680,-1.4418,-0.0370,0.7157,1.2994
accra_68.tif,test,accra,0.3424,3.2373,0.5889,0.4385,-1.2572,-1.8530,-0.4032,-1.5530,0.1120,-0.4968,-0.3365
pomorskie_40.tif,test,pomorskie,0.2908,-3.1982,-0.5134,-0.2950,1.3441,3.2721,-0.2230,-0.3538,-0.1731,-1.1953,-0.5436
swietokrzyskie_11.tif,test,swietokrzyskie,0.2896,-3.6835,3.5222,5.3356,1.4496,1.7126,-2.1529,-0.2639,-1.3505,-1.6569,2.6860
lambayeque_12.tif,test,lambayeque,0.2814,3.9687,0.7628,0.2409,1.9843,0.9397,-0.5076,0.2042,-1.1192,-0.0683,0.3166
kitsap_3.tif,test,kitsap,0.2810,-0.3222,1.9684,-4.1403,-3.1702,3.8899,-1.8769,-1.2686,0.1241,-1.2484,1.2402
koeln_28.tif,test,koeln,0.2741,1.3939,-2.1326,-0.9092,0.3791,-0.6468,0.5945,-0.2651,-0.2452,-0.3493,0.3335
ica_37.tif,test,ica,0.3240,3.5566,0.2991,0.1423,-1.9180,-0.9076,0.2309,-1.6431,0.7021,-0.9351,0.0816
koeln_43.tif,test,koeln,0.1565,0.0202,-3.3946,-4.0800,-3.6299,2.5510,-0.7639,-1.6622,-1.1823,0.1565,-0.6690
paris_13.tif,test,paris,0.5163,1.0448,0.9158,-0.5300,1.2189,-2.3359,-0.4441,-2.9923,0.0094,-0.8817,-1.6608
bielefeld_33.tif,test,bielefeld,0.3496,0.2712,-1.2961,-1.0500,1.6231,-0.7472,0.2863,-1.3748,0.2538,-0.0124,0.7228
bielefeld_27.tif,test,bielefeld,0.2680,-0.7125,-0.9559,-0.8540,-2.6241,2.4122,-0.7223,0.5041,1.5260,1.6662,1.1556
christchurch_32.tif,test,christchurch,0.2624,2.3776,-2.2151,-0.6151,0.1143,-0.4911,0.8222,-1.5429,0.0404,-0.8843,0.5091
kitsap_20.tif,test,kitsap,0.2356,1.6379,-1.7059,-1.5563,-1.0257,0.0479,0.5397,0.6772,-0.2023,-1.7969,1.8731
shanghai_2.tif,test,shanghai,0.3497,-2.6609,0.1569,-3.0084,-1.8961,-0.8926,-1.2280,0.5696,0.6600,0.5847,1.9754
vienna_2.tif,test,vienna,0.2608,3.4775,-1.0911,-0.2483,-1.1815,-1.9007,-0.8761,-1.1235,-1.0150,0.7611,0.9991
santiago_54.tif,test,santiago,0.2526,-2.1292,1.8856,-1.9707,5.8148,0.5258,-0.7318,3.0670,0.0538,1.2228,-0.9634
daressalaam_40.tif,test,daressalaam,0.2898,0.1972,-2.1574,0.1072,-0.6174,-1.2449,0.6652,0.1171,0.7224,0.1954,0.0940
lambayeque_31.tif,test,lambayeque,0.1949,0.0312,-1.0537,3.5436,-1.9781,0.3379,-0.0490,2.1026,-1.1545,0.3094,-0.6774
melbourne_29.tif,test,melbourne,0.2169,4.4184,-0.5096,0.1249,-0.4937,-0.7594,-0.5696,-0.4174,-0.6282,1.0891,-0.2399
melbourne_13.tif,test,melbourne,0.2929,0.7408,-1.1011,-1.2900,3.0848,0.2943,-0.1653,0.5668,-0.9449,0.6714,0.1339
tokyo_38.tif,test,tokyo,0.3488,2.9657,1.4423,0.5284,-0.7581,-0.7582,-0.2043,0.5437,2.1230,0.2476,2.7321
tyrolw_7.tif,test,tyrolw,0.3391,-1.2587,-2.2181,0.3416,-1.4289,2.0491,1.2248,-0.6015,1.2268,-1.1579,0.5162
zanzibar_28.tif,test,zanzibar,0.2780,-3.4783,-2.3201,1.7281,-1.5773,-2.2486,0.2526,-1.1691,1.2569,1.0298,1.1574
chicago_8.tif,test,chicago,0.2781,3.7902,-0.6055,-0.2418,0.0808,-0.6873,-0.3042,-0.4110,-1.0793,-0.0844,-0.0183
viru_39.tif,test,viru,0.2737,-3.3198,5.0732,3.3037,-2.4961,1.2811,8.0891,0.1243,-2.8575,3.1369,0.1135
coxsbazar_46.tif,test,coxsbazar,0.2536,-4.9236,-1.2106,-0.5402,-1.9881,-0.1204,0.5088,1.2921,2.0721,-0.2246,1.7720
lima_22.tif,test,lima,0.1397,4.5774,3.5556,1.3296,1.2278,1.2419,-1.4808,3.9827,-2.6828,-0.6574,0.7612
paris_46.tif,test,paris,0.4297,1.3251,-0.2228,-0.5737,1.1885,-1.2964,-0.0799,-2.9140,0.1360,-0.7059,-0.2772
dhaka_48.tif,test,dhaka,0.1696,-4.9453,3.8634,-4.3441,-3.5179,5.6791,-4.2159,-0.3123,0.1706,0.9948,2.3485
daressalaam_24.tif,test,daressalaam,0.3571,1.1247,-0.1735,-0.3576,-1.7484,1.9485,-0.7947,-1.5852,0.9784,0.3596,1.2798
lohur_9.tif,test,lohur,0.3517,0.1940,-1.0722,1.5255,-0.4361,0.2312,1.0709,-0.0151,1.3652,-1.1513,0.2685
vienna_58.tif,test,vienna,0.2705,0.4679,-1.9107,-1.2585,0.1368,-1.2915,0.3238,0.2175,-0.0927,0.1755,0.5876
viru_6.tif,test,viru,0.3601,1.5210,-0.3002,0.6771,-0.9854,-1.1003,0.2178,0.5580,0.3035,-0.2270,-0.1997
svaneti_63.tif,test,svaneti,0.2554,-2.8038,-0.5231,3.5967,0.0160,0.4032,-0.3639,0.6869,0.8924,2.4781,-0.6589
abancay_45.tif,test,abancay,0.3182,-0.4041,-1.7743,0.5325,1.2023,0.2862,0.7164,0.1396,0.3400,-0.1918,-0.0445
tonga_4.tif,test,tonga,0.2673,3.7111,-0.7702,-0.1454,1.8046,0.5665,0.0174,-1.2956,-0.4731,0.3694,-0.5173
austin_48.tif,test,austin,0.2933,0.0963,-1.9886,-1.3914,0.4562,-1.2868,1.0324,-0.6723,0.2926,-1.5521,0.2487
daressalaam_104.tif,test,daressalaam,0.2569,1.2816,-1.9977,1.4736,-0.3410,0.5140,0.1958,0.7550,-0.7230,0.4268,0.3287
austin_20.tif,test,austin,0.2821,5.1494,1.5060,0.9927,-0.9137,-1.4495,-1.4052,-1.9756,-0.6802,-0.1942,1.2454
zanzibar_120.tif,test,zanzibar,0.3902,-2.2938,2.4602,-1.7168,6.0836,0.4733,-1.1386,2.1235,-0.1749,0.8274,1.7207
podkarpackie_13.tif,test,podkarpackie,0.4937,-2.4486,-1.3103,1.0114,1.8395,0.5822,0.5179,0.6873,0.8660,-0.1309,2.4875
baybay_11.tif,test,baybay,0.2177,-4.8164,-0.1124,-2.1606,-4.6995,3.3028,4.5845,-2.0830,-0.8056,0.6185,-1.7364
aachen_27.tif,test,aachen,0.2719,-1.0247,-1.2816,3.0164,0.4668,1.1610,0.3071,-1.1647,0.2215,-0.2553,0.3154
coxsbazar_65.tif,test,coxsbazar,0.1753,-4.2288,-3.2504,1.6169,-1.7355,-1.8251,0.1849,1.2707,-0.4364,1.5090,-0.9608
melbourne_62.tif,test,melbourne,0.2546,0.7338,-1.6026,-1.4935,2.8447,0.4574,-0.0138,1.6402,-1.6231,0.7236,-0.4870
daressalaam_108.tif,test,daressalaam,0.2750,0.4367,-1.1709,0.1808,-1.2476,-1.0122,0.5466,3.1311,1.7007,1.6563,1.1974
maputo_11.tif,test,maputo,0.2325,4.5334,-1.2415,-0.0099,-0.8858,0.1125,0.4270,0.3452,-1.1546,-1.3003,0.1300
melbourne_61.tif,test,melbourne,0.2822,1.5045,-0.8684,-1.3895,2.1061,0.3452,0.0020,2.1423,-0.8839,0.7722,0.7178
abancay_11.tif,test,abancay,0.3536,-0.2208,-0.2712,-0.1246,1.0327,0.0409,1.0418,2.4368,1.8307,0.2940,-0.4184
duesseldorf_51.tif,test,duesseldorf,0.2448,-1.6791,-1.1676,3.4738,1.5449,1.8224,0.0547,-1.9397,-0.4833,-0.9779,0.5037
zanzibar_122.tif,test,zanzibar,0.8119,-2.2081,5.9623,-2.2246,-0.1110,1.0331,-0.3832,0.8528,2.5915,-1.2362,1.5702
coxsbazar_76.tif,test,coxsbazar,0.0910,-6.7631,-0.3470,-1.2175,-3.3551,-4.9062,-1.5612,1.1540,-3.0267,-2.0261,-0.4803
daressalaam_56.tif,test,daressalaam,0.3069,2.8420,-0.8123,-0.4353,-0.1875,-2.1319,-0.9079,-2.3862,-0.4292,1.9279,-0.9972
chicago_2.tif,test,chicago,0.2545,4.0240,-0.9373,-1.0672,1.7349,1.1735,0.7442,-1.2519,-0.1905,-1.5656,0.4071
kyoto_27.tif,test,kyoto,0.4347,-1.5059,2.4233,4.1192,-0.4111,0.0560,-0.5627,-1.2405,2.2775,-0.2033,1.9414
lubuskie_21.tif,test,lubuskie,0.1525,-2.5295,-2.6372,-5.0604,-2.0823,3.2554,-1.0983,-1.1891,-1.2317,0.2001,0.0242
tonga_22.tif,test,tonga,0.3689,-1.8466,-0.2686,-0.2870,0.0571,4.4040,-0.2077,-0.9554,0.6833,-0.3384,-1.6575
koeln_8.tif,test,koeln,0.2285,-1.6202,-2.0780,2.9531,-0.5810,0.0744,0.1502,-0.9121,-0.6387,-0.0529,-0.4992
kagera_44.tif,test,kagera,0.3446,-2.3189,-2.9615,-0.4150,1.3129,-1.2038,0.9771,-1.0673,0.9291,0.3986,-0.5684
ngaoundere_56.tif,test,ngaoundere,0.4520,-3.8365,-0.1936,-0.0792,0.9781,-1.9420,0.3523,-0.3102,-1.5141,-3.0386,-1.9230
paris_51.tif,test,paris,0.4216,-0.9386,-0.2608,-1.3518,2.6904,-1.5280,-0.0626,-1.9246,0.3626,0.1934,-0.7386
khartoum_61.tif,test,khartoum,0.4795,3.2121,3.1649,0.1079,0.3850,-2.7018,-2.1188,-0.7975,-0.1546,1.1570,0.1728
dortmund_50.tif,test,dortmund,0.2718,0.9389,-2.1692,1.5840,-1.6500,-0.1701,1.1787,0.3224,0.4494,-1.5673,0.2367
podkarpackie_9.tif,test,podkarpackie,0.3187,-4.1024,-1.4568,1.4081,-0.3301,4.2297,-1.3633,-2.7994,-0.7700,0.4108,0.8497
christchurch_66.tif,test,christchurch,0.1243,-3.6128,0.8674,-6.4538,-3.6991,5.1231,-3.2010,-1.3626,-1.4743,0.9715,-1.0642
pisco_49.tif,test,pisco,0.1969,4.6558,-1.1146,-0.3853,2.1449,1.3711,0.1366,-0.1100,-1.3702,-0.1228,-1.0084
zanzibar_146.tif,test,zanzibar,0.4579,-1.3293,1.4833,-1.5446,4.4083,-0.2662,0.4248,-0.0748,-0.5763,-1.2251,0.7836
rotterdam_13.tif,test,rotterdam,0.3674,1.8838,1.9464,-0.8937,-1.8625,-1.1215,-1.4996,-0.8111,1.9010,1.8542,-0.2256
mahe_67.tif,test,mahe,0.2282,-2.4908,-3.1935,-2.0948,-1.8539,-2.7674,0.5463,0.1912,0.3390,0.7280,-0.8339
tyrolw_49.tif,test,tyrolw,0.2714,1.1792,-0.8713,0.6087,-0.3519,-0.2971,0.1768,1.7025,1.0038,1.6742,0.0896
coxsbazar_36.tif,test,coxsbazar,0.3188,-4.5970,-0.8531,-0.0371,-1.4645,-0.3095,-0.4020,0.6961,0.7888,-0.4104,1.2348
vegas_7.tif,test,vegas,0.3340,3.9587,-0.4858,-0.0958,-0.5637,-1.3464,-0.0408,-3.1832,-0.2623,-1.8047,0.7155
koeln_27.tif,test,koeln,0.2822,-0.7761,1.7953,-2.5383,6.7906,-0.4475,-1.1948,-0.6595,-3.3553,-1.9402,-2.3716
monrovia_60.tif,test,monrovia,0.2403,3.0908,-1.3109,-0.6074,0.1152,-0.1748,0.1980,1.6354,-0.9035,0.7690,-0.8979
swietokrzyskie_37.tif,test,swietokrzyskie,0.0945,-3.2840,-0.4234,5.7817,-1.4979,0.2767,-1.5926,1.5054,-1.8772,2.4789,-1.0510
mahe_30.tif,test,mahe,0.1681,-1.2333,-0.6948,-5.1333,-4.6197,4.3956,-0.2311,-0.8442,0.1626,0.1136,-1.4559
daressalaam_99.tif,test,daressalaam,0.1797,-0.1230,-3.1454,-1.3999,-0.2156,-0.1678,1.7335,2.8946,0.3529,-1.5078,1.7107
duesseldorf_28.tif,test,duesseldorf,0.3040,1.9778,-1.3452,-0.4399,0.9164,0.0183,0.5488,-0.1137,0.0924,-0.0301,0.0710
vegas_10.tif,test,vegas,0.3066,4.0018,-0.5070,0.4317,-1.0773,-1.5277,-0.2699,-3.3969,-0.2534,-0.6763,0.2661
daressalaam_75.tif,test,daressalaam,0.2326,0.6200,-2.3641,-1.5013,3.6167,1.4938,0.7979,1.3907,-1.0104,0.4126,0.9230
daressalaam_65.tif,test,daressalaam,0.3396,1.1320,-0.9128,-1.2241,1.1042,-0.5027,-0.0456,-2.6716,1.2223,1.5662,1.0123
chiclayo_30.tif,test,chiclayo,0.3209,-4.2823,0.2310,1.2275,-1.3007,0.9043,-1.0887,0.2183,-0.5375,-1.0204,0.5197
vienna_25.tif,test,vienna,0.2235,3.3991,-1.5552,-0.1971,-1.0082,-1.7805,-0.7403,-1.6924,-0.7755,1.3277,0.4489
chisinau_4.tif,test,chisinau,0.2166,3.3112,-0.9455,-0.3118,-1.1746,-1.1474,-0.2123,1.9405,-0.9368,1.2064,-0.6485
zanzibar_30.tif,test,zanzibar,0.3075,-4.7899,-1.3589,-0.1931,1.3639,-1.9638,0.1231,0.4388,1.0281,1.5302,-1.1478
lima_12.tif,test,lima,0.9002,-0.9693,12.2405,-0.4123,1.4919,-1.8476,2.4730,2.2955,1.7665,-1.6002,-2.9332
chiangmai_3.tif,test,chiangmai,0.2718,-1.4104,-2.4325,-3.4331,-0.3343,0.6180,0.5539,-0.9757,0.5668,-0.5969,-1.0100
lambayeque_6.tif,test,lambayeque,0.1716,5.5094,-1.5477,0.3681,-1.3051,-1.2112,-0.4965,-2.2696,-1.4605,0.3838,-1.0026
muenster_15.tif,test,muenster,0.2627,-0.4234,-3.0498,0.5086,-0.6408,-0.4211,1.3101,0.0212,1.0383,-0.5048,0.6267
pomorskie_33.tif,test,pomorskie,0.2313,-3.2216,0.2307,2.6294,-0.7800,3.1917,-0.8498,-0.4788,0.0231,-0.2840,-0.0934
coxsbazar_73.tif,test,coxsbazar,0.0765,-8.4659,-1.3727,-2.8566,-2.4768,-2.5321,-0.9555,0.0888,-2.1535,-1.8603,-0.1595
accra_20.tif,test,accra,0.3309,-0.0005,-0.7881,-1.4568,2.4479,-0.4632,0.3278,0.8736,-0.1738,0.3844,-1.1139
vienna_41.tif,test,vienna,0.3017,3.0923,1.5043,-0.4528,1.7463,0.4791,-0.7681,3.0379,-1.6635,-0.5769,1.3436
ngaoundere_52.tif,test,ngaoundere,0.4374,1.9448,0.5805,0.3083,-0.9239,-1.5598,0.4296,0.3059,1.5518,-0.4129,-0.6033
aachen_12.tif,test,aachen,0.2976,-0.7611,-2.3517,0.7915,0.6243,0.2011,0.8932,-0.8202,0.7782,-0.3000,0.7643
dowa_20.tif,test,dowa,0.2445,-1.8169,0.6239,5.1104,0.2069,1.5847,-0.6695,-0.8666,-0.5309,-0.5580,0.1011
rio_59.tif,test,rio,0.3323,3.3679,0.7026,-0.0492,-0.4508,-1.6381,-0.6859,-0.8696,-0.0858,0.3225,-0.1390
wielkopolskie_4.tif,test,wielkopolskie,0.0944,-5.6163,1.4540,3.6220,0.9044,-0.9928,-1.6466,-0.8495,-3.4231,-1.5427,-1.8376
zanzibar_69.tif,test,zanzibar,0.3023,-4.1732,-1.8867,-1.3123,1.8263,-2.0363,0.4505,0.1580,1.4067,1.8073,-1.1473
monrovia_31.tif,test,monrovia,0.3685,0.5126,-0.5275,-0.6310,-0.7049,-1.7277,0.8785,2.0547,1.7197,0.2340,-1.2116
coxsbazar_38.tif,test,coxsbazar,0.5141,-5.2860,0.5592,-0.0508,-2.0580,-1.8375,0.0832,-0.4742,1.9256,0.0713,-3.2278
ica_46.tif,test,ica,0.3649,1.4626,1.4564,2.4165,-2.1798,1.3704,1.2919,1.6390,0.9587,-2.6754,0.6192
warminsko-mazurskie_4.tif,test,warminsko-mazurskie,0.1372,-4.4640,-1.4675,-3.2359,0.8013,-4.3175,-0.5734,2.2095,-1.4210,-0.3660,1.0641
mahe_28.tif,test,mahe,0.2149,-0.4914,0.1449,-4.1952,-5.0566,3.3554,1.5050,-1.3745,-0.0489,0.3942,-2.1111
aachen_26.tif,test,aachen,0.3027,3.6466,0.4031,0.0141,0.3316,-1.1223,-1.1495,-0.9343,-0.7724,1.2548,-0.2514
tonga_46.tif,test,tonga,0.4266,-0.6440,-0.3964,-1.0785,2.1954,-0.8381,0.3389,-1.2546,1.9030,0.4369,1.9202
dortmund_68.tif,test,dortmund,0.3323,1.5814,-0.9362,-0.7724,-0.6958,-1.7569,0.4566,-0.2570,0.3400,-0.7482,-0.2468
swietokrzyskie_27.tif,test,swietokrzyskie,0.1393,-2.2561,1.9685,6.1341,0.3062,2.0934,-1.9520,2.5129,-0.1799,3.5121,-0.0313
melbourne_6.tif,test,melbourne,0.2845,2.6875,-1.4493,-0.6432,1.0337,0.1448,0.7008,-0.8858,0.1760,-0.7249,0.1467
zanzibar_98.tif,test,zanzibar,0.4601,0.6024,2.7199,-1.6668,-2.5194,0.1637,-0.1942,0.1933,2.2672,-0.1783,-1.0267
zanzibar_57.tif,test,zanzibar,0.3440,-3.1030,-2.2139,0.1449,-0.1721,-2.0341,0.7467,-0.6937,1.6618,0.3012,0.9359
mahe_48.tif,test,mahe,0.2308,1.0415,-1.7678,-3.1432,-1.0322,3.1554,-0.5507,0.0354,-0.5305,0.7763,-0.9426
daressalaam_105.tif,test,daressalaam,0.2048,4.0343,-1.1812,-0.2253,-0.5323,-0.9071,-0.5929,-0.2511,-0.9437,1.9150,-0.4563
abancay_19.tif,test,abancay,0.2593,4.4138,-0.7403,-0.0688,-0.3968,-1.2496,-0.2895,-1.8098,-0.4572,0.5916,-1.7497
lohur_10.tif,test,lohur,0.2484,-0.7544,-1.0229,2.9365,0.6845,1.2367,0.1470,-0.7648,-0.1955,-0.1187,0.1455
tyrolw_8.tif,test,tyrolw,0.6872,0.8113,4.8832,-0.7002,1.1794,-0.4613,1.6016,0.3506,2.8060,-1.8121,0.3864
rotterdam_40.tif,test,rotterdam,0.3743,1.7681,1.3000,-1.0559,-2.3723,-1.0805,-1.4101,-1.0342,1.2582,1.1922,0.1355
santiago_10.tif,test,santiago,0.3782,-0.4407,-0.6868,-1.1794,-0.2262,-2.5037,0.2958,0.0462,0.4454,-0.5601,-0.4965
chicago_39.tif,test,chicago,0.3532,4.4276,2.4784,1.3331,0.2101,-1.4482,-2.1064,-2.8737,-0.5586,1.0240,1.4065
svaneti_19.tif,test,svaneti,0.2877,-2.4367,-0.8922,1.6234,2.6912,1.7855,0.1153,2.2109,-1.0217,-0.0457,-0.2839
dowa_14.tif,test,dowa,0.2972,2.7281,2.0236,2.9506,-2.4496,0.1923,0.0103,1.7164,0.5446,-0.2829,-0.5315
dortmund_35.tif,test,dortmund,0.1582,0.7362,-3.6906,1.3585,-2.8816,3.2516,0.5439,-0.4701,-0.5101,-0.3199,-0.8444
coxsbazar_62.tif,test,coxsbazar,0.3486,-0.6743,0.1154,2.4334,-1.8485,-1.0703,0.0335,1.0316,1.9012,1.2751,-0.5541
bielefeld_26.tif,test,bielefeld,0.2930,2.3096,-0.9913,-0.5634,2.5694,1.0640,0.2638,-0.4712,-0.2626,0.0838,0.3822
chisinau_8.tif,test,chisinau,0.1872,3.3456,-2.2289,-0.5521,-0.3381,-0.3642,-0.0025,0.9413,-1.5058,0.7783,0.0946
viru_14.tif,test,viru,0.1003,-2.9505,-1.1016,5.5078,-0.7058,1.3641,-0.5879,-1.7762,-0.9222,0.3843,-0.0195
wielkopolskie_35.tif,test,wielkopolskie,0.1769,-3.1415,-3.6351,1.0872,-0.9321,-0.9894,0.4914,1.0567,-0.2630,0.8715,1.3876
dhaka_44.tif,test,dhaka,0.3078,-0.7773,1.5494,-3.5767,-2.0002,3.3500,-2.3800,0.4162,0.1611,2.0321,1.2969
koeln_9.tif,test,koeln,0.2637,1.2575,-0.6791,-3.2943,-1.8373,3.1082,-1.3032,-0.0465,-0.8890,0.1316,0.5594
pomorskie_29.tif,test,pomorskie,0.1740,-3.9700,-0.7277,0.5557,-4.1425,2.9140,-1.6414,1.3752,-1.2716,-0.0491,0.6311
sechura_34.tif,test,sechura,0.2027,5.2463,0.9781,0.9309,-1.0631,-0.1017,-0.0104,1.9361,-1.6906,0.3506,0.4814
svaneti_56.tif,test,svaneti,0.2294,-4.8438,-1.3074,0.8183,4.3490,2.1258,1.3702,-2.1711,3.2347,1.1231,0.5422
mahe_26.tif,test,mahe,0.2123,1.1233,-0.9634,-3.0877,-2.5504,3.8060,-1.1055,0.8229,-0.7991,0.8667,0.3704
lima_47.tif,test,lima,0.5326,-2.8399,0.9034,0.8574,0.3577,-2.1048,-0.0702,1.4297,2.0236,1.2309,-0.2833
zanzibar_90.tif,test,zanzibar,0.5454,-4.7979,4.0861,-3.4084,2.7209,1.2352,1.4775,-0.8138,1.4126,-0.7248,1.5501
mahe_39.tif,test,mahe,0.2115,0.4313,-2.5644,-3.5089,-1.8873,2.7400,0.8517,-0.6201,0.4049,-1.0296,-0.9543
dolnoslaskie_1.tif,test,dolnoslaskie,0.1742,-0.7880,-3.3766,-1.6440,-1.5587,-1.9227,1.2764,1.5290,-0.0829,0.1703,-0.5282
tyrolw_14.tif,test,tyrolw,0.2188,-4.2757,-1.6717,-3.0141,0.8279,-3.8075,-0.2216,1.1275,-0.2561,0.6919,-0.1546
sechura_13.tif,test,sechura,0.1467,5.2538,1.0419,0.8072,-0.7677,0.3356,-0.3931,3.3491,-1.3650,0.5085,-0.3987
viru_48.tif,test,viru,0.1776,3.0795,-0.2634,3.4760,-1.7204,2.1876,0.4454,1.8161,-0.4766,-1.1016,-0.6861
koeln_30.tif,test,koeln,0.1462,-2.1406,-0.2343,5.3532,-1.0522,1.1606,-0.8504,0.8886,-2.7957,-1.0532,-1.3171
muenster_55.tif,test,muenster,0.2637,0.6944,-2.6391,-1.2480,0.0733,-1.2549,0.8459,-0.6751,-0.1005,-0.5474,-0.0739
koeln_23.tif,test,koeln,0.2285,-3.0264,-0.3052,4.0430,-0.1640,0.7157,-0.1020,-1.0986,0.3495,-0.3277,0.3101
chicago_9.tif,test,chicago,0.3215,4.0469,0.2335,-0.0172,-0.3580,-1.2171,-0.3411,-0.6926,-0.9728,-0.9252,-0.8116
mahe_55.tif,test,mahe,0.2345,-0.9246,0.5403,-4.6364,-4.1434,4.3089,2.1809,-0.8900,-2.7223,-1.6717,-1.7818
sechura_47.tif,test,sechura,0.3371,2.6591,-0.6425,-0.4071,0.0211,-0.5432,0.8186,0.7738,1.0605,-0.4161,-0.4840
muenster_66.tif,test,muenster,0.2162,-1.6878,-3.6851,2.0843,-0.5300,0.6412,1.1794,-0.8568,0.0668,-1.0456,1.3804
austin_33.tif,test,austin,0.2759,1.5453,-2.6509,-1.8015,0.6068,0.5883,1.0810,-1.5768,0.2900,-1.5879,-0.3614
kyoto_5.tif,test,kyoto,0.3304,2.2931,0.6613,1.9187,-1.4106,1.7891,-0.1200,0.3645,0.5150,-1.8534,1.7892
bogota_6.tif,test,bogota,0.2940,1.9982,-1.3085,-1.1018,0.2407,-1.2227,0.0631,0.3779,-0.8892,-0.0448,-0.2143
ngaoundere_53.tif,test,ngaoundere,0.3317,4.4474,0.8802,0.5351,0.7292,0.0508,-0.2958,0.0095,-0.6959,-0.0262,-1.0291
kujawsko-pomorskie_1.tif,test,kujawsko-pomorskie,0.0655,-8.9882,3.6236,-5.1923,-5.3900,1.6052,-5.5499,0.2164,-2.1158,-0.4051,4.0455
mahe_68.tif,test,mahe,0.2554,-0.6001,-3.1045,-1.8662,-1.3033,-2.0937,0.7362,-1.2519,-0.2460,-0.7724,-0.7070
rotterdam_27.tif,test,rotterdam,0.1056,-3.2142,2.7296,-6.2336,-5.2997,4.9833,-4.3693,1.1661,-2.0580,1.1163,0.0328
tyrolw_37.tif,test,tyrolw,0.2222,0.1981,-1.8558,2.0381,0.4868,1.5642,0.5187,1.5449,-0.3889,0.2731,0.3026
duesseldorf_13.tif,test,duesseldorf,0.1848,-0.7257,-2.7293,2.1298,-0.1648,1.2409,0.6939,1.7585,-0.7598,0.3303,0.0293
lima_34.tif,test,lima,0.4785,2.1309,1.6661,1.1752,0.4715,0.9414,0.9162,-0.0866,1.6551,-2.3103,1.4487
duesseldorf_64.tif,test,duesseldorf,0.3058,2.3106,-0.7620,-0.6089,1.4399,-0.3632,-0.2495,-0.2160,-0.4434,0.9948,-0.2570
chiclayo_41.tif,test,chiclayo,0.3435,-0.3588,5.4493,1.6649,-2.9239,3.0211,-1.1123,3.8889,0.3002,-2.0925,1.0627
mahe_49.tif,test,mahe,0.2864,-1.3442,1.8294,-4.5551,-3.1665,5.2411,-1.7072,0.2397,0.3148,0.2330,-1.8025
koeln_14.tif,test,koeln,0.3535,1.2227,-0.1522,-1.1439,0.5143,-0.8960,-0.0528,1.3081,0.0808,-0.2894,0.8970
podkarpackie_20.tif,test,podkarpackie,0.1671,-2.0980,-3.2157,2.5592,2.1853,2.3860,0.4644,-0.4362,-1.2990,0.3090,0.1425
rio_34.tif,test,rio,0.3801,1.2805,0.7631,-1.2433,1.2605,-1.1127,-0.6888,1.1395,0.2881,0.9186,1.6357
duesseldorf_10.tif,test,duesseldorf,0.2904,1.0319,-1.2086,-2.3039,0.0268,2.0386,1.0359,-0.2404,1.1538,-1.0388,-1.1456
pomorskie_7.tif,test,pomorskie,0.4129,-4.0496,1.9086,2.9218,-2.2240,0.2400,-0.9041,0.1338,2.0200,-0.2708,1.3073
tonga_45.tif,test,tonga,0.4449,0.6607,0.6722,-1.0026,2.1817,0.4435,0.8822,-1.0745,1.6329,-0.3255,-0.6075
zanzibar_56.tif,test,zanzibar,0.4723,-2.6552,-0.3818,0.2730,1.0075,-1.4770,0.8514,0.1967,1.6641,-0.2792,-2.3153
zanzibar_46.tif,test,zanzibar,0.3326,-2.8768,-1.6330,0.0135,-0.3310,-2.0217,0.5694,0.7502,1.3084,0.5032,0.6559
christchurch_68.tif,test,christchurch,0.5365,-4.1408,2.9560,3.2398,2.6066,0.3333,-1.4971,0.0135,0.7214,0.7345,1.9640
kyoto_9.tif,test,kyoto,0.3730,1.9690,0.5774,-0.4204,0.1693,0.4481,1.0767,0.3991,2.3506,-1.5088,1.6943
chincha_45.tif,test,chincha,0.3099,3.7990,0.7275,0.0910,0.7323,0.0048,-0.4263,0.1166,-0.4582,-0.2266,-0.4682
melbourne_36.tif,test,melbourne,0.2208,3.5547,-2.1214,-1.7435,0.5474,2.0191,0.1723,-0.9841,-0.8973,-1.3244,1.2697
kyoto_4.tif,test,kyoto,0.3713,1.3378,2.7496,4.5733,-0.6919,0.4771,-0.8637,-0.9562,0.5516,-1.6091,0.6830
bielefeld_20.tif,test,bielefeld,0.4037,1.0228,-1.3611,-0.9099,0.6158,-0.8808,1.1859,0.5865,0.8153,-0.3645,-2.5081
chiclayo_32.tif,test,chiclayo,0.3553,-2.4158,0.7019,4.0823,-0.7966,0.5611,-0.6382,1.2557,0.9757,1.5115,1.1146
khartoum_16.tif,test,khartoum,0.3463,3.8662,4.2016,1.1543,1.5310,0.5199,-1.9643,1.2310,-0.0821,1.9973,-0.6256
pomorskie_26.tif,test,pomorskie,0.1156,-8.5307,1.8980,-3.5172,-4.8173,-0.1675,-3.9452,0.2620,-2.3825,-1.4965,1.8574
melbourne_58.tif,test,melbourne,0.3182,-1.0977,-0.4259,-1.8103,-0.9762,-1.9169,-0.2278,2.2750,-0.0680,0.0914,0.1298
chincha_39.tif,test,chincha,0.8039,-2.1324,10.1672,0.6945,1.7256,-0.9753,0.4673,2.2526,2.3914,-4.1672,2.0049
rotterdam_20.tif,test,rotterdam,0.4058,1.7470,1.2475,-0.8417,-2.4432,-1.6207,-1.0110,-0.4079,1.1958,0.4350,0.3086
daressalaam_6.tif,test,daressalaam,0.3131,1.4427,0.6311,-2.6575,-1.0883,2.6344,-0.8815,1.2375,-0.5097,-0.6110,-0.4028
tyrolw_17.tif,test,tyrolw,0.3266,2.1225,0.0841,-1.4087,-1.1950,0.8914,0.6859,-0.0207,1.7167,-0.5328,0.1794
baybay_59.tif,test,baybay,0.1465,-5.0355,-2.8484,1.6924,-0.4125,-1.2963,0.1097,1.1975,-0.6333,1.0288,-0.9492
mahe_36.tif,test,mahe,0.3271,0.4119,-0.0002,-2.7550,-3.3434,0.9393,3.0205,-1.5319,0.6061,-0.7070,-2.7553
pisco_43.tif,test,pisco,0.2194,3.6269,-0.6805,-1.6250,-1.8432,2.5297,-0.0607,-0.4271,-0.3213,-0.4459,-0.7381
pointenoire_6.tif,test,pointenoire,0.2371,4.4168,-0.6082,0.0855,-0.9549,-1.0150,-0.3595,0.2865,-1.0433,0.7952,-0.8639
christchurch_40.tif,test,christchurch,0.3179,3.0037,-0.9677,-0.4892,0.5348,-0.7858,0.1667,-1.1058,-0.6193,-0.2941,-1.1798
rotterdam_29.tif,test,rotterdam,0.3532,1.4561,0.9430,-1.4599,-2.1268,-0.7143,-1.3679,-1.1329,0.9427,0.8868,0.4398
christchurch_19.tif,test,christchurch,0.2680,2.7331,-2.1426,-0.6765,0.8893,0.1106,0.6915,-1.0912,-0.4627,-0.7314,-0.0627
coxsbazar_14.tif,test,coxsbazar,0.2436,-4.2136,0.8388,3.1891,-1.7265,1.1338,-1.9250,-0.7581,-0.3215,2.0275,-2.1682
paris_59.tif,test,paris,0.5317,1.9720,2.0947,-0.2807,1.5947,-1.9006,-0.8068,-2.7827,0.3708,-0.2972,-1.3707
koeln_41.tif,test,koeln,0.1897,-1.4227,-2.3818,2.8967,-0.9407,0.5128,0.2260,0.4981,-1.7231,-0.6147,-0.3842
dortmund_48.tif,test,dortmund,0.3017,2.2494,-0.8725,-0.6238,-1.1158,-2.1169,-0.0339,0.4127,-0.5601,0.1743,-0.8281
maputo_17.tif,test,maputo,0.3088,3.0302,-0.4923,0.1522,-1.1052,-1.5012,-0.1752,-0.9298,0.0299,0.5887,-1.3803
pisco_17.tif,test,pisco,0.2336,0.0957,-0.7206,4.2432,-1.6226,0.5240,-0.2020,-0.3432,-1.1116,-0.5856,-0.4337
svaneti_21.tif,test,svaneti,0.3224,-1.6422,-0.7051,0.6968,1.4175,3.5535,1.4519,0.7068,2.5380,-0.2032,-0.0067
dowa_11.tif,test,dowa,0.2580,3.6425,1.3760,1.8068,-1.6634,-0.9136,-0.7559,1.4834,1.0297,1.6173,0.5263
aachen_46.tif,test,aachen,0.3607,1.3507,-0.1370,-0.2926,0.3612,-0.6628,0.6077,-0.2668,2.0962,-0.2927,1.2037
maputo_2.tif,test,maputo,0.2401,3.3105,-1.9122,-0.7619,-0.3794,0.1822,0.5823,0.3974,-0.5214,-0.5104,-0.0085
tonga_18.tif,test,tonga,0.5671,-0.9768,0.9070,-0.7816,3.8376,0.1017,0.0765,-0.7580,2.5747,1.2455,2.2529
kujawsko-pomorskie_12.tif,test,kujawsko-pomorskie,0.2219,-1.1176,-3.3648,0.6191,1.5170,1.0512,0.9576,0.4462,-0.4479,-0.0787,0.5275
soriano_16.tif,test,soriano,0.4744,2.4053,3.3541,0.7648,1.0888,-1.6722,-1.8996,0.1407,0.2007,3.0881,-1.8726
khartoum_58.tif,test,khartoum,0.3480,3.7174,0.7397,0.7804,-0.2904,-1.3430,-1.1164,-1.0695,-0.4681,1.4028,-0.6499
accra_66.tif,test,accra,0.1533,-3.0172,-1.4960,-3.5301,4.3441,3.4309,-0.3453,0.0698,0.1259,1.5195,0.3749
western_3.tif,test,western,0.6874,-3.0035,6.8625,-3.1661,-1.6900,-0.3207,5.9874,-0.2729,1.2192,0.0921,-0.7767
kyoto_7.tif,test,kyoto,0.3548,0.5921,0.5975,2.7703,-1.5257,-0.3363,-0.0357,0.1619,1.3131,-0.5079,1.0190
koeln_7.tif,test,koeln,0.2701,1.3855,-1.8971,-0.8067,-0.8113,-1.6362,0.4669,-0.1735,-0.0156,-0.3767,0.3290
christchurch_25.tif,test,christchurch,0.2064,-2.6475,-3.7929,-1.0118,2.0174,0.0362,1.0614,0.7575,-0.8197,-0.0316,-0.3914
austin_22.tif,test,austin,0.2016,5.6072,-0.5719,0.7056,-0.5208,0.1427,-0.2380,-1.4734,-0.7689,-0.9886,1.6716
austin_32.tif,test,austin,0.2133,3.3510,-2.7315,-0.9343,2.1972,1.3712,0.9279,-1.1344,-0.8290,-1.3257,0.7461
svaneti_14.tif,test,svaneti,0.3013,-1.6419,-1.3203,2.5392,0.2113,0.0668,0.2003,-0.4746,0.2671,0.9430,-2.0525
chisinau_48.tif,test,chisinau,0.1767,0.5040,-1.0814,-3.6578,-4.0606,3.0833,-1.8647,-0.2518,-0.8118,1.7171,-0.3953
coxsbazar_16.tif,test,coxsbazar,0.2586,-6.2572,1.3765,3.0860,0.3706,-2.3128,-1.9321,-1.6402,-2.3926,-0.7899,-0.2468
dhaka_5.tif,test,dhaka,0.2878,0.2129,-0.8027,-0.5769,-1.1869,0.5645,-0.1031,0.2617,1.7899,1.1053,1.8520
kyoto_14.tif,test,kyoto,0.4129,2.2116,1.7709,1.8829,-1.0721,-0.5438,-0.0477,0.4369,2.2129,-0.5815,1.2113
lima_37.tif,test,lima,0.5808,2.8227,5.8980,0.6035,1.1871,0.5098,1.1122,1.8264,0.9345,-1.7394,-1.9822
malopolskie_34.tif,test,malopolskie,0.1022,-3.4203,-3.5204,-2.8052,0.6424,-3.1525,-0.0328,2.6162,-1.3744,1.9008,-0.5459
accra_59.tif,test,accra,0.1834,-2.6177,-2.5172,-3.9125,2.6219,3.8684,0.3559,-1.1936,1.2838,0.3945,0.8346
coxsbazar_7.tif,test,coxsbazar,0.4032,-5.7073,0.8136,-1.4185,0.2043,-0.4824,-1.3403,0.8286,1.6132,1.7022,0.7504
