filename,split,region,noise_ratio,dominant_error,tsne_x,tsne_y
svaneti_60.tif,train,svaneti,0.1208,Tree,-22.3606,16.9401
kagera_31.tif,train,kagera,0.3736,Developed,-29.1927,4.2341
ica_35.tif,train,ica,0.2972,Water,33.2125,22.7917
lohur_24.tif,train,lohur,0.2058,Tree,-41.7629,-0.5738
daressalaam_72.tif,train,daressalaam,0.2233,Agriculture,-14.9587,-11.8362
tonga_32.tif,train,tonga,0.3401,Rangeland,3.8829,31.2475
lodzkie_9.tif,train,lodzkie,0.2655,Rangeland,-44.9607,-26.9659
western_24.tif,train,western,0.7414,Water,-18.5203,26.7218
aachen_56.tif,train,aachen,0.3376,Rangeland,19.1554,-7.1969
ica_12.tif,train,ica,0.3194,Agriculture,-16.1589,15.3321
malopolskie_19.tif,train,malopolskie,0.2988,Rangeland,-38.5896,-23.4413
mahe_31.tif,train,mahe,0.2288,Rangeland,34.9392,-6.3409
accra_57.tif,train,accra,0.4203,Developed,-25.0904,16.9611
paris_52.tif,train,paris,0.4742,Water,20.5497,-0.3687
kampala_5.tif,train,kampala,0.2461,Water,21.7374,9.5453
shanghai_25.tif,train,shanghai,0.3968,Tree,62.9407,-1.7308
vegas_44.tif,train,vegas,0.3537,Road,38.0596,3.9232
duesseldorf_55.tif,train,duesseldorf,0.3274,Water,-25.9325,-20.2891
kagera_57.tif,train,kagera,0.3316,Developed,-22.7443,-8.8596
bielefeld_43.tif,train,bielefeld,0.3291,Water,9.5518,9.5187
paris_11.tif,train,paris,0.4466,Rangeland,21.6519,-2.6165
mahe_12.tif,train,mahe,0.3279,Bareland,-12.1176,44.8029
chisinau_56.tif,train,chisinau,0.1941,Water,24.9333,20.9668
ulaanbaatar_43.tif,train,ulaanbaatar,0.4578,Bareland,5.1601,22.3316
lodzkie_17.tif,train,lodzkie,0.2820,Developed,-47.4789,-26.6545
kagera_30.tif,train,kagera,0.3861,Water,-22.1034,-14.3783
zachodniopomorskie_8.tif,train,zachodniopomorskie,0.0865,Road,-18.0510,48.3936
slaskie_36.tif,train,slaskie,0.1182,Developed,-2.5468,31.0460
santiago_41.tif,train,santiago,0.3409,Rangeland,45.8620,5.2224
lubuskie_5.tif,train,lubuskie,0.2205,Developed,-17.5358,5.6320
vienna_70.tif,train,vienna,0.2630,Rangeland,40.1173,-12.3765
tokyo_49.tif,train,tokyo,0.3134,Road,-1.3587,-39.5331
sechura_32.tif,train,sechura,0.4300,Bareland,7.2941,34.7621
kyoto_63.tif,train,kyoto,0.4087,Water,-5.1520,-35.3984
austin_43.tif,train,austin,0.3601,Water,7.7994,14.4668
lima_46.tif,train,lima,0.6085,Tree,-5.9118,16.3577
malopolskie_30.tif,train,malopolskie,0.2264,Water,-46.4386,-7.0079
wielkopolskie_22.tif,train,wielkopolskie,0.2151,Water,8.5733,29.2462
vienna_13.tif,train,vienna,0.1783,Rangeland,43.9754,-7.8607
monrovia_38.tif,train,monrovia,0.2950,Rangeland,47.7500,-13.9712
zanzibar_27.tif,train,zanzibar,0.2991,Developed,-28.8067,5.9175
muenster_7.tif,train,muenster,0.1687,Road,-41.0840,-14.8841
monrovia_22.tif,train,monrovia,0.2852,Water,-12.1135,31.4571
aachen_4.tif,train,aachen,0.2216,Bareland,13.0364,21.1158
zanzibar_130.tif,train,zanzibar,0.1582,Road,7.5089,-11.5854
dowa_10.tif,train,dowa,0.2229,Water,29.7323,23.4825
tokyo_70.tif,train,tokyo,0.4086,Water,-0.6533,-35.3966
muenster_5.tif,train,muenster,0.3118,Water,13.9000,9.2165
shanghai_29.tif,train,shanghai,0.3314,Tree,51.2447,15.7606
slaskie_17.tif,train,slaskie,0.0524,Building,-25.4803,9.9049
tyrolw_60.tif,train,tyrolw,0.1318,Rangeland,-29.7184,-30.8419
muenster_62.tif,train,muenster,0.1922,Water,-39.6408,-3.3535
ulaanbaatar_3.tif,train,ulaanbaatar,0.4019,Bareland,5.4186,22.7720
duesseldorf_11.tif,train,duesseldorf,0.3653,Rangeland,37.2106,-3.3621
kitsap_27.tif,train,kitsap,0.3218,Rangeland,38.3522,8.8606
ica_19.tif,train,ica,0.2599,Rangeland,6.6772,42.4535
christchurch_3.tif,train,christchurch,0.0436,Developed,6.7047,-4.3172
sechura_21.tif,train,sechura,0.3151,Rangeland,-22.9027,28.7656
lohur_5.tif,train,lohur,0.2460,Tree,-34.8247,-26.4118
baybay_66.tif,train,baybay,0.3222,Water,-16.4623,-24.0714
piura_31.tif,train,piura,0.2536,Water,26.0483,22.3632
shanghai_30.tif,train,shanghai,0.4349,Tree,14.1414,-13.7505
shanghai_32.tif,train,shanghai,0.4008,Water,17.5647,36.9576
mahe_40.tif,train,mahe,0.0889,Bareland,-11.2789,45.9327
tokyo_29.tif,train,tokyo,0.4560,Tree,41.7011,8.0257
chincha_5.tif,train,chincha,0.3189,Water,-11.9368,-38.8339
mahe_44.tif,train,mahe,0.2322,Bareland,9.8735,26.7491
abancay_22.tif,train,abancay,0.2756,Developed,41.0333,-8.1197
tokyo_17.tif,train,tokyo,0.3530,Road,-1.0801,-39.8514
malopolskie_33.tif,train,malopolskie,0.5176,Bareland,-45.4327,3.9907
ulaanbaatar_36.tif,train,ulaanbaatar,0.4362,Tree,31.5326,2.3797
kyoto_59.tif,train,kyoto,0.3446,Water,-4.0511,-34.9679
tyrolw_38.tif,train,tyrolw,0.0633,Rangeland,-41.4802,-27.0224
shanghai_52.tif,train,shanghai,0.4486,Rangeland,25.5430,-0.4091
koeln_33.tif,train,koeln,0.3485,Rangeland,38.2613,-14.9399
aachen_31.tif,train,aachen,0.3838,Water,17.7354,22.7295
tokyo_44.tif,train,tokyo,0.4672,Water,-1.1507,-35.3909
kitsap_29.tif,train,kitsap,0.0489,Developed,-36.6423,13.1988
santiago_18.tif,train,santiago,0.3522,Water,24.2795,26.9554
zanzibar_18.tif,train,zanzibar,0.2943,Developed,-23.0214,-0.6278
ngaoundere_69.tif,train,ngaoundere,0.3674,Agriculture,-13.2245,-19.4414
chiclayo_7.tif,train,chiclayo,0.4575,Water,-22.8314,27.9639
duesseldorf_22.tif,train,duesseldorf,0.3342,Road,-1.6496,41.7239
muenster_70.tif,train,muenster,0.0540,Water,-45.3820,-12.4030
christchurch_47.tif,train,christchurch,0.1561,Water,-42.9600,-9.1428
muenster_63.tif,train,muenster,0.2204,Road,-55.0665,-1.1307
vegas_23.tif,train,vegas,0.3333,Water,35.3384,18.4457
tyrolw_21.tif,train,tyrolw,0.3253,Water,18.2979,22.2117
abancay_15.tif,train,abancay,0.2890,Water,26.5047,23.1917
ngaoundere_40.tif,train,ngaoundere,0.3752,Bareland,-3.7777,-14.0694
tokyo_39.tif,train,tokyo,0.3170,Road,32.1780,-9.5534
baybay_47.tif,train,baybay,0.0830,Developed,-40.9944,-16.9058
swietokrzyskie_39.tif,train,swietokrzyskie,0.1133,Developed,-47.8339,-18.4157
shanghai_45.tif,train,shanghai,0.5789,Building,43.8511,11.5828
duesseldorf_48.tif,train,duesseldorf,0.2774,Bareland,28.0876,4.6472
chiclayo_16.tif,train,chiclayo,0.3705,Building,-54.5630,-7.2718
bielefeld_49.tif,train,bielefeld,0.3855,Developed,-16.5725,4.2727
ica_27.tif,train,ica,0.5377,Bareland,-9.1183,13.7270
lodzkie_15.tif,train,lodzkie,0.2747,Bareland,-34.2064,-18.5409
zanzibar_75.tif,train,zanzibar,0.6268,Bareland,-15.5933,24.0506
western_6.tif,train,western,0.7628,Bareland,-16.7427,23.0399
zanzibar_22.tif,train,zanzibar,0.3147,Developed,-28.6783,6.8274
sechura_5.tif,train,sechura,0.2433,Rangeland,50.0980,-4.0235
chisinau_28.tif,train,chisinau,0.2564,Rangeland,48.5883,-12.7576
rosario_9.tif,train,rosario,0.3528,Water,-28.0597,-20.8641
zanzibar_54.tif,train,zanzibar,0.2412,Rangeland,-26.5472,13.2324
melbourne_60.tif,train,melbourne,0.2738,Road,32.9282,-11.5497
svaneti_50.tif,train,svaneti,0.4089,Agriculture,-19.1648,-5.5947
dortmund_60.tif,train,dortmund,0.2581,Water,11.8269,11.3072
malopolskie_26.tif,train,malopolskie,0.1559,Road,-43.3763,-3.0547
duesseldorf_40.tif,train,duesseldorf,0.3056,Developed,-26.7605,-6.0314
lodzkie_14.tif,train,lodzkie,0.2100,Developed,-36.2317,-13.4238
rotterdam_45.tif,train,rotterdam,0.3335,Tree,29.1081,-2.6887
abancay_29.tif,train,abancay,0.3978,Agriculture,-14.1644,-17.8122
kyoto_16.tif,train,kyoto,0.4241,Water,-6.1565,-6.2365
piura_3.tif,train,piura,0.3291,Bareland,0.0115,-10.3110
coxsbazar_21.tif,train,coxsbazar,0.2973,Road,-45.9866,-5.7475
ulaanbaatar_6.tif,train,ulaanbaatar,0.4730,Agriculture,23.0177,-13.9627
chisinau_6.tif,train,chisinau,0.2218,Rangeland,49.1514,-6.1651
zanzibar_78.tif,train,zanzibar,0.3758,Bareland,11.1274,-14.2452
sechura_3.tif,train,sechura,0.1928,Rangeland,55.3389,-7.4656
rio_32.tif,train,rio,0.3132,Developed,-15.9595,3.2691
coxsbazar_71.tif,train,coxsbazar,0.1271,Developed,-26.9584,-9.2862
chincha_48.tif,train,chincha,0.2410,Water,25.7195,16.5735
zanzibar_26.tif,train,zanzibar,0.2895,Developed,-22.4807,0.2874
aachen_37.tif,train,aachen,0.2079,Tree,-36.0277,-23.0294
zanzibar_131.tif,train,zanzibar,0.2148,Bareland,6.5497,-10.3145
zanzibar_85.tif,train,zanzibar,0.5075,Road,9.1711,-17.0773
viru_33.tif,train,viru,0.1364,Rangeland,-43.0109,-26.3172
zanzibar_118.tif,train,zanzibar,0.2235,Road,8.8551,-12.7040
kyoto_37.tif,train,kyoto,0.1582,Agriculture,-40.1462,11.4584
ica_34.tif,train,ica,0.2496,Rangeland,48.7318,-2.4133
rotterdam_9.tif,train,rotterdam,0.4768,Water,22.1364,27.3989
viru_21.tif,train,viru,0.2442,Water,-15.2684,-38.8631
abancay_50.tif,train,abancay,0.3137,Tree,21.8788,-9.4536
tokyo_20.tif,train,tokyo,0.3953,Agriculture,1.3106,-37.2457
khartoum_20.tif,train,khartoum,0.4035,Developed,59.2005,9.7114
melbourne_25.tif,train,melbourne,0.3000,Tree,27.1520,-9.1114
muenster_14.tif,train,muenster,0.3034,Water,14.1776,9.6283
swietokrzyskie_23.tif,train,swietokrzyskie,0.2353,Water,-40.4779,-19.9981
lohur_34.tif,train,lohur,0.2780,Water,-46.1038,-20.5029
baybay_58.tif,train,baybay,0.3054,Rangeland,-23.2491,8.0076
paris_38.tif,train,paris,0.4318,Tree,13.8013,-13.9290
khartoum_21.tif,train,khartoum,0.6728,Road,-8.8223,19.8849
svaneti_45.tif,train,svaneti,0.5063,Agriculture,-17.5534,-14.3522
paris_70.tif,train,paris,0.4867,Tree,21.3424,-2.6259
chisinau_66.tif,train,chisinau,0.2972,Rangeland,42.2777,-19.5001
kitsap_26.tif,train,kitsap,0.3207,Rangeland,38.1124,9.1250
aachen_21.tif,train,aachen,0.3472,Rangeland,-18.0963,-18.6780
coxsbazar_54.tif,train,coxsbazar,0.1188,Developed,-35.5758,11.5877
sechura_31.tif,train,sechura,0.3690,Bareland,29.4636,5.8858
pomorskie_32.tif,train,pomorskie,0.2407,Tree,-30.8382,27.9748
rio_12.tif,train,rio,0.3526,Rangeland,42.7205,4.5418
pisco_33.tif,train,pisco,0.6909,Agriculture,-18.0348,23.0404
kitsap_14.tif,train,kitsap,0.2803,Water,16.6236,12.9276
bielefeld_56.tif,train,bielefeld,0.3694,Developed,-15.8928,3.8197
melbourne_34.tif,train,melbourne,0.3383,Water,28.3979,13.6538
tokyo_31.tif,train,tokyo,0.5459,Tree,42.2777,8.5509
chincha_18.tif,train,chincha,0.2031,Water,25.6460,8.9201
kyoto_35.tif,train,kyoto,0.2292,Water,-39.2839,5.0478
ngaoundere_3.tif,train,ngaoundere,0.4196,Bareland,-2.3402,-12.1251
monrovia_51.tif,train,monrovia,0.2708,Water,22.7696,9.2232
tonga_62.tif,train,tonga,0.3722,Water,4.4695,26.1277
bielefeld_34.tif,train,bielefeld,0.3748,Water,-20.6493,-6.6645
tonga_65.tif,train,tonga,0.2511,Bareland,-16.4821,39.8034
rotterdam_31.tif,train,rotterdam,0.3866,Developed,4.5811,47.2557
zanzibar_111.tif,train,zanzibar,0.7883,Bareland,-10.4078,25.7170
kagera_27.tif,train,kagera,0.5156,Rangeland,-27.6417,-1.6085
tonga_47.tif,train,tonga,0.3069,Tree,19.4472,-10.1075
baybay_36.tif,train,baybay,0.1706,Rangeland,-26.9238,-10.1774
santiago_70.tif,train,santiago,0.3341,Water,0.1835,12.4411
christchurch_5.tif,train,christchurch,0.3386,Water,8.4783,13.9262
christchurch_64.tif,train,christchurch,0.3102,Bareland,-6.3130,47.8933
swietokrzyskie_26.tif,train,swietokrzyskie,0.0627,Building,-56.4339,-6.7223
accra_43.tif,train,accra,0.2176,Tree,9.9912,-8.1046
dhaka_46.tif,train,dhaka,0.2223,Developed,0.2049,48.0308
ulaanbaatar_46.tif,train,ulaanbaatar,0.4187,Rangeland,33.2782,-0.7062
dowa_15.tif,train,dowa,0.2639,Rangeland,-9.6588,-43.5938
baybay_7.tif,train,baybay,0.1901,Building,-29.4517,-10.0756
baybay_39.tif,train,baybay,0.0547,Developed,-51.6306,-13.8949
zanzibar_17.tif,train,zanzibar,0.3252,Building,-20.9234,11.9418
zanzibar_113.tif,train,zanzibar,0.7650,Bareland,-10.3815,25.2167
chisinau_59.tif,train,chisinau,0.2229,Rangeland,47.4373,-11.1523
viru_5.tif,train,viru,0.2502,Rangeland,44.6259,-2.7175
paris_50.tif,train,paris,0.5144,Rangeland,23.3718,-0.9888
piura_25.tif,train,piura,0.4204,Water,-46.0611,-7.6931
shanghai_7.tif,train,shanghai,0.3596,Rangeland,40.4962,5.9782
chiclayo_28.tif,train,chiclayo,0.1689,Rangeland,-43.6138,-1.2264
tyrolw_61.tif,train,tyrolw,0.2018,Water,-37.8283,-26.5951
aachen_30.tif,train,aachen,0.2740,Water,11.6052,10.7377
daressalaam_94.tif,train,daressalaam,0.2132,Water,21.0893,17.5489
kagera_15.tif,train,kagera,0.3818,Agriculture,-27.7303,-3.9790
kitsap_39.tif,train,kitsap,0.2935,Water,7.3079,13.1641
christchurch_50.tif,train,christchurch,0.1629,Water,8.4343,-1.6084
vegas_19.tif,train,vegas,0.1121,Rangeland,60.5970,-5.8122
chisinau_40.tif,train,chisinau,0.2185,Rangeland,48.2307,-9.9609
malopolskie_1.tif,train,malopolskie,0.0702,Tree,-3.4215,31.8196
wielkopolskie_26.tif,train,wielkopolskie,0.2445,Tree,-36.2710,-24.2503
bielefeld_42.tif,train,bielefeld,0.2380,Water,10.6532,-0.3610
kampala_6.tif,train,kampala,0.2401,Rangeland,39.8107,-9.5778
podkarpackie_7.tif,train,podkarpackie,0.0754,Building,-56.4972,-6.5490
shanghai_40.tif,train,shanghai,0.4691,Bareland,20.5129,1.9562
muenster_68.tif,train,muenster,0.1309,Rangeland,-40.2031,-16.6384
maputo_14.tif,train,maputo,0.2832,Water,23.1532,16.7096
aachen_64.tif,train,aachen,0.3364,Water,-33.1407,-22.0931
baybay_8.tif,train,baybay,0.1725,Rangeland,-27.1476,-10.4351
kagera_36.tif,train,kagera,0.4034,Developed,-19.4023,-10.4041
baybay_13.tif,train,baybay,0.2414,Rangeland,-25.8845,-9.1096
shanghai_28.tif,train,shanghai,0.4469,Tree,41.3049,8.5057
kagera_66.tif,train,kagera,0.2261,Agriculture,-15.2999,-10.6215
svaneti_54.tif,train,svaneti,0.3607,Developed,-43.6211,-15.5298
austin_45.tif,train,austin,0.2228,Bareland,35.3030,10.1387
baybay_2.tif,train,baybay,0.2637,Agriculture,-1.7080,-24.8159
pomorskie_38.tif,train,pomorskie,0.2200,Road,-24.6754,-5.4689
bogota_3.tif,train,bogota,0.2450,Rangeland,42.2072,-12.3280
ica_9.tif,train,ica,0.2985,Rangeland,42.3297,1.0224
piura_45.tif,train,piura,0.3459,Bareland,-4.0236,48.1848
zanzibar_19.tif,train,zanzibar,0.2925,Developed,-30.4128,4.3500
monrovia_57.tif,train,monrovia,0.3328,Bareland,-16.0402,-2.1616
lubuskie_7.tif,train,lubuskie,0.1889,Building,-23.2962,42.0167
accra_65.tif,train,accra,0.2425,Developed,11.5320,-6.0773
kitsap_15.tif,train,kitsap,0.2301,Developed,11.9444,-4.5673
pomorskie_24.tif,train,pomorskie,0.0866,Developed,-16.0693,47.4305
monrovia_34.tif,train,monrovia,0.3476,Agriculture,-9.8857,-21.7280
pomorskie_18.tif,train,pomorskie,0.2983,Agriculture,-40.8163,11.4267
abancay_37.tif,train,abancay,0.3140,Water,-19.0024,-23.2356
chicago_27.tif,train,chicago,0.2973,Bareland,34.3644,10.2904
zanzibar_44.tif,train,zanzibar,0.3244,Rangeland,-23.3386,7.3286
duesseldorf_7.tif,train,duesseldorf,0.1454,Water,-41.2436,-20.6796
daressalaam_73.tif,train,daressalaam,0.2745,Agriculture,-12.0994,-19.1701
koeln_59.tif,train,koeln,0.2378,Agriculture,-9.0511,41.4322
western_15.tif,train,western,0.5515,Building,-13.7701,26.3991
rio_10.tif,train,rio,0.2505,Tree,58.8317,0.1822
slaskie_14.tif,train,slaskie,0.1619,Water,8.1008,0.7905
daressalaam_23.tif,train,daressalaam,0.3570,Water,22.3480,24.1526
bielefeld_53.tif,train,bielefeld,0.2695,Road,29.9867,-6.5249
podkarpackie_14.tif,train,podkarpackie,0.2043,Water,-39.9752,-9.0113
slaskie_12.tif,train,slaskie,0.2791,Bareland,-30.6214,0.8839
wielkopolskie_33.tif,train,wielkopolskie,0.2940,Tree,-14.9813,-18.9797
piura_36.tif,train,piura,0.2837,Water,-52.1955,-19.6684
rotterdam_25.tif,train,rotterdam,0.3799,Water,15.8370,38.1928
aachen_10.tif,train,aachen,0.1348,Water,-43.6749,-20.4160
baybay_26.tif,train,baybay,0.1390,Bareland,-15.9225,37.9981
kagera_24.tif,train,kagera,0.3581,Bareland,-14.1501,-0.1609
melbourne_20.tif,train,melbourne,0.3535,Water,27.6995,27.7025
tokyo_52.tif,train,tokyo,0.3789,Bareland,-37.9434,-31.4038
kagera_7.tif,train,kagera,0.4419,Bareland,-13.3740,-1.7032
shanghai_60.tif,train,shanghai,0.4654,Tree,29.0638,-2.3323
chicago_25.tif,train,chicago,0.2842,Water,26.0776,22.4409
chiclayo_12.tif,train,chiclayo,0.1651,Water,-41.2449,-19.6359
chicago_46.tif,train,chicago,0.3592,Bareland,29.0796,5.3295
daressalaam_121.tif,train,daressalaam,0.2830,Agriculture,-9.0904,-22.8065
pisco_31.tif,train,pisco,0.4631,Bareland,-23.1535,25.3656
melbourne_45.tif,train,melbourne,0.3259,Water,25.8299,25.8765
chisinau_29.tif,train,chisinau,0.2476,Rangeland,48.8598,-9.3090
khartoum_19.tif,train,khartoum,0.3819,Rangeland,59.5647,3.5616
daressalaam_38.tif,train,daressalaam,0.3326,Water,16.4927,23.6694
pisco_50.tif,train,pisco,0.2457,Road,8.0562,44.5254
dolnoslaskie_11.tif,train,dolnoslaskie,0.2252,Developed,-35.0893,-16.9987
baybay_4.tif,train,baybay,0.1140,Rangeland,-40.5739,-15.6658
koeln_1.tif,train,koeln,0.2577,Developed,-28.2910,-13.0526
austin_1.tif,train,austin,0.1396,Bareland,-4.1957,30.2479
chicago_48.tif,train,chicago,0.1884,Water,22.3441,8.5903
sechura_15.tif,train,sechura,0.2290,Bareland,-5.4634,50.0659
christchurch_24.tif,train,christchurch,0.4315,Agriculture,-32.9870,24.9421
lambayeque_9.tif,train,lambayeque,0.1905,Rangeland,50.2316,-1.6857
santiago_2.tif,train,santiago,0.3300,Rangeland,43.0158,3.4177
lodzkie_6.tif,train,lodzkie,0.1651,Rangeland,-54.7309,-16.2030
bielefeld_39.tif,train,bielefeld,0.3337,Water,-23.8927,-15.9564
aachen_47.tif,train,aachen,0.3120,Water,-46.3304,-22.5090
kagera_39.tif,train,kagera,0.2979,Developed,-29.1571,-5.9627
wielkopolskie_16.tif,train,wielkopolskie,0.3108,Road,-14.3882,-20.3705
daressalaam_54.tif,train,daressalaam,0.3664,Water,36.1171,27.4277
lohur_40.tif,train,lohur,0.1686,Road,-40.2008,-26.2660
ngaoundere_55.tif,train,ngaoundere,0.5233,Rangeland,-0.9475,-12.6649
swietokrzyskie_1.tif,train,swietokrzyskie,0.1555,Developed,-57.2476,-7.4546
vegas_31.tif,train,vegas,0.8609,Bareland,-10.3080,17.5481
swietokrzyskie_18.tif,train,swietokrzyskie,0.2613,Water,-50.1751,-22.9732
chicago_42.tif,train,chicago,0.3181,Bareland,12.2114,20.2579
muenster_27.tif,train,muenster,0.2048,Agriculture,-8.7633,39.9311
tonga_8.tif,train,tonga,0.3858,Tree,-3.8303,44.1858
dortmund_53.tif,train,dortmund,0.2141,Water,-27.7996,-17.6808
muenster_4.tif,train,muenster,0.2102,Water,-46.3061,-13.4057
viru_37.tif,train,viru,0.3260,Water,-47.2174,-22.3968
piura_14.tif,train,piura,0.4350,Bareland,-4.8151,-9.9842
chicago_45.tif,train,chicago,0.3034,Rangeland,40.8647,-0.8252
malopolskie_23.tif,train,malopolskie,0.2024,Road,-20.7562,8.5038
tonga_9.tif,train,tonga,0.2918,Tree,19.9377,-9.1015
rotterdam_43.tif,train,rotterdam,0.3470,Bareland,6.5696,39.9392
viru_40.tif,train,viru,0.2728,Water,-21.3980,29.4012
swietokrzyskie_35.tif,train,swietokrzyskie,0.0417,Tree,-46.2262,-25.9593
koeln_37.tif,train,koeln,0.2732,Water,-20.1353,-25.0571
tyrolw_65.tif,train,tyrolw,0.2446,Bareland,-26.3932,-15.1361
piura_47.tif,train,piura,0.2100,Rangeland,48.2853,-1.6643
duesseldorf_65.tif,train,duesseldorf,0.2833,Bareland,-42.4703,-6.2632
mazowieckie_18.tif,train,mazowieckie,0.2676,Developed,-44.4641,-15.9802
kitsap_9.tif,train,kitsap,0.2392,Rangeland,35.8933,8.4317
chicago_34.tif,train,chicago,0.2616,Rangeland,51.7402,6.9188
bielefeld_29.tif,train,bielefeld,0.4428,Rangeland,-24.5962,-9.2771
piura_13.tif,train,piura,0.6470,Water,-18.1537,26.1466
muenster_13.tif,train,muenster,0.2532,Road,39.3433,-14.1825
viru_16.tif,train,viru,0.4452,Rangeland,-6.3434,-40.0053
coxsbazar_28.tif,train,coxsbazar,0.2052,Water,-25.7110,16.3940
tyrolw_43.tif,train,tyrolw,0.1777,Road,-32.1421,-28.0674
pointenoire_1.tif,train,pointenoire,0.2190,Rangeland,53.0673,6.0956
coxsbazar_78.tif,train,coxsbazar,0.2321,Bareland,-37.7690,8.7451
monrovia_36.tif,train,monrovia,0.4059,Agriculture,-8.6340,-4.3984
dhaka_31.tif,train,dhaka,0.1117,Road,-13.9632,47.2044
paris_67.tif,train,paris,0.8581,Tree,15.6505,-15.0906
rotterdam_44.tif,train,rotterdam,0.3677,Road,33.9196,-16.4881
lambayeque_7.tif,train,lambayeque,0.1751,Rangeland,52.1314,-4.5788
vienna_18.tif,train,vienna,0.2239,Rangeland,44.4454,-8.7364
bogota_2.tif,train,bogota,0.2689,Rangeland,51.8414,-0.6930
austin_21.tif,train,austin,0.1670,Road,41.0556,-5.7310
christchurch_45.tif,train,christchurch,0.1412,Developed,-2.4839,31.0896
kyoto_53.tif,train,kyoto,0.5125,Bareland,-5.4436,-8.4154
kyoto_64.tif,train,kyoto,0.3772,Agriculture,-4.1734,-39.9096
mahe_4.tif,train,mahe,0.3280,Bareland,-12.3984,35.3767
paris_61.tif,train,paris,0.3997,Tree,22.2872,-5.3222
khartoum_44.tif,train,khartoum,0.4433,Road,34.5673,-15.4094
chisinau_26.tif,train,chisinau,0.2319,Rangeland,45.9628,-12.4012
lambayeque_10.tif,train,lambayeque,0.2020,Water,25.7947,21.4464
paris_4.tif,train,paris,0.5619,Developed,17.4228,-0.0741
dortmund_38.tif,train,dortmund,0.2949,Water,-24.1547,-13.9926
ngaoundere_25.tif,train,ngaoundere,0.2599,Bareland,-7.7697,-15.6121
rio_56.tif,train,rio,0.2330,Road,47.4400,12.4414
lodzkie_3.tif,train,lodzkie,0.2593,Road,-49.8005,-28.7069
slaskie_23.tif,train,slaskie,0.1457,Developed,-13.8026,-7.8186
dhaka_56.tif,train,dhaka,0.2220,Bareland,-1.6887,48.2239
chisinau_41.tif,train,chisinau,0.2310,Rangeland,44.7471,-10.4956
chiclayo_20.tif,train,chiclayo,0.0947,Water,-19.8302,29.7940
shanghai_43.tif,train,shanghai,0.4336,Rangeland,-36.5867,-29.8006
kagera_51.tif,train,kagera,0.4073,Developed,-21.8677,-9.1932
mazowieckie_26.tif,train,mazowieckie,0.0480,Building,-53.7602,-14.1329
lambayeque_27.tif,train,lambayeque,0.2632,Road,-51.9956,-1.0718
ica_45.tif,train,ica,0.5354,Bareland,-8.0076,15.1350
kagera_41.tif,train,kagera,0.4377,Developed,-25.8715,-0.7817
austin_10.tif,train,austin,0.2457,Rangeland,-2.3322,41.4991
kagera_56.tif,train,kagera,0.3531,Developed,-25.6575,-1.0125
malopolskie_16.tif,train,malopolskie,0.1388,Developed,-43.3368,-17.0919
lima_41.tif,train,lima,0.7565,Bareland,-8.7539,18.3369
lambayeque_14.tif,train,lambayeque,0.2985,Rangeland,47.2032,-0.1184
podlaskie_3.tif,train,podlaskie,0.2575,Tree,-54.4017,-15.8417
pisco_27.tif,train,pisco,0.4586,Bareland,-9.4363,-32.6323
svaneti_66.tif,train,svaneti,0.0998,Developed,8.8540,-13.8827
lima_1.tif,train,lima,0.3259,Bareland,-1.3054,-18.3483
dortmund_1.tif,train,dortmund,0.2069,Water,-31.1915,-19.1655
mahe_52.tif,train,mahe,0.2063,Water,5.5138,10.3350
dhaka_37.tif,train,dhaka,0.2273,Road,-1.9065,46.1245
chisinau_45.tif,train,chisinau,0.2351,Rangeland,42.9344,-16.1936
daressalaam_70.tif,train,daressalaam,0.3519,Rangeland,55.0484,3.4365
mahe_61.tif,train,mahe,0.1690,Water,1.9882,8.0172
chicago_6.tif,train,chicago,0.3306,Water,28.7789,13.5395
warminsko-mazurskie_8.tif,train,warminsko-mazurskie,0.4660,Road,-47.7907,2.7304
pisco_37.tif,train,pisco,0.5499,Bareland,-23.3084,24.1392
ica_42.tif,train,ica,0.4064,Bareland,-8.7525,-35.2039
lohur_16.tif,train,lohur,0.3857,Water,-4.6911,-5.2162
daressalaam_79.tif,train,daressalaam,0.2036,Water,23.3475,18.8225
wielkopolskie_6.tif,train,wielkopolskie,0.0539,Tree,-46.6956,-26.2317
khartoum_25.tif,train,khartoum,0.3621,Bareland,40.3316,18.7707
chisinau_67.tif,train,chisinau,0.2806,Building,36.3640,6.5767
christchurch_67.tif,train,christchurch,0.0910,Building,-14.7946,49.4535
shanghai_44.tif,train,shanghai,0.4966,Road,-5.1523,-1.1499
lubuskie_10.tif,train,lubuskie,0.4724,Developed,-9.7975,4.2129
vienna_8.tif,train,vienna,0.2627,Building,30.2170,-13.4032
ulaanbaatar_44.tif,train,ulaanbaatar,0.3227,Rangeland,7.4633,23.7977
daressalaam_5.tif,train,daressalaam,0.1702,Bareland,-13.1214,45.9492
chisinau_5.tif,train,chisinau,0.1763,Rangeland,-2.6650,-43.7589
ica_40.tif,train,ica,0.5162,Bareland,-12.8909,13.2103
coxsbazar_64.tif,train,coxsbazar,0.1992,Water,-38.8558,-4.7194
khartoum_65.tif,train,khartoum,0.4031,Rangeland,60.4640,2.3916
accra_11.tif,train,accra,0.5061,Tree,55.9988,10.2128
tyrolw_4.tif,train,tyrolw,0.2672,Bareland,-43.6416,6.0435
chiclayo_50.tif,train,chiclayo,0.1250,Tree,-47.8298,-24.6175
pisco_9.tif,train,pisco,0.4218,Building,-53.1567,-8.1911
baybay_48.tif,train,baybay,0.1417,Rangeland,-38.1745,-18.3486
accra_16.tif,train,accra,0.2633,Road,34.0492,-11.0446
monrovia_19.tif,train,monrovia,0.2363,Rangeland,44.7232,-9.0005
rio_46.tif,train,rio,0.3410,Road,46.8382,11.0241
daressalaam_76.tif,train,daressalaam,0.2050,Developed,-0.6652,46.8998
tokyo_42.tif,train,tokyo,0.3869,Bareland,-2.3461,-17.3091
dolnoslaskie_37.tif,train,dolnoslaskie,0.1830,Developed,-17.6655,44.3281
bielefeld_32.tif,train,bielefeld,0.3429,Rangeland,-18.9987,-19.0637
shanghai_6.tif,train,shanghai,0.4750,Rangeland,58.6391,3.3390
pomorskie_8.tif,train,pomorskie,0.2310,Water,-46.4577,-9.1513
slaskie_13.tif,train,slaskie,0.2497,Agriculture,-16.8169,-19.1500
vienna_10.tif,train,vienna,0.0696,Road,-15.4360,48.2036
zanzibar_3.tif,train,zanzibar,0.3700,Road,-19.8739,5.8114
vienna_56.tif,train,vienna,0.2443,Water,22.8634,15.9169
kagera_1.tif,train,kagera,0.3706,Developed,-25.5808,-0.6305
sechura_35.tif,train,sechura,0.1987,Rangeland,55.5809,-7.9517
dortmund_24.tif,train,dortmund,0.2917,Water,-14.3726,-24.0426
lambayeque_33.tif,train,lambayeque,0.2962,Rangeland,-10.1639,-43.7847
sechura_19.tif,train,sechura,0.2598,Bareland,-5.7307,49.1238
santiago_34.tif,train,santiago,0.4694,Water,22.2279,28.5742
zanzibar_144.tif,train,zanzibar,0.3239,Bareland,4.2224,4.7247
vienna_12.tif,train,vienna,0.2503,Water,13.2088,13.5560
wielkopolskie_19.tif,train,wielkopolskie,0.1885,Water,8.6595,0.8603
santiago_37.tif,train,santiago,0.2856,Rangeland,45.5378,2.8339
tonga_12.tif,train,tonga,0.3524,Tree,-3.2984,43.5537
melbourne_15.tif,train,melbourne,0.2736,Water,18.2276,14.0420
svaneti_6.tif,train,svaneti,0.1621,Developed,-19.7232,2.6595
ulaanbaatar_20.tif,train,ulaanbaatar,0.2837,Water,33.6034,2.3720
rotterdam_46.tif,train,rotterdam,0.4370,Building,32.3703,-16.3931
wielkopolskie_10.tif,train,wielkopolskie,0.1179,Bareland,-45.2336,-29.7085
niamey_9.tif,train,niamey,0.2766,Agriculture,-5.4171,-43.2783
dhaka_18.tif,train,dhaka,0.2337,Rangeland,1.2220,46.3501
kitsap_50.tif,train,kitsap,0.2207,Water,19.6644,8.4221
ngaoundere_49.tif,train,ngaoundere,0.4198,Agriculture,-13.9221,-18.0346
ngaoundere_38.tif,train,ngaoundere,0.4270,Bareland,-1.9642,-11.1723
lima_8.tif,train,lima,0.3206,Bareland,0.6332,-20.3336
santiago_31.tif,train,santiago,0.3593,Water,25.5995,29.0933
shanghai_57.tif,train,shanghai,0.4124,Water,26.4323,29.9054
shanghai_50.tif,train,shanghai,0.4416,Tree,-3.4937,46.2328
daressalaam_8.tif,train,daressalaam,0.2365,Bareland,7.6500,19.7359
christchurch_8.tif,train,christchurch,0.1943,Water,9.6787,-0.5850
daressalaam_39.tif,train,daressalaam,0.4070,Bareland,18.2388,24.8301
coxsbazar_3.tif,train,coxsbazar,0.3845,Water,-9.8453,-29.0213
dolnoslaskie_36.tif,train,dolnoslaskie,0.3973,Bareland,-14.2033,43.0941
lima_21.tif,train,lima,0.2361,Tree,62.9389,-2.6106
kagera_23.tif,train,kagera,0.3687,Road,-19.6422,-0.7596
muenster_32.tif,train,muenster,0.2931,Water,-8.0497,-27.3677
malopolskie_9.tif,train,malopolskie,0.0781,Tree,-43.3007,-24.6452
mahe_33.tif,train,mahe,0.2448,Bareland,25.2283,4.5421
accra_50.tif,train,accra,0.3796,Water,33.7108,4.1562
chisinau_10.tif,train,chisinau,0.1592,Tree,52.9206,-5.8776
zanzibar_137.tif,train,zanzibar,0.4690,Bareland,-0.3371,24.9587
daressalaam_83.tif,train,daressalaam,0.2120,Road,42.9639,-7.2325
chiangmai_10.tif,train,chiangmai,0.2180,Rangeland,-6.3571,40.7179
rio_48.tif,train,rio,0.3350,Rangeland,46.9779,10.2827
dolnoslaskie_23.tif,train,dolnoslaskie,0.3115,Developed,-17.5364,-10.7027
daressalaam_69.tif,train,daressalaam,0.3305,Water,22.8657,23.7347
kagera_28.tif,train,kagera,0.4826,Agriculture,-28.0836,-2.9443
chiclayo_5.tif,train,chiclayo,0.2446,Rangeland,-22.2987,30.1515
zanzibar_38.tif,train,zanzibar,0.3468,Developed,-28.9004,5.2366
bielefeld_31.tif,train,bielefeld,0.3350,Water,-26.5676,-20.2201
dhaka_60.tif,train,dhaka,0.2378,Road,1.5083,48.8479
zanzibar_1.tif,train,zanzibar,0.2033,Road,6.0097,-8.6323
chincha_24.tif,train,chincha,0.3692,Water,-11.2604,-35.0229
khartoum_39.tif,train,khartoum,0.4238,Road,64.1058,0.4928
ngaoundere_66.tif,train,ngaoundere,0.4611,Bareland,-16.1417,15.4147
tonga_63.tif,train,tonga,0.3171,Water,15.8538,7.0491
piura_26.tif,train,piura,0.3617,Rangeland,50.0599,5.6089
monrovia_37.tif,train,monrovia,0.2925,Agriculture,-0.1041,-26.3557
slaskie_2.tif,train,slaskie,0.1000,Tree,-32.6207,2.6571
bielefeld_21.tif,train,bielefeld,0.3173,Water,17.4875,21.6081
santiago_66.tif,train,santiago,0.3626,Water,1.3028,14.0380
swietokrzyskie_36.tif,train,swietokrzyskie,0.1337,Tree,-44.3822,-26.0705
lima_25.tif,train,lima,0.1121,Rangeland,-22.6199,30.3952
slaskie_6.tif,train,slaskie,0.2829,Bareland,-19.6296,43.6337
dortmund_43.tif,train,dortmund,0.1522,Road,-14.9307,6.9132
aachen_67.tif,train,aachen,0.2058,Water,-33.5230,-12.0202
santiago_22.tif,train,santiago,0.4257,Bareland,-1.1649,25.0174
ngaoundere_4.tif,train,ngaoundere,0.3722,Rangeland,-12.2669,-16.3730
mahe_9.tif,train,mahe,0.2121,Water,7.6829,29.1209
santiago_17.tif,train,santiago,0.3562,Water,9.9461,15.5608
lambayeque_48.tif,train,lambayeque,0.2925,Rangeland,45.2602,-14.7145
santiago_44.tif,train,santiago,0.3279,Bareland,8.4939,4.8302
pisco_12.tif,train,pisco,0.8196,Agriculture,-17.3592,22.6990
tokyo_51.tif,train,tokyo,0.3116,Water,-13.0897,-32.1676
ngaoundere_11.tif,train,ngaoundere,0.3227,Rangeland,-6.3171,-42.1508
slaskie_1.tif,train,slaskie,0.1924,Rangeland,-31.6047,-25.6747
svaneti_2.tif,train,svaneti,0.3806,Bareland,-11.6746,-2.0571
muenster_44.tif,train,muenster,0.1817,Water,-28.4421,-25.4501
ngaoundere_15.tif,train,ngaoundere,0.4129,Bareland,-5.7379,-14.9465
dortmund_30.tif,train,dortmund,0.2627,Water,17.7368,11.5628
daressalaam_16.tif,train,daressalaam,0.4298,Water,11.4773,22.8103
wielkopolskie_39.tif,train,wielkopolskie,0.0857,Water,-38.6422,-20.6321
tyrolw_39.tif,train,tyrolw,0.2095,Road,-29.3963,-30.6407
lohur_6.tif,train,lohur,0.1441,Water,-44.6924,-21.7822
rio_55.tif,train,rio,0.3461,Road,45.8706,11.8849
zanzibar_136.tif,train,zanzibar,0.3939,Tree,6.8777,-16.0291
chiclayo_38.tif,train,chiclayo,0.4429,Bareland,-7.0323,15.7772
kujawsko-pomorskie_13.tif,train,kujawsko-pomorskie,0.2527,Tree,14.6082,-5.1192
rio_17.tif,train,rio,0.3314,Tree,43.8426,5.7216
chisinau_35.tif,train,chisinau,0.2523,Rangeland,49.2266,-13.3641
pomorskie_34.tif,train,pomorskie,0.3581,Rangeland,-4.7497,6.8544
ica_23.tif,train,ica,0.1388,Rangeland,-43.0645,-28.6239
tokyo_33.tif,train,tokyo,0.4784,Bareland,-4.4337,-18.1958
chiclayo_37.tif,train,chiclayo,0.8212,Road,-18.8393,29.3103
santiago_29.tif,train,santiago,0.4215,Water,-0.0907,12.7601
muenster_40.tif,train,muenster,0.2728,Water,-21.0601,-26.6423
chicago_26.tif,train,chicago,0.3211,Rangeland,37.1847,11.0254
monrovia_20.tif,train,monrovia,0.2219,Road,44.5776,-15.6857
slaskie_11.tif,train,slaskie,0.4714,Agriculture,-18.8051,-15.2363
svaneti_28.tif,train,svaneti,0.3921,Bareland,-27.3804,14.8397
kyoto_49.tif,train,kyoto,0.3691,Water,-4.0899,-35.0553
rio_25.tif,train,rio,0.3475,Road,62.8509,2.7418
tyrolw_45.tif,train,tyrolw,0.2994,Water,-19.6388,-25.4675
kitsap_7.tif,train,kitsap,0.2292,Water,3.8245,9.6011
sechura_33.tif,train,sechura,0.4640,Bareland,7.5445,35.7815
shanghai_17.tif,train,shanghai,0.3610,Rangeland,-6.7488,34.4154
accra_4.tif,train,accra,0.3358,Water,25.6821,17.4056
duesseldorf_37.tif,train,duesseldorf,0.2508,Road,37.7093,-6.8810
rio_1.tif,train,rio,0.3350,Road,6.3261,-12.1415
accra_13.tif,train,accra,0.3773,Rangeland,49.2629,6.5572
dortmund_54.tif,train,dortmund,0.2809,Water,10.8291,10.1348
ulaanbaatar_17.tif,train,ulaanbaatar,0.3607,Rangeland,33.2662,1.3341
khartoum_22.tif,train,khartoum,0.4727,Bareland,56.2628,6.5205
kyoto_54.tif,train,kyoto,0.3358,Agriculture,-5.1873,-40.0437
svaneti_9.tif,train,svaneti,0.3073,Water,-14.4011,-25.0273
zanzibar_9.tif,train,zanzibar,0.2510,Developed,-31.0848,3.9256
ica_18.tif,train,ica,0.2349,Rangeland,55.8658,-9.5069
ulaanbaatar_41.tif,train,ulaanbaatar,0.4279,Rangeland,32.7617,1.1177
mazowieckie_40.tif,train,mazowieckie,0.1614,Tree,-35.4528,-24.2562
ica_8.tif,train,ica,0.3886,Bareland,29.2466,8.0010
khartoum_57.tif,train,khartoum,0.5856,Bareland,28.2894,-20.9149
coxsbazar_8.tif,train,coxsbazar,0.3153,Bareland,-30.8657,11.9891
viru_30.tif,train,viru,0.2902,Bareland,-6.0621,-39.0470
swietokrzyskie_8.tif,train,swietokrzyskie,0.2198,Developed,-30.4987,-23.8079
ica_6.tif,train,ica,0.5408,Agriculture,-12.2270,-23.7316
tonga_21.tif,train,tonga,0.3863,Rangeland,18.4930,-7.1703
shanghai_48.tif,train,shanghai,0.4101,Road,-0.1891,-40.5293
baybay_52.tif,train,baybay,0.0866,Rangeland,-42.5090,-26.9090
soriano_13.tif,train,soriano,0.2767,Water,18.4890,9.6241
shanghai_61.tif,train,shanghai,0.3363,Water,33.7198,28.7705
dortmund_14.tif,train,dortmund,0.2713,Rangeland,40.3275,-17.8819
tyrolw_48.tif,train,tyrolw,0.2956,Water,2.3036,9.9578
malopolskie_37.tif,train,malopolskie,0.1335,Rangeland,-29.4273,9.6924
mahe_27.tif,train,mahe,0.1944,Road,-7.5307,42.7485
muenster_34.tif,train,muenster,0.2483,Water,10.3221,11.6881
melbourne_54.tif,train,melbourne,0.2512,Tree,34.2670,7.5723
koeln_68.tif,train,koeln,0.2646,Water,2.7529,11.5271
zanzibar_7.tif,train,zanzibar,0.2340,Building,-20.7029,12.0744
coxsbazar_58.tif,train,coxsbazar,0.1718,Developed,-38.9472,-4.0694
shanghai_22.tif,train,shanghai,0.4043,Road,58.2796,1.2975
vienna_1.tif,train,vienna,0.2348,Rangeland,52.6791,-0.3696
vienna_68.tif,train,vienna,0.2109,Water,19.8272,16.2687
ngaoundere_45.tif,train,ngaoundere,0.4322,Water,-22.9794,27.9739
dolnoslaskie_20.tif,train,dolnoslaskie,0.4424,Water,-10.0371,4.0266
pisco_16.tif,train,pisco,0.2954,Rangeland,-48.7361,-20.3724
daressalaam_90.tif,train,daressalaam,0.2156,Rangeland,43.7088,-10.3881
monrovia_32.tif,train,monrovia,0.3149,Agriculture,-7.3207,-23.1233
slaskie_3.tif,train,slaskie,0.2582,Water,-15.4669,-12.2908
coxsbazar_29.tif,train,coxsbazar,0.1395,Developed,-22.1425,17.9737
christchurch_69.tif,train,christchurch,0.2363,Water,18.2082,10.2691
kyoto_3.tif,train,kyoto,0.3846,Bareland,-2.3701,-18.3365
tonga_66.tif,train,tonga,0.3063,Tree,6.4095,28.9591
slaskie_29.tif,train,slaskie,0.3144,Water,-13.2174,6.6627
lima_13.tif,train,lima,0.7710,Bareland,-8.8112,18.4094
vienna_43.tif,train,vienna,0.2343,Water,28.0901,20.1257
rotterdam_30.tif,train,rotterdam,0.3566,Water,15.3817,39.6303
viru_1.tif,train,viru,0.2915,Water,-17.7713,-36.6571
vegas_22.tif,train,vegas,0.3875,Water,19.8423,31.1799
lohur_19.tif,train,lohur,0.4132,Tree,-15.0340,-16.5623
kujawsko-pomorskie_4.tif,train,kujawsko-pomorskie,0.2853,Water,14.7891,-4.0366
melbourne_10.tif,train,melbourne,0.2886,Rangeland,49.7430,6.0332
kyoto_34.tif,train,kyoto,0.2843,Water,-2.8178,-22.8531
dhaka_11.tif,train,dhaka,0.2299,Rangeland,43.7474,-6.0565
shanghai_27.tif,train,shanghai,0.2975,Water,64.9438,-1.6555
austin_35.tif,train,austin,0.3175,Bareland,8.8067,18.6763
pisco_44.tif,train,pisco,0.2133,Water,7.5097,41.8387
dhaka_52.tif,train,dhaka,0.2627,Rangeland,2.3173,47.5534
lima_23.tif,train,lima,0.8064,Bareland,-9.3604,17.8185
dhaka_4.tif,train,dhaka,0.2144,Rangeland,0.9210,47.5968
tyrolw_66.tif,train,tyrolw,0.1797,Rangeland,-0.7045,6.9116
ulaanbaatar_39.tif,train,ulaanbaatar,0.4255,Rangeland,33.2886,-0.7170
zanzibar_53.tif,train,zanzibar,0.4013,Road,-18.7343,-0.0598
ngaoundere_41.tif,train,ngaoundere,0.3576,Agriculture,-32.4057,25.7290
kujawsko-pomorskie_5.tif,train,kujawsko-pomorskie,0.3569,Water,15.3639,-2.1462
rosario_12.tif,train,rosario,0.1378,Water,-11.2094,-6.2419
tokyo_6.tif,train,tokyo,0.4289,Water,0.5841,-34.7780
bielefeld_47.tif,train,bielefeld,0.2930,Rangeland,-1.7279,40.5886
swietokrzyskie_2.tif,train,swietokrzyskie,0.2410,Developed,-37.7329,-14.6937
shanghai_54.tif,train,shanghai,0.4443,Rangeland,25.4817,-1.1651
kyoto_11.tif,train,kyoto,0.4532,Agriculture,4.5237,-29.3580
bielefeld_8.tif,train,bielefeld,0.2350,Water,-27.6805,-16.4938
khartoum_7.tif,train,khartoum,0.8408,Bareland,-12.4473,19.6928
tokyo_69.tif,train,tokyo,0.3935,Water,0.7596,-36.0488
daressalaam_96.tif,train,daressalaam,0.1884,Water,19.5051,15.5803
ngaoundere_27.tif,train,ngaoundere,0.3098,Water,-14.9557,-27.2273
chiclayo_39.tif,train,chiclayo,0.4625,Bareland,5.4323,36.0356
accra_9.tif,train,accra,0.2852,Rangeland,3.6042,45.8962
mahe_25.tif,train,mahe,0.2059,Bareland,-16.2645,37.9865
rio_50.tif,train,rio,0.3145,Rangeland,49.5441,9.1561
ica_43.tif,train,ica,0.2739,Rangeland,3.7681,44.4947
shanghai_10.tif,train,shanghai,0.4474,Tree,24.0924,-6.2866
rio_66.tif,train,rio,0.6641,Bareland,-14.9095,19.3287
vegas_25.tif,train,vegas,0.2222,Bareland,36.4498,13.1337
khartoum_35.tif,train,khartoum,0.3010,Rangeland,61.0507,1.4289
lambayeque_39.tif,train,lambayeque,0.2555,Rangeland,-40.1030,-26.5592
paris_8.tif,train,paris,0.5712,Bareland,26.4929,-3.9599
malopolskie_31.tif,train,malopolskie,0.0869,Developed,-31.6049,8.8645
ngaoundere_30.tif,train,ngaoundere,0.4369,Bareland,-9.1207,-14.8885
chiclayo_24.tif,train,chiclayo,0.2079,Water,-46.9582,-14.0959
accra_3.tif,train,accra,0.3494,Water,19.4871,20.3357
tonga_15.tif,train,tonga,0.2650,Tree,12.8785,-9.3253
dolnoslaskie_25.tif,train,dolnoslaskie,0.2617,Bareland,-36.9186,18.0722
baybay_29.tif,train,baybay,0.2426,Rangeland,-27.1631,-10.7064
ica_48.tif,train,ica,0.2329,Rangeland,56.4572,-9.5032
accra_35.tif,train,accra,0.4009,Bareland,-0.5001,26.0574
santiago_33.tif,train,santiago,0.3956,Water,23.2857,26.6791
lambayeque_25.tif,train,lambayeque,0.4156,Rangeland,-15.0164,-29.3888
pisco_23.tif,train,pisco,0.5463,Bareland,-21.7381,28.0171
christchurch_15.tif,train,christchurch,0.0660,Building,-15.4968,45.9165
vienna_27.tif,train,vienna,0.2053,Tree,36.7166,-7.7546
chisinau_36.tif,train,chisinau,0.2118,Rangeland,42.5509,-11.4975
svaneti_52.tif,train,svaneti,0.2242,Developed,-35.1736,-17.0646
podkarpackie_2.tif,train,podkarpackie,0.2025,Developed,-38.3514,-15.5131
christchurch_28.tif,train,christchurch,0.1810,Water,2.0779,7.1695
khartoum_38.tif,train,khartoum,0.2819,Rangeland,54.2870,5.6100
sechura_6.tif,train,sechura,0.3655,Rangeland,34.2133,-17.8962
mazowieckie_21.tif,train,mazowieckie,0.2434,Agriculture,-15.4545,-9.9664
vegas_45.tif,train,vegas,0.5647,Bareland,28.1414,-20.9271
melbourne_56.tif,train,melbourne,0.2674,Tree,27.3650,-11.3156
abancay_9.tif,train,abancay,0.2564,Water,27.6472,25.0772
christchurch_65.tif,train,christchurch,0.2236,Agriculture,-2.8261,33.6555
kyoto_58.tif,train,kyoto,0.3988,Water,-5.3122,-36.6566
malopolskie_17.tif,train,malopolskie,0.2172,Water,-40.7644,-1.6759
tyrolw_23.tif,train,tyrolw,0.1951,Bareland,8.9523,19.7799
aachen_16.tif,train,aachen,0.3424,Water,9.1305,12.4896
chisinau_51.tif,train,chisinau,0.2411,Water,-11.9132,-26.7719
duesseldorf_18.tif,train,duesseldorf,0.3469,Water,12.7571,15.4167
malopolskie_28.tif,train,malopolskie,0.1191,Rangeland,-23.3253,8.3780
melbourne_14.tif,train,melbourne,0.2579,Tree,43.8614,3.9630
paris_25.tif,train,paris,0.4590,Water,20.2048,0.7751
lodzkie_23.tif,train,lodzkie,0.0829,Developed,-43.8901,-24.0588
rosario_4.tif,train,rosario,0.3497,Rangeland,43.8532,1.5903
kagera_16.tif,train,kagera,0.3859,Agriculture,-20.4633,-4.2612
koeln_19.tif,train,koeln,0.3369,Water,-19.6479,-21.8965
mazowieckie_20.tif,train,mazowieckie,0.1255,Developed,-29.3477,-9.1163
coxsbazar_47.tif,train,coxsbazar,0.2343,Bareland,-34.4215,11.7139
koeln_29.tif,train,koeln,0.3278,Rangeland,41.1055,-19.2753
santiago_58.tif,train,santiago,0.3855,Water,24.2237,27.7039
chiclayo_33.tif,train,chiclayo,0.1892,Road,-45.0787,-0.6161
mahe_2.tif,train,mahe,0.3789,Bareland,-15.1687,38.4849
lubuskie_9.tif,train,lubuskie,0.2030,Developed,-22.6374,12.2900
muenster_11.tif,train,muenster,0.1502,Water,-38.4221,-20.1786
mazowieckie_37.tif,train,mazowieckie,0.3553,Tree,-36.2902,-24.3154
duesseldorf_8.tif,train,duesseldorf,0.2412,Water,-32.8682,-13.3789
svaneti_62.tif,train,svaneti,0.3295,Bareland,-9.8035,-11.0171
koeln_4.tif,train,koeln,0.0482,Water,-44.7215,-12.2207
khartoum_36.tif,train,khartoum,0.3956,Developed,60.3892,11.9289
koeln_3.tif,train,koeln,0.2438,Developed,-34.6054,-20.2782
daressalaam_7.tif,train,daressalaam,0.2792,Water,26.9957,21.9621
melbourne_32.tif,train,melbourne,0.3033,Water,26.6020,24.6439
sechura_22.tif,train,sechura,0.1549,Rangeland,56.9136,-8.8877
paris_49.tif,train,paris,0.4060,Rangeland,21.4698,-3.1787
chincha_33.tif,train,chincha,0.1670,Road,-42.0207,0.0797
tonga_25.tif,train,tonga,0.2939,Agriculture,12.9716,-10.5354
lambayeque_50.tif,train,lambayeque,0.1219,Rangeland,58.8664,-7.1898
niamey_6.tif,train,niamey,0.2573,Road,44.0302,-15.6389
piura_39.tif,train,piura,0.1933,Road,-52.1991,-0.9424
soriano_6.tif,train,soriano,0.2492,Water,18.1701,11.0669
coxsbazar_17.tif,train,coxsbazar,0.3282,Developed,-22.2873,-8.8047
santiago_5.tif,train,santiago,0.4099,Water,23.9779,29.5618
ulaanbaatar_14.tif,train,ulaanbaatar,0.4157,Rangeland,34.2620,0.6561
niamey_3.tif,train,niamey,0.2361,Water,21.9808,19.3404
dhaka_54.tif,train,dhaka,0.1843,Road,-6.9902,45.1445
tonga_28.tif,train,tonga,0.2784,Water,11.2569,-2.2290
abancay_4.tif,train,abancay,0.2767,Agriculture,0.4506,-27.8986
zanzibar_15.tif,train,zanzibar,0.2507,Developed,-27.1085,14.5539
melbourne_30.tif,train,melbourne,0.2075,Rangeland,45.5187,-2.0499
christchurch_20.tif,train,christchurch,0.5396,Tree,-33.4214,-0.7754
accra_52.tif,train,accra,0.3520,Rangeland,37.5862,-3.2525
coxsbazar_52.tif,train,coxsbazar,0.1961,Developed,-38.9143,-3.8888
accra_5.tif,train,accra,0.3225,Rangeland,48.5915,2.2594
accra_39.tif,train,accra,0.3154,Bareland,4.4492,21.2411
kagera_64.tif,train,kagera,0.3594,Developed,-29.0209,4.2944
abancay_5.tif,train,abancay,0.2901,Agriculture,-1.4703,-25.6543
daressalaam_22.tif,train,daressalaam,0.3397,Bareland,26.9443,5.8816
baybay_25.tif,train,baybay,0.1880,Rangeland,-8.4103,42.7353
lubuskie_19.tif,train,lubuskie,0.1939,Water,-0.2515,31.7541
western_1.tif,train,western,0.4020,Water,-14.0475,-0.0589
ngaoundere_34.tif,train,ngaoundere,0.3900,Agriculture,-12.4827,-15.8201
svaneti_27.tif,train,svaneti,0.2931,Agriculture,-26.7065,5.8427
monrovia_10.tif,train,monrovia,0.4913,Agriculture,-12.3692,-23.8018
accra_51.tif,train,accra,0.1498,Building,-55.5965,-7.1867
vienna_16.tif,train,vienna,0.2668,Water,30.4729,12.2824
piura_10.tif,train,piura,0.1915,Rangeland,-7.6958,-45.4265
duesseldorf_41.tif,train,duesseldorf,0.2881,Agriculture,0.6124,-28.1456
santiago_36.tif,train,santiago,0.3154,Rangeland,42.8547,2.7392
pomorskie_37.tif,train,pomorskie,0.2603,Water,-35.2439,-5.9969
monrovia_71.tif,train,monrovia,0.2392,Water,-6.9897,-25.7049
ica_31.tif,train,ica,0.4511,Bareland,-15.1904,-34.9832
ulaanbaatar_23.tif,train,ulaanbaatar,0.3936,Rangeland,33.3010,0.9838
bielefeld_62.tif,train,bielefeld,0.2550,Rangeland,-28.4614,-11.6221
dhaka_40.tif,train,dhaka,0.3257,Developed,2.8554,48.1719
zanzibar_145.tif,train,zanzibar,0.2072,Road,7.0688,-11.0325
khartoum_34.tif,train,khartoum,0.3680,Rangeland,61.0992,1.2190
lambayeque_19.tif,train,lambayeque,0.2706,Bareland,12.4261,20.5939
wielkopolskie_34.tif,train,wielkopolskie,0.1958,Tree,-26.2043,-24.9899
coxsbazar_48.tif,train,coxsbazar,0.1728,Developed,-33.8422,10.0720
zanzibar_60.tif,train,zanzibar,0.1575,Developed,-25.6162,8.2617
monrovia_73.tif,train,monrovia,0.3310,Road,-15.5912,-3.1301
slaskie_20.tif,train,slaskie,0.8335,Bareland,-5.1956,27.5834
santiago_11.tif,train,santiago,0.3954,Water,24.2189,28.2239
koeln_49.tif,train,koeln,0.0467,Bareland,-41.3946,-32.0745
kagera_55.tif,train,kagera,0.5220,Developed,-29.5803,-4.5682
swietokrzyskie_24.tif,train,swietokrzyskie,0.1518,Developed,-31.0035,-24.1173
lodzkie_19.tif,train,lodzkie,0.1408,Developed,-42.8379,-3.9690
muenster_25.tif,train,muenster,0.1544,Water,-32.8303,-12.9372
dolnoslaskie_3.tif,train,dolnoslaskie,0.4167,Developed,-22.5218,41.9005
sechura_50.tif,train,sechura,0.2624,Water,-13.7444,-27.2806
dortmund_51.tif,train,dortmund,0.1750,Water,-23.1270,-25.8346
mahe_65.tif,train,mahe,0.2758,Rangeland,-0.8009,8.0157
svaneti_40.tif,train,svaneti,0.4260,Agriculture,-17.5064,-14.2637
abancay_48.tif,train,abancay,0.2372,Rangeland,45.4145,-3.8642
kagera_32.tif,train,kagera,0.3877,Bareland,-17.8772,-8.6395
pisco_18.tif,train,pisco,0.6836,Water,-18.2977,22.7176
svaneti_24.tif,train,svaneti,0.4414,Bareland,-9.6737,-11.1678
mazowieckie_4.tif,train,mazowieckie,0.4139,Tree,-50.1939,-24.0994
podkarpackie_10.tif,train,podkarpackie,0.2184,Water,-37.2994,-16.2181
viru_20.tif,train,viru,0.2636,Water,-7.2055,-37.9212
paris_12.tif,train,paris,0.4744,Tree,23.1614,-2.5114
kitsap_35.tif,train,kitsap,0.2383,Water,16.5240,12.3686
kyoto_15.tif,train,kyoto,0.4149,Water,-5.7786,-5.7018
tokyo_68.tif,train,tokyo,0.4026,Water,-0.4910,-35.0540
viru_34.tif,train,viru,0.3330,Rangeland,-39.4099,-26.5154
ulaanbaatar_47.tif,train,ulaanbaatar,0.3287,Bareland,1.1598,-19.4092
rotterdam_2.tif,train,rotterdam,0.2916,Developed,-9.0839,44.2797
lohur_39.tif,train,lohur,0.0727,Developed,-41.4293,-17.2767
dowa_18.tif,train,dowa,0.1951,Rangeland,-11.2760,-42.0618
wielkopolskie_29.tif,train,wielkopolskie,0.2113,Tree,12.6393,-7.1322
rio_18.tif,train,rio,0.4335,Bareland,-10.7029,-11.9704
daressalaam_86.tif,train,daressalaam,0.3231,Water,-12.1435,-25.4383
vegas_14.tif,train,vegas,0.3217,Water,19.0842,31.3680
abancay_12.tif,train,abancay,0.2886,Water,0.6233,27.5877
pisco_25.tif,train,pisco,0.1690,Bareland,-24.5531,23.9191
vienna_15.tif,train,vienna,0.2574,Rangeland,53.4917,2.2781
wielkopolskie_12.tif,train,wielkopolskie,0.1019,Developed,-30.2554,-15.3670
monrovia_49.tif,train,monrovia,0.2144,Water,12.5466,3.4499
maputo_3.tif,train,maputo,0.2438,Rangeland,46.5226,-9.5419
tyrolw_44.tif,train,tyrolw,0.1588,Rangeland,-40.0640,-15.3224
warminsko-mazurskie_12.tif,train,warminsko-mazurskie,0.5934,Water,-38.4112,-7.5320
chisinau_68.tif,train,chisinau,0.3117,Water,3.9803,11.3140
zanzibar_31.tif,train,zanzibar,0.3356,Developed,-26.0734,6.7450
vienna_4.tif,train,vienna,0.3469,Building,37.9043,6.3041
abancay_46.tif,train,abancay,0.2371,Tree,35.3506,-10.9809
zanzibar_33.tif,train,zanzibar,0.2665,Agriculture,-20.1777,-1.3754
daressalaam_95.tif,train,daressalaam,0.2268,Water,20.7349,17.4404
tokyo_13.tif,train,tokyo,0.3750,Water,-1.7792,-35.3535
austin_30.tif,train,austin,0.2335,Rangeland,-2.7286,40.9782
abancay_28.tif,train,abancay,0.2554,Rangeland,46.5622,-3.9609
tokyo_60.tif,train,tokyo,0.3443,Road,-36.8306,-28.8230
svaneti_44.tif,train,svaneti,0.1975,Developed,-15.2116,-7.3924
tokyo_41.tif,train,tokyo,0.4147,Agriculture,-1.2508,-38.1426
chincha_8.tif,train,chincha,0.3534,Water,-12.4760,-38.8712
ngaoundere_31.tif,train,ngaoundere,0.4078,Rangeland,-17.5552,-32.6070
chicago_11.tif,train,chicago,0.2783,Rangeland,43.7773,-1.2902
chisinau_61.tif,train,chisinau,0.2365,Rangeland,48.1167,-10.8356
aachen_28.tif,train,aachen,0.0532,Tree,-49.5137,-25.6618
zachodniopomorskie_5.tif,train,zachodniopomorskie,0.1808,Road,-17.0990,48.6814
zanzibar_64.tif,train,zanzibar,0.3173,Road,-23.5749,-4.5598
vegas_35.tif,train,vegas,0.7479,Bareland,-11.3903,17.0536
accra_7.tif,train,accra,0.3379,Rangeland,3.6666,45.3398
baybay_61.tif,train,baybay,0.1398,Rangeland,-37.7049,-18.2195
kyoto_21.tif,train,kyoto,0.6194,Bareland,-5.4914,-18.3402
santiago_46.tif,train,santiago,0.3092,Water,36.0356,21.7596
monrovia_7.tif,train,monrovia,0.2780,Water,-16.0295,-26.5630
zanzibar_66.tif,train,zanzibar,0.4187,Road,-21.9749,-3.7948
soriano_10.tif,train,soriano,0.3681,Developed,28.6645,-7.5846
pisco_1.tif,train,pisco,0.3342,Bareland,-23.9325,24.2836
dortmund_10.tif,train,dortmund,0.2485,Water,-27.1134,-17.6782
monrovia_64.tif,train,monrovia,0.3099,Rangeland,44.7437,-17.9659
chisinau_16.tif,train,chisinau,0.2910,Rangeland,42.2696,-12.8741
chiangmai_4.tif,train,chiangmai,0.2029,Developed,-1.0563,37.6778
pisco_26.tif,train,pisco,0.4052,Water,-23.7692,24.5944
dolnoslaskie_33.tif,train,dolnoslaskie,0.1701,Developed,-38.1022,-15.3553
tokyo_59.tif,train,tokyo,0.3230,Water,-36.7830,-28.0117
rio_42.tif,train,rio,0.3274,Water,57.1476,10.4991
abancay_7.tif,train,abancay,0.2941,Agriculture,-1.4255,-25.6657
santiago_69.tif,train,santiago,0.3337,Water,2.0336,12.7303
dhaka_58.tif,train,dhaka,0.2643,Road,1.6114,48.0302
austin_28.tif,train,austin,0.2902,Water,31.2240,13.6723
chicago_21.tif,train,chicago,0.2621,Rangeland,42.0555,-1.2426
chisinau_25.tif,train,chisinau,0.2405,Rangeland,40.2975,-14.7058
abancay_24.tif,train,abancay,0.2443,Agriculture,-13.5775,-10.9849
aachen_35.tif,train,aachen,0.3916,Water,-23.4945,-15.0610
wielkopolskie_14.tif,train,wielkopolskie,0.1618,Tree,12.8078,-7.5528
vegas_49.tif,train,vegas,0.3124,Developed,36.9423,11.7378
svaneti_65.tif,train,svaneti,0.1733,Building,-20.4759,16.8950
bielefeld_59.tif,train,bielefeld,0.3273,Rangeland,-0.1514,42.1708
shanghai_55.tif,train,shanghai,0.4100,Water,2.5013,-34.4909
muenster_24.tif,train,muenster,0.1715,Water,-35.1063,-13.3388
kitsap_49.tif,train,kitsap,0.2628,Water,2.9513,8.1178
austin_25.tif,train,austin,0.2440,Rangeland,36.0432,8.7287
rio_5.tif,train,rio,0.3899,Water,34.8928,22.0471
chiclayo_3.tif,train,chiclayo,0.8342,Agriculture,9.6646,-33.9207
santiago_14.tif,train,santiago,0.3572,Water,24.3814,26.8933
abancay_40.tif,train,abancay,0.2423,Rangeland,50.4372,-0.8374
shanghai_42.tif,train,shanghai,0.4450,Water,50.8181,12.6916
vienna_22.tif,train,vienna,0.1440,Water,22.6888,7.5616
melbourne_26.tif,train,melbourne,0.3140,Rangeland,41.3324,1.8848
christchurch_12.tif,train,christchurch,0.2668,Water,14.5186,11.7947
paris_39.tif,train,paris,0.3367,Developed,15.2984,-6.8719
tyrolw_70.tif,train,tyrolw,0.1824,Road,-30.0580,-31.3561
mazowieckie_28.tif,train,mazowieckie,0.1539,Tree,-32.7551,2.5135
chiangmai_8.tif,train,chiangmai,0.2598,Rangeland,41.9108,-16.8996
slaskie_26.tif,train,slaskie,0.5618,Bareland,-4.4901,27.5921
coxsbazar_68.tif,train,coxsbazar,0.2571,Bareland,-37.3163,9.5561
shanghai_47.tif,train,shanghai,0.3719,Tree,26.0314,-5.6691
lima_43.tif,train,lima,0.1937,Tree,63.6661,-2.8180
rotterdam_50.tif,train,rotterdam,0.3681,Water,17.1310,38.9461
aachen_59.tif,train,aachen,0.3070,Water,11.9716,12.4824
chiclayo_34.tif,train,chiclayo,0.2462,Rangeland,-34.3335,-33.5191
coxsbazar_13.tif,train,coxsbazar,0.1836,Developed,-50.7110,-10.9389
dortmund_40.tif,train,dortmund,0.2315,Water,-4.1082,-26.8866
rotterdam_6.tif,train,rotterdam,0.4429,Water,22.7836,27.5610
accra_58.tif,train,accra,0.3350,Agriculture,12.2320,-12.4063
tokyo_48.tif,train,tokyo,0.3682,Agriculture,1.0205,-37.5099
coxsbazar_26.tif,train,coxsbazar,0.2106,Bareland,-36.2107,7.9780
rio_30.tif,train,rio,0.4896,Bareland,-29.8909,6.7757
kagera_2.tif,train,kagera,0.3921,Agriculture,-18.1471,-10.2466
koeln_16.tif,train,koeln,0.2423,Rangeland,42.4924,-9.1462
lambayeque_35.tif,train,lambayeque,0.3056,Rangeland,-44.4022,-2.0286
coxsbazar_30.tif,train,coxsbazar,0.3277,Water,-33.8380,-4.0516
ulaanbaatar_5.tif,train,ulaanbaatar,0.3890,Rangeland,32.8361,1.3661
ica_21.tif,train,ica,0.1885,Bareland,59.5260,-10.0025
kagera_4.tif,train,kagera,0.3044,Bareland,-27.7071,-5.7706
santiago_20.tif,train,santiago,0.3739,Water,24.7982,29.1211
muenster_50.tif,train,muenster,0.1675,Rangeland,-30.1815,-27.8118
coxsbazar_9.tif,train,coxsbazar,0.3065,Road,-54.8040,-0.6969
svaneti_1.tif,train,svaneti,0.4249,Agriculture,-19.9573,-6.1141
vienna_5.tif,train,vienna,0.1011,Developed,-17.4706,45.3165
dhaka_23.tif,train,dhaka,0.2739,Water,20.2629,22.1242
tyrolw_50.tif,train,tyrolw,0.3287,Water,3.4920,10.7883
kujawsko-pomorskie_3.tif,train,kujawsko-pomorskie,0.2537,Water,14.7458,-4.1320
austin_18.tif,train,austin,0.2399,Water,13.2004,12.0166
tonga_58.tif,train,tonga,0.3891,Water,14.6512,-1.2650
ngaoundere_48.tif,train,ngaoundere,0.3692,Agriculture,-13.1733,-20.2598
aachen_68.tif,train,aachen,0.2411,Water,-31.9186,-20.3101
abancay_18.tif,train,abancay,0.2517,Agriculture,-5.4346,-43.2666
sechura_45.tif,train,sechura,0.3100,Road,34.7572,-13.3475
tyrolw_68.tif,train,tyrolw,0.3418,Bareland,-42.4516,6.0539
tonga_39.tif,train,tonga,0.4262,Tree,17.5766,-13.3146
dowa_8.tif,train,dowa,0.3148,Rangeland,-12.6314,-41.7032
mazowieckie_36.tif,train,mazowieckie,0.2210,Road,-27.4487,-27.5498
ica_26.tif,train,ica,0.7886,Agriculture,-5.3427,-0.0798
daressalaam_119.tif,train,daressalaam,0.2778,Water,-5.0756,-25.6757
dortmund_8.tif,train,dortmund,0.1727,Water,-22.4814,-25.7381
vienna_45.tif,train,vienna,0.3329,Road,31.9429,-14.4810
dowa_22.tif,train,dowa,0.2978,Water,-12.9624,-40.4419
bogota_1.tif,train,bogota,0.2100,Developed,9.9112,-5.7403
lima_33.tif,train,lima,0.2105,Water,59.1775,-4.4696
pisco_3.tif,train,pisco,0.3283,Developed,-46.1871,-17.6214
dhaka_53.tif,train,dhaka,0.2773,Road,-7.7509,36.2962
piura_18.tif,train,piura,0.3432,Bareland,-20.0816,34.4410
western_12.tif,train,western,0.7280,Road,-17.8080,25.7772
daressalaam_129.tif,train,daressalaam,0.2224,Rangeland,35.0108,25.9870
chiangmai_5.tif,train,chiangmai,0.1967,Rangeland,39.0353,-16.8389
slaskie_32.tif,train,slaskie,0.1609,Building,-23.0948,41.1162
vegas_46.tif,train,vegas,0.2775,Water,36.0963,20.8727
tyrolw_10.tif,train,tyrolw,0.2632,Bareland,-23.2367,16.1336
lima_17.tif,train,lima,0.1991,Water,-7.3859,-30.3762
kitsap_31.tif,train,kitsap,0.2993,Water,6.2653,12.7724
vegas_5.tif,train,vegas,0.1495,Water,62.6405,-6.4653
muenster_21.tif,train,muenster,0.2648,Agriculture,-21.2766,-19.1802
svaneti_57.tif,train,svaneti,0.1848,Bareland,10.2950,-12.6951
vegas_37.tif,train,vegas,0.1545,Tree,62.6572,-6.1533
kagera_50.tif,train,kagera,0.3398,Developed,-23.8646,-3.1002
tokyo_43.tif,train,tokyo,0.4212,Bareland,-4.2165,-18.2334
tokyo_46.tif,train,tokyo,0.3264,Agriculture,-2.9870,-36.5272
lohur_13.tif,train,lohur,0.0350,Tree,-48.3042,-19.3949
austin_26.tif,train,austin,0.2231,Water,32.1405,16.4115
paris_18.tif,train,paris,0.4703,Rangeland,22.5619,-3.4344
vienna_29.tif,train,vienna,0.2910,Water,30.4092,12.3623
vienna_61.tif,train,vienna,0.2524,Water,32.8132,12.0063
christchurch_53.tif,train,christchurch,0.1522,Road,10.2619,-6.1628
khartoum_47.tif,train,khartoum,0.5606,Road,64.2143,0.5650
melbourne_49.tif,train,melbourne,0.2862,Rangeland,32.6433,12.0148
paris_42.tif,train,paris,0.5339,Rangeland,22.8122,-0.7495
shanghai_8.tif,train,shanghai,0.3015,Road,-9.4266,31.5315
koeln_35.tif,train,koeln,0.2833,Water,20.5102,21.8984
podlaskie_2.tif,train,podlaskie,0.5815,Tree,-32.7991,-0.4819
duesseldorf_49.tif,train,duesseldorf,0.4383,Water,-2.2525,-33.6503
tyrolw_13.tif,train,tyrolw,0.4653,Rangeland,-26.2671,3.9789
viru_11.tif,train,viru,0.2591,Water,-15.1265,-39.6704
chiangmai_11.tif,train,chiangmai,0.2281,Road,-3.5961,39.7794
mahe_17.tif,train,mahe,0.1622,Rangeland,-8.1830,43.6201
baybay_10.tif,train,baybay,0.2321,Rangeland,1.5384,45.0066
accra_17.tif,train,accra,0.3279,Rangeland,43.5891,0.5292
daressalaam_123.tif,train,daressalaam,0.2173,Water,-20.8419,-32.5073
warminsko-mazurskie_1.tif,train,warminsko-mazurskie,0.3530,Water,-37.9947,6.0600
lambayeque_8.tif,train,lambayeque,0.3174,Rangeland,34.0804,-4.5464
chisinau_30.tif,train,chisinau,0.2422,Rangeland,46.8261,-12.1383
viru_23.tif,train,viru,0.2373,Rangeland,52.9661,-10.2435
melbourne_17.tif,train,melbourne,0.3295,Tree,26.3674,-9.5890
kinshasa_1.tif,train,kinshasa,0.3670,Road,-9.4751,-20.5462
daressalaam_35.tif,train,daressalaam,0.3673,Bareland,11.6041,22.1777
soriano_5.tif,train,soriano,0.3092,Developed,30.1495,-8.0984
chicago_44.tif,train,chicago,0.3091,Rangeland,37.4694,7.3161
baybay_45.tif,train,baybay,0.0903,Water,-40.5281,-19.0414
zanzibar_117.tif,train,zanzibar,0.4910,Tree,13.7202,-14.3426
ngaoundere_18.tif,train,ngaoundere,0.3942,Bareland,-2.0508,-12.0894
daressalaam_62.tif,train,daressalaam,0.3805,Agriculture,36.8942,29.0615
zanzibar_100.tif,train,zanzibar,0.5084,Water,16.9121,-14.3873
christchurch_1.tif,train,christchurch,0.4028,Bareland,-3.9920,27.5466
dhaka_25.tif,train,dhaka,0.3129,Road,1.3411,41.2780
khartoum_4.tif,train,khartoum,0.3774,Road,59.8644,6.4004
austin_42.tif,train,austin,0.3228,Water,16.9791,13.4093
lodzkie_7.tif,train,lodzkie,0.5581,Agriculture,-23.1490,4.3526
paris_44.tif,train,paris,0.4570,Developed,23.1441,-3.9836
rotterdam_28.tif,train,rotterdam,0.3726,Water,16.4005,37.8106
kagera_48.tif,train,kagera,0.2582,Developed,-35.2766,-16.0888
chisinau_14.tif,train,chisinau,0.2312,Building,-4.6362,11.2638
kyoto_67.tif,train,kyoto,0.3560,Water,-5.2820,-37.3223
accra_45.tif,train,accra,0.3510,Rangeland,39.9661,-1.4083
austin_41.tif,train,austin,0.2651,Tree,32.5686,-4.9569
kagera_26.tif,train,kagera,0.4507,Agriculture,-28.3561,-3.9629
chisinau_9.tif,train,chisinau,0.2064,Rangeland,46.3228,-8.6350
dolnoslaskie_22.tif,train,dolnoslaskie,0.3809,Developed,-14.1378,-14.2253
aachen_6.tif,train,aachen,0.3659,Rangeland,-25.0186,-22.0093
pointenoire_9.tif,train,pointenoire,0.2619,Rangeland,50.3633,-3.4238
khartoum_43.tif,train,khartoum,0.4123,Developed,59.8262,10.5269
lohur_35.tif,train,lohur,0.1406,Water,-44.4294,-20.4117
pomorskie_30.tif,train,pomorskie,0.4745,Water,-18.8396,-15.0943
western_22.tif,train,western,0.3090,Rangeland,45.0384,-17.8970
sechura_36.tif,train,sechura,0.1890,Rangeland,54.9103,-7.9949
accra_53.tif,train,accra,0.4796,Bareland,-18.7598,19.1827
tonga_36.tif,train,tonga,0.3619,Water,15.9685,6.6550
santiago_9.tif,train,santiago,0.3683,Water,5.6433,16.0497
pomorskie_17.tif,train,pomorskie,0.1094,Road,-15.3606,44.7019
monrovia_9.tif,train,monrovia,0.3087,Water,-9.6278,30.7411
mazowieckie_14.tif,train,mazowieckie,0.0997,Rangeland,-50.9005,-14.6142
mahe_46.tif,train,mahe,0.2768,Bareland,25.4190,4.5448
kagera_10.tif,train,kagera,0.3673,Agriculture,-20.4828,-3.7771
kagera_62.tif,train,kagera,0.5349,Developed,-28.7022,3.6716
vegas_36.tif,train,vegas,0.3433,Agriculture,13.7933,40.9053
lambayeque_28.tif,train,lambayeque,0.4824,Agriculture,7.0692,-34.9113
santiago_16.tif,train,santiago,0.2472,Rangeland,-3.1121,8.9151
bielefeld_28.tif,train,bielefeld,0.3150,Agriculture,-3.3190,36.9032
paris_64.tif,train,paris,0.4451,Developed,19.3307,-3.3257
bielefeld_67.tif,train,bielefeld,0.3754,Rangeland,-21.0873,-6.5766
sechura_43.tif,train,sechura,0.2764,Rangeland,-6.1556,-44.3923
ulaanbaatar_2.tif,train,ulaanbaatar,0.3951,Rangeland,32.1862,2.3232
dortmund_28.tif,train,dortmund,0.2793,Water,10.5564,12.1800
melbourne_5.tif,train,melbourne,0.2529,Road,33.9016,-9.9342
rotterdam_36.tif,train,rotterdam,0.3477,Water,15.4283,38.8854
khartoum_23.tif,train,khartoum,0.2575,Developed,59.1799,11.2131
chiclayo_42.tif,train,chiclayo,0.7816,Bareland,-8.4270,16.1947
viru_2.tif,train,viru,0.2870,Water,-7.6036,-37.1211
lodzkie_24.tif,train,lodzkie,0.2467,Rangeland,-40.3289,-24.1233
monrovia_50.tif,train,monrovia,0.2135,Water,12.1525,3.6869
monrovia_54.tif,train,monrovia,0.2174,Water,14.0246,4.0220
kagera_43.tif,train,kagera,0.3628,Developed,-18.9660,-10.5805
dortmund_26.tif,train,dortmund,0.1988,Water,-40.7532,-20.9262
monrovia_48.tif,train,monrovia,0.1951,Developed,39.7851,-8.3767
zachodniopomorskie_10.tif,train,zachodniopomorskie,0.1452,Developed,0.0886,6.3676
kagera_42.tif,train,kagera,0.6242,Developed,-27.7271,-1.0211
podlaskie_6.tif,train,podlaskie,0.0476,Building,-23.1750,11.2247
vegas_12.tif,train,vegas,0.3335,Water,19.6240,31.2232
koeln_46.tif,train,koeln,0.2996,Water,11.2935,11.7066
lima_45.tif,train,lima,0.0683,Tree,62.5452,-4.4325
aachen_19.tif,train,aachen,0.3857,Rangeland,35.8123,-2.7248
chiclayo_29.tif,train,chiclayo,0.3581,Bareland,-45.0509,2.8938
western_14.tif,train,western,0.5716,Bareland,-0.0450,18.0580
duesseldorf_24.tif,train,duesseldorf,0.3706,Water,4.5139,26.2294
zanzibar_105.tif,train,zanzibar,0.3009,Bareland,10.3436,-13.1084
aachen_36.tif,train,aachen,0.1489,Rangeland,-43.5260,-2.0514
paris_20.tif,train,paris,0.4235,Water,20.1201,0.9244
rotterdam_41.tif,train,rotterdam,0.3640,Water,16.6657,39.8533
rotterdam_32.tif,train,rotterdam,0.3142,Road,6.3302,40.0214
lohur_15.tif,train,lohur,0.3104,Rangeland,-27.3566,-30.8150
lodzkie_13.tif,train,lodzkie,0.1530,Developed,-46.0669,-27.5035
rio_28.tif,train,rio,0.2571,Road,9.0631,-11.4137
mahe_45.tif,train,mahe,0.3056,Bareland,6.7641,36.2258
rio_62.tif,train,rio,0.5980,Road,12.8952,37.1983
tyrolw_56.tif,train,tyrolw,0.2073,Road,-24.7597,-32.4214
tonga_27.tif,train,tonga,0.3655,Tree,18.8900,-8.0834
tyrolw_33.tif,train,tyrolw,0.9843,Rangeland,-46.9947,3.9635
christchurch_37.tif,train,christchurch,0.2738,Water,15.5660,12.1912
monrovia_5.tif,train,monrovia,0.2750,Water,16.1889,20.1652
chincha_2.tif,train,chincha,0.2989,Water,-9.6551,-38.2859
koeln_25.tif,train,koeln,0.2599,Rangeland,-29.3292,-27.2861
daressalaam_103.tif,train,daressalaam,0.3018,Agriculture,-15.7666,-18.5323
chicago_32.tif,train,chicago,0.2171,Developed,59.6913,13.0727
mahe_20.tif,train,mahe,0.3921,Road,-12.5838,48.2237
ngaoundere_62.tif,train,ngaoundere,0.4849,Bareland,-3.9009,-14.0095
soriano_2.tif,train,soriano,0.2391,Water,9.8335,-0.9651
chincha_15.tif,train,chincha,0.3292,Water,29.3924,25.0562
dolnoslaskie_34.tif,train,dolnoslaskie,0.4429,Road,-14.1386,-14.2802
chisinau_43.tif,train,chisinau,0.2443,Rangeland,49.0709,-12.7707
mahe_50.tif,train,mahe,0.2004,Rangeland,44.1866,-12.2655
coxsbazar_66.tif,train,coxsbazar,0.3423,Road,-24.6952,14.0757
lubuskie_13.tif,train,lubuskie,0.3950,Water,-21.1981,-16.5022
baybay_38.tif,train,baybay,0.1622,Road,-41.0464,-13.2004
muenster_52.tif,train,muenster,0.2195,Water,-31.2688,-19.6293
lohur_30.tif,train,lohur,0.2396,Agriculture,-29.3425,-24.3061
chiclayo_44.tif,train,chiclayo,0.7835,Bareland,-11.2126,15.6368
muenster_43.tif,train,muenster,0.3034,Water,11.6934,12.1460
daressalaam_120.tif,train,daressalaam,0.2308,Road,43.0408,-16.5522
khartoum_8.tif,train,khartoum,0.3329,Water,25.0620,12.2181
kyoto_22.tif,train,kyoto,0.3759,Rangeland,-4.5784,-5.0446
aachen_2.tif,train,aachen,0.1435,Water,-48.2895,-8.2971
mazowieckie_2.tif,train,mazowieckie,0.1775,Tree,-45.1343,-25.7692
podkarpackie_6.tif,train,podkarpackie,0.4917,Developed,-29.4209,3.0914
daressalaam_107.tif,train,daressalaam,0.2353,Bareland,8.1994,40.2139
sechura_17.tif,train,sechura,0.4474,Rangeland,-15.8193,36.8484
zanzibar_61.tif,train,zanzibar,0.2445,Road,-22.7242,-2.8752
vienna_54.tif,train,vienna,0.2471,Water,-3.1411,-22.9385
muenster_22.tif,train,muenster,0.2963,Rangeland,39.7932,-13.9970
melbourne_41.tif,train,melbourne,0.2665,Rangeland,41.4178,-11.1106
mahe_6.tif,train,mahe,0.0698,Bareland,-19.6658,3.3433
ulaanbaatar_33.tif,train,ulaanbaatar,0.3817,Rangeland,33.2678,-0.7579
vegas_30.tif,train,vegas,0.2637,Water,34.5727,16.5314
chicago_18.tif,train,chicago,0.0884,Tree,60.4597,-3.0180
duesseldorf_63.tif,train,duesseldorf,0.1186,Developed,-43.8484,-17.7320
dortmund_46.tif,train,dortmund,0.2597,Water,19.1280,17.3634
vegas_43.tif,train,vegas,0.2620,Water,35.9854,20.5547
zanzibar_110.tif,train,zanzibar,0.3900,Road,0.3590,3.1869
dortmund_31.tif,train,dortmund,0.2965,Water,11.1062,10.2587
accra_22.tif,train,accra,0.3377,Rangeland,39.9750,-18.7030
baybay_63.tif,train,baybay,0.1852,Bareland,-6.6895,38.3845
monrovia_55.tif,train,monrovia,0.1587,Agriculture,-6.0523,-26.9451
bielefeld_12.tif,train,bielefeld,0.2712,Developed,-40.6185,-0.0791
khartoum_53.tif,train,khartoum,0.3451,Road,60.2248,10.0685
pisco_48.tif,train,pisco,0.2007,Rangeland,59.4090,-6.9441
mahe_29.tif,train,mahe,0.2745,Rangeland,35.0114,-6.2672
coxsbazar_20.tif,train,coxsbazar,0.3443,Water,-18.9546,-29.3468
slaskie_24.tif,train,slaskie,0.1691,Agriculture,-13.8406,-11.4228
chicago_24.tif,train,chicago,0.5982,Bareland,-6.0544,-17.8199
rotterdam_48.tif,train,rotterdam,0.3690,Water,16.0277,39.1798
coxsbazar_5.tif,train,coxsbazar,0.2969,Developed,-27.0967,16.1913
zanzibar_76.tif,train,zanzibar,0.2640,Developed,-29.9069,4.8138
pisco_7.tif,train,pisco,0.2069,Rangeland,-40.8260,-29.2441
chiclayo_8.tif,train,chiclayo,0.2268,Water,-15.2865,-40.3394
abancay_32.tif,train,abancay,0.3095,Agriculture,1.0568,-28.4261
khartoum_59.tif,train,khartoum,0.4943,Bareland,27.7286,2.7482
svaneti_11.tif,train,svaneti,0.3159,Road,-22.5848,-4.1436
wielkopolskie_3.tif,train,wielkopolskie,0.0831,Developed,-48.0400,-18.6451
aachen_51.tif,train,aachen,0.2701,Water,-30.4588,-20.1725
kyoto_29.tif,train,kyoto,0.2928,Water,17.7764,18.0228
tokyo_37.tif,train,tokyo,0.3007,Agriculture,-21.6949,30.7782
ulaanbaatar_28.tif,train,ulaanbaatar,0.3204,Rangeland,33.8795,1.4129
kujawsko-pomorskie_2.tif,train,kujawsko-pomorskie,0.3985,Developed,-38.3949,4.4815
vienna_40.tif,train,vienna,0.2433,Water,22.0268,10.3647
vegas_42.tif,train,vegas,0.8561,Bareland,-11.1018,17.1346
koeln_54.tif,train,koeln,0.3334,Water,10.6507,14.5454
bielefeld_15.tif,train,bielefeld,0.4347,Water,-24.1355,-20.9058
podkarpackie_5.tif,train,podkarpackie,0.2750,Water,-40.0792,-9.3345
dolnoslaskie_15.tif,train,dolnoslaskie,0.3438,Water,-38.9039,-7.9828
rio_27.tif,train,rio,0.4399,Water,2.8358,15.5187
piura_19.tif,train,piura,0.1717,Rangeland,52.1306,-4.9798
zachodniopomorskie_9.tif,train,zachodniopomorskie,0.2067,Bareland,-20.1152,43.6013
rotterdam_42.tif,train,rotterdam,0.4022,Rangeland,14.5750,39.4111
dortmund_69.tif,train,dortmund,0.1362,Water,-22.5181,-26.8029
kagera_9.tif,train,kagera,0.4823,Road,-26.9456,-1.8246
shanghai_9.tif,train,shanghai,0.2454,Developed,64.7947,-2.0975
melbourne_16.tif,train,melbourne,0.2804,Tree,26.9829,-9.3322
western_26.tif,train,western,0.3505,Bareland,-3.1137,-14.9441
duesseldorf_53.tif,train,duesseldorf,0.3253,Water,-25.2558,-19.3408
viru_50.tif,train,viru,0.1690,Water,-17.3634,-40.8426
muenster_12.tif,train,muenster,0.1967,Rangeland,-36.1211,-20.0925
monrovia_11.tif,train,monrovia,0.2684,Rangeland,43.6727,-18.2695
wielkopolskie_38.tif,train,wielkopolskie,0.1566,Water,-43.2816,-19.9806
kitsap_28.tif,train,kitsap,0.2431,Water,29.8379,15.6896
chiclayo_45.tif,train,chiclayo,0.5731,Bareland,-13.1087,24.5315
aachen_55.tif,train,aachen,0.2956,Water,-21.6561,-19.1424
wielkopolskie_28.tif,train,wielkopolskie,0.2056,Tree,13.1939,-7.3366
tonga_1.tif,train,tonga,0.3120,Tree,21.2621,-9.8574
kujawsko-pomorskie_11.tif,train,kujawsko-pomorskie,0.2393,Developed,9.6146,-5.1772
muenster_37.tif,train,muenster,0.2216,Road,-0.5215,45.3370
duesseldorf_30.tif,train,duesseldorf,0.2777,Rangeland,38.7719,-4.0863
lohur_1.tif,train,lohur,0.2619,Road,-33.7176,-26.3550
muenster_20.tif,train,muenster,0.1702,Road,-41.7532,-1.2574
zanzibar_65.tif,train,zanzibar,0.4827,Building,-20.9988,11.5252
mazowieckie_12.tif,train,mazowieckie,0.1102,Developed,-31.6988,9.1819
chincha_21.tif,train,chincha,0.3917,Water,-8.1388,-39.4143
khartoum_2.tif,train,khartoum,0.3228,Rangeland,53.6095,5.8467
kampala_3.tif,train,kampala,0.2263,Water,20.5198,9.8474
vienna_17.tif,train,vienna,0.4547,Rangeland,50.4879,10.5290
dowa_1.tif,train,dowa,0.3863,Water,-17.7138,-26.8266
accra_41.tif,train,accra,0.4291,Tree,20.8442,-6.5966
vegas_6.tif,train,vegas,0.2676,Water,36.1767,19.9315
melbourne_55.tif,train,melbourne,0.2810,Tree,28.5553,-11.5728
rio_16.tif,train,rio,0.2444,Rangeland,62.4415,2.7790
rio_36.tif,train,rio,0.2222,Road,12.6610,2.4750
christchurch_29.tif,train,christchurch,0.2138,Developed,11.4389,-5.0538
zanzibar_68.tif,train,zanzibar,0.2900,Developed,-20.6323,-0.8480
rotterdam_47.tif,train,rotterdam,0.4539,Tree,29.0839,-2.6456
kagera_59.tif,train,kagera,0.4289,Developed,-29.5251,-4.7344
soriano_18.tif,train,soriano,0.1854,Tree,11.7763,-6.9008
duesseldorf_9.tif,train,duesseldorf,0.2872,Bareland,28.5949,5.0104
svaneti_70.tif,train,svaneti,0.4213,Agriculture,-18.8748,-5.3104
zanzibar_92.tif,train,zanzibar,0.3708,Building,17.0460,-8.9181
chincha_13.tif,train,chincha,0.3533,Agriculture,-8.4321,-40.6014
zanzibar_135.tif,train,zanzibar,0.2149,Bareland,-16.9224,-1.8179
pomorskie_19.tif,train,pomorskie,0.1493,Building,-39.2733,4.9736
melbourne_59.tif,train,melbourne,0.3244,Bareland,1.0340,19.5159
monrovia_1.tif,train,monrovia,0.2333,Rangeland,43.8396,-14.4063
dhaka_17.tif,train,dhaka,0.1929,Water,29.6660,22.1135
lohur_28.tif,train,lohur,0.2657,Water,-22.2352,-22.9682
duesseldorf_57.tif,train,duesseldorf,0.3979,Water,-17.0746,-26.4715
tyrolw_58.tif,train,tyrolw,0.3670,Water,16.3445,33.2319
western_20.tif,train,western,0.5534,Water,-18.8025,26.9479
shanghai_70.tif,train,shanghai,0.3402,Water,5.1676,27.7262
chiclayo_25.tif,train,chiclayo,0.2146,Tree,-55.1176,-2.9906
tyrolw_15.tif,train,tyrolw,0.5008,Rangeland,-23.7678,-9.8670
christchurch_33.tif,train,christchurch,0.2570,Water,17.3519,10.0195
khartoum_14.tif,train,khartoum,0.5275,Road,64.7137,0.6379
chiclayo_48.tif,train,chiclayo,0.8307,Bareland,-17.0868,20.4438
kyoto_46.tif,train,kyoto,0.3952,Water,-6.6620,-6.6394
niamey_8.tif,train,niamey,0.2659,Water,9.2377,29.2829
lambayeque_3.tif,train,lambayeque,0.2477,Water,23.8514,20.3466
lima_16.tif,train,lima,0.2406,Bareland,-0.1190,-16.9729
kitsap_43.tif,train,kitsap,0.1718,Road,-24.6842,15.2711
dhaka_36.tif,train,dhaka,0.2951,Agriculture,-8.0722,36.7171
lohur_31.tif,train,lohur,0.2467,Road,-34.5375,-26.4106
dolnoslaskie_28.tif,train,dolnoslaskie,0.2817,Developed,-36.1704,-17.7522
rio_57.tif,train,rio,0.1746,Developed,-25.5832,8.4302
chincha_26.tif,train,chincha,0.2730,Rangeland,-8.2603,-43.0543
chiangmai_6.tif,train,chiangmai,0.2656,Rangeland,-0.7882,5.8804
svaneti_68.tif,train,svaneti,0.2418,Road,-54.6363,-1.6881
chiangmai_12.tif,train,chiangmai,0.2471,Rangeland,-3.3888,40.0005
svaneti_53.tif,train,svaneti,0.4943,Bareland,-37.9747,-11.1981
ngaoundere_32.tif,train,ngaoundere,0.3519,Rangeland,-15.9022,-28.9791
kitsap_24.tif,train,kitsap,0.3305,Water,29.1483,15.8556
muenster_3.tif,train,muenster,0.1387,Road,-31.0951,-27.9464
zanzibar_55.tif,train,zanzibar,0.2177,Agriculture,-27.7283,13.0945
chincha_40.tif,train,chincha,0.7276,Bareland,-10.1064,13.3963
daressalaam_32.tif,train,daressalaam,0.2468,Rangeland,48.3732,-11.6498
tonga_37.tif,train,tonga,0.1956,Road,-33.0716,-24.3660
rosario_8.tif,train,rosario,0.3889,Bareland,4.4226,21.3847
sechura_8.tif,train,sechura,0.1976,Rangeland,55.9619,-8.9264
tokyo_50.tif,train,tokyo,0.3029,Water,-48.7322,-6.9761
dolnoslaskie_16.tif,train,dolnoslaskie,0.2247,Developed,-45.3293,-17.4364
tonga_29.tif,train,tonga,0.3038,Water,14.2610,6.5082
slaskie_37.tif,train,slaskie,0.1098,Developed,-15.8787,46.8392
swietokrzyskie_6.tif,train,swietokrzyskie,0.1257,Rangeland,-28.5665,-10.1680
rotterdam_49.tif,train,rotterdam,0.3622,Water,16.8485,40.3561
mazowieckie_32.tif,train,mazowieckie,0.1764,Building,7.0869,0.8065
lodzkie_22.tif,train,lodzkie,0.1091,Road,-50.4440,-7.8875
kagera_12.tif,train,kagera,0.3939,Bareland,-13.2474,-1.8945
lubuskie_3.tif,train,lubuskie,0.1203,Building,-22.5009,9.8106
christchurch_26.tif,train,christchurch,0.2417,Agriculture,-16.1401,-6.6864
muenster_23.tif,train,muenster,0.2430,Developed,-38.1062,-2.8931
kitsap_36.tif,train,kitsap,0.2056,Bareland,4.0161,4.8125
kyoto_60.tif,train,kyoto,0.3190,Agriculture,-5.1215,-39.9098
vegas_47.tif,train,vegas,0.2778,Rangeland,37.9318,19.4973
western_21.tif,train,western,0.6055,Rangeland,-16.8275,26.8526
lubuskie_1.tif,train,lubuskie,0.2199,Road,-21.2942,9.4267
kitsap_1.tif,train,kitsap,0.2264,Water,0.8833,11.2285
western_10.tif,train,western,0.2030,Water,7.3744,9.9072
dowa_21.tif,train,dowa,0.3244,Rangeland,-7.1281,-41.2724
piura_30.tif,train,piura,0.3244,Rangeland,41.5360,-19.3117
dortmund_58.tif,train,dortmund,0.2232,Road,42.3231,-9.4244
baybay_65.tif,train,baybay,0.1152,Developed,-31.7106,8.4156
piura_37.tif,train,piura,0.1747,Water,-54.2756,-4.6295
accra_15.tif,train,accra,0.2013,Water,0.0864,28.2474
zanzibar_95.tif,train,zanzibar,0.2060,Water,8.8134,-10.9895
monrovia_67.tif,train,monrovia,0.3082,Rangeland,41.5262,-17.7982
wielkopolskie_23.tif,train,wielkopolskie,0.1544,Rangeland,-41.8851,-25.1054
lodzkie_11.tif,train,lodzkie,0.1497,Bareland,-42.8390,-4.8678
soriano_15.tif,train,soriano,0.2534,Water,22.3063,13.7961
duesseldorf_25.tif,train,duesseldorf,0.2974,Building,-23.2924,42.1802
chincha_50.tif,train,chincha,0.2334,Agriculture,-8.3427,-43.1456
bielefeld_55.tif,train,bielefeld,0.3586,Water,11.2993,15.7363
dowa_16.tif,train,dowa,0.2075,Agriculture,-1.9988,-27.7947
duesseldorf_38.tif,train,duesseldorf,0.3162,Rangeland,43.9552,1.0641
melbourne_9.tif,train,melbourne,0.3150,Building,28.2994,-11.8287
ica_20.tif,train,ica,0.2370,Bareland,59.8674,-10.1437
melbourne_65.tif,train,melbourne,0.2812,Water,7.8611,28.2319
bielefeld_16.tif,train,bielefeld,0.2017,Water,-33.6968,-12.1337
monrovia_66.tif,train,monrovia,0.3632,Road,-9.3165,-24.3285
paris_2.tif,train,paris,0.4676,Rangeland,19.3802,-3.1649
chisinau_7.tif,train,chisinau,0.2082,Rangeland,47.2509,-8.7228
piura_32.tif,train,piura,0.3762,Bareland,-6.0744,-16.0526
santiago_45.tif,train,santiago,0.2728,Water,-15.9462,-8.1668
lubuskie_4.tif,train,lubuskie,0.2250,Developed,-11.2221,-7.2655
piura_27.tif,train,piura,0.2500,Rangeland,47.9815,-1.3797
chisinau_50.tif,train,chisinau,0.1834,Agriculture,-2.1823,-27.4372
rio_15.tif,train,rio,0.2051,Rangeland,62.5288,2.7469
dhaka_24.tif,train,dhaka,0.2510,Agriculture,-3.5852,37.0671
abancay_1.tif,train,abancay,0.4227,Water,-10.2822,-29.5681
vienna_50.tif,train,vienna,0.1860,Road,42.2901,-6.9496
zanzibar_24.tif,train,zanzibar,0.2796,Developed,-25.1102,16.0390
svaneti_39.tif,train,svaneti,0.2049,Developed,-43.4342,-16.0669
daressalaam_61.tif,train,daressalaam,0.3335,Bareland,33.5794,27.2160
santiago_35.tif,train,santiago,0.2684,Water,24.4773,12.8158
koeln_45.tif,train,koeln,0.3162,Water,18.5380,19.1247
svaneti_41.tif,train,svaneti,0.5274,Agriculture,-11.6804,-2.0404
zanzibar_108.tif,train,zanzibar,0.2001,Tree,8.8899,-12.3128
koeln_70.tif,train,koeln,0.2634,Road,35.2766,-8.3067
lima_5.tif,train,lima,0.2869,Rangeland,-5.2989,51.2274
zanzibar_13.tif,train,zanzibar,0.3954,Developed,-27.3786,15.3811
lodzkie_4.tif,train,lodzkie,0.2722,Rangeland,-54.7999,-16.2527
tokyo_19.tif,train,tokyo,0.3323,Water,-2.2205,-35.8205
sechura_24.tif,train,sechura,0.2135,Rangeland,49.1678,-4.6441
tokyo_15.tif,train,tokyo,0.4243,Bareland,-0.3263,-33.9000
lambayeque_18.tif,train,lambayeque,0.2506,Water,23.3614,17.5169
chicago_28.tif,train,chicago,0.2175,Rangeland,41.3135,-4.5790
zanzibar_128.tif,train,zanzibar,0.4342,Water,-8.7704,23.7807
dolnoslaskie_19.tif,train,dolnoslaskie,0.3157,Developed,-38.1824,-3.0558
santiago_67.tif,train,santiago,0.3595,Bareland,-0.7975,23.6532
dortmund_4.tif,train,dortmund,0.1039,Water,-42.0181,-20.8219
chisinau_20.tif,train,chisinau,0.2033,Rangeland,44.0702,-10.0719
zanzibar_77.tif,train,zanzibar,0.2120,Tree,9.3821,-13.3026
baybay_12.tif,train,baybay,0.0935,Rangeland,-39.7215,-16.7891
chiclayo_4.tif,train,chiclayo,0.2725,Bareland,-17.9126,-38.2009
dhaka_10.tif,train,dhaka,0.2329,Rangeland,0.9817,44.7772
pisco_36.tif,train,pisco,0.7964,Bareland,-14.6766,21.7882
swietokrzyskie_17.tif,train,swietokrzyskie,0.2248,Tree,-31.8951,-24.2038
malopolskie_18.tif,train,malopolskie,0.0899,Road,-42.8999,-12.6065
chiangmai_16.tif,train,chiangmai,0.3302,Rangeland,-1.0402,5.0082
rotterdam_26.tif,train,rotterdam,0.3711,Water,16.9461,40.3924
christchurch_56.tif,train,christchurch,0.1384,Tree,11.3119,-8.2082
tonga_55.tif,train,tonga,0.2796,Tree,20.0661,-9.2008
daressalaam_122.tif,train,daressalaam,0.2816,Water,-38.8547,-0.1727
western_2.tif,train,western,0.7869,Road,-16.8115,23.3691
santiago_24.tif,train,santiago,0.4522,Water,24.0751,30.3533
muenster_38.tif,train,muenster,0.2746,Rangeland,42.1187,-8.5030
dolnoslaskie_17.tif,train,dolnoslaskie,0.1110,Developed,-52.0340,-13.2968
daressalaam_118.tif,train,daressalaam,0.3685,Water,-10.4067,-24.8017
abancay_47.tif,train,abancay,0.2850,Agriculture,-15.8991,-9.7346
dolnoslaskie_26.tif,train,dolnoslaskie,0.2485,Developed,-46.3051,-16.3968
lambayeque_20.tif,train,lambayeque,0.2416,Bareland,8.0054,41.1569
monrovia_4.tif,train,monrovia,0.2664,Road,-9.6070,-23.3666
sechura_28.tif,train,sechura,0.1941,Rangeland,53.5442,-8.5760
aachen_15.tif,train,aachen,0.2564,Water,-32.1818,-12.6220
chincha_34.tif,train,chincha,0.2859,Rangeland,5.4447,43.2400
baybay_20.tif,train,baybay,0.2533,Rangeland,-6.6975,36.8605
malopolskie_5.tif,train,malopolskie,0.1751,Road,-33.8756,-24.1573
chisinau_47.tif,train,chisinau,0.2582,Agriculture,-5.7735,-25.3816
daressalaam_33.tif,train,daressalaam,0.3298,Bareland,-4.0078,24.2194
chincha_37.tif,train,chincha,0.6199,Road,-10.2760,13.1316
baybay_43.tif,train,baybay,0.1174,Road,-40.9304,-13.8240
tokyo_30.tif,train,tokyo,0.4221,Building,40.5524,7.2995
coxsbazar_34.tif,train,coxsbazar,0.3502,Building,-35.7773,5.5518
coxsbazar_27.tif,train,coxsbazar,0.2390,Bareland,-38.3955,8.7894
bielefeld_4.tif,train,bielefeld,0.1441,Water,-26.5858,-13.6318
austin_23.tif,train,austin,0.3559,Rangeland,41.2444,4.2309
mazowieckie_5.tif,train,mazowieckie,0.2724,Tree,-48.7123,-26.0369
swietokrzyskie_22.tif,train,swietokrzyskie,0.2300,Tree,-45.8633,-24.6028
koeln_39.tif,train,koeln,0.1862,Water,-34.1315,-9.1674
vienna_66.tif,train,vienna,0.2472,Water,27.9932,20.4201
dolnoslaskie_9.tif,train,dolnoslaskie,0.3826,Water,-38.7436,-8.2863
rio_65.tif,train,rio,0.3231,Bareland,-25.4815,-6.7225
kyoto_24.tif,train,kyoto,0.3820,Water,-3.6665,-36.5337
zachodniopomorskie_7.tif,train,zachodniopomorskie,0.1224,Developed,-16.8032,7.6493
tonga_43.tif,train,tonga,0.3126,Tree,19.5425,-9.9818
coxsbazar_79.tif,train,coxsbazar,0.0660,Developed,-40.2257,-14.9429
zanzibar_126.tif,train,zanzibar,0.3521,Tree,7.9641,-16.5285
kitsap_46.tif,train,kitsap,0.0528,Developed,-24.5108,8.9514
maputo_5.tif,train,maputo,0.2621,Water,26.4417,19.9916
chicago_10.tif,train,chicago,0.2747,Rangeland,43.5623,-1.4977
ulaanbaatar_37.tif,train,ulaanbaatar,0.3473,Tree,-5.8275,22.4605
baybay_55.tif,train,baybay,0.1474,Road,-24.6068,-4.5677
santiago_6.tif,train,santiago,0.3693,Water,25.2233,27.5700
mazowieckie_22.tif,train,mazowieckie,0.2870,Bareland,-9.5331,-13.5988
svaneti_59.tif,train,svaneti,0.2944,Bareland,-20.5646,16.1207
chincha_20.tif,train,chincha,0.4563,Bareland,-8.9650,-33.6404
accra_67.tif,train,accra,0.3728,Rangeland,34.8245,1.0081
melbourne_3.tif,train,melbourne,0.2374,Developed,39.4351,-9.5332
baybay_19.tif,train,baybay,0.2966,Developed,-19.9954,27.4682
lima_44.tif,train,lima,0.3407,Tree,16.2023,-9.5601
khartoum_67.tif,train,khartoum,0.3665,Bareland,62.2461,0.1087
austin_40.tif,train,austin,0.2771,Water,32.5585,14.7567
chiangmai_14.tif,train,chiangmai,0.1917,Developed,-21.5168,30.8906
lambayeque_49.tif,train,lambayeque,0.3070,Water,-12.1748,-27.0887
daressalaam_67.tif,train,daressalaam,0.2486,Bareland,27.1140,5.0605
accra_63.tif,train,accra,0.3214,Water,29.0993,23.6087
christchurch_14.tif,train,christchurch,0.0967,Water,8.5079,-2.4788
viru_26.tif,train,viru,0.3992,Bareland,-15.7397,-33.5378
zanzibar_67.tif,train,zanzibar,0.4049,Road,-22.7756,5.0518
western_11.tif,train,western,0.7357,Water,-15.7868,24.1479
lambayeque_2.tif,train,lambayeque,0.3199,Agriculture,-3.5715,-30.3921
dhaka_63.tif,train,dhaka,0.2618,Developed,0.4421,49.1557
melbourne_21.tif,train,melbourne,0.3028,Rangeland,31.6630,-7.0268
vienna_35.tif,train,vienna,0.1635,Developed,39.2628,-11.2837
svaneti_29.tif,train,svaneti,0.1920,Water,7.2553,-1.9633
ngaoundere_35.tif,train,ngaoundere,0.3642,Water,-16.2192,-28.0912
pisco_5.tif,train,pisco,0.8501,Bareland,-16.7988,22.4105
dolnoslaskie_29.tif,train,dolnoslaskie,0.3482,Water,10.6374,-0.9200
ngaoundere_2.tif,train,ngaoundere,0.2631,Water,-17.6438,-36.5801
accra_69.tif,train,accra,0.7149,Bareland,-17.7092,20.1333
accra_46.tif,train,accra,0.5584,Rangeland,-48.0394,-3.4030
dhaka_38.tif,train,dhaka,0.2206,Road,1.0935,48.4387
chicago_38.tif,train,chicago,0.3003,Rangeland,52.2278,7.4649
podkarpackie_4.tif,train,podkarpackie,0.3547,Developed,-42.9928,8.6430
aachen_49.tif,train,aachen,0.3806,Water,-31.2538,-20.8510
tokyo_47.tif,train,tokyo,0.3671,Water,-18.9123,-26.2990
soriano_20.tif,train,soriano,0.2788,Developed,14.3401,-6.6801
kagera_11.tif,train,kagera,0.4073,Developed,-19.5246,-8.9731
daressalaam_1.tif,train,daressalaam,0.3285,Rangeland,48.5085,1.7544
dolnoslaskie_40.tif,train,dolnoslaskie,0.2129,Building,-56.4165,-8.8018
christchurch_41.tif,train,christchurch,0.3183,Water,14.0124,14.4726
bielefeld_41.tif,train,bielefeld,0.3087,Water,-25.1742,-16.6690
dhaka_6.tif,train,dhaka,0.3277,Road,-4.1093,45.2190
zanzibar_70.tif,train,zanzibar,0.1999,Road,-17.1624,6.0079
mahe_22.tif,train,mahe,0.1323,Bareland,-15.8666,41.0051
melbourne_68.tif,train,melbourne,0.2936,Tree,-4.3625,44.1319
swietokrzyskie_21.tif,train,swietokrzyskie,0.1552,Tree,-43.8015,-25.1784
lima_19.tif,train,lima,0.1138,Rangeland,61.8980,-3.6727
coxsbazar_53.tif,train,coxsbazar,0.3004,Bareland,-34.2887,12.1965
sechura_16.tif,train,sechura,0.1880,Bareland,56.6753,-6.1463
zanzibar_48.tif,train,zanzibar,0.1900,Road,-23.2469,-1.4555
mahe_56.tif,train,mahe,0.2774,Bareland,-19.8838,34.5125
chicago_14.tif,train,chicago,0.3191,Rangeland,39.7825,-1.8094
dortmund_61.tif,train,dortmund,0.3122,Bareland,11.4831,21.5212
christchurch_38.tif,train,christchurch,0.1933,Rangeland,44.3684,-12.1812
tonga_70.tif,train,tonga,0.3279,Water,15.9348,7.3155
daressalaam_112.tif,train,daressalaam,0.3277,Water,16.5354,20.0677
swietokrzyskie_31.tif,train,swietokrzyskie,0.1339,Tree,-45.0754,-26.0086
ngaoundere_26.tif,train,ngaoundere,0.3913,Bareland,-7.1058,-14.7765
dhaka_29.tif,train,dhaka,0.2231,Bareland,0.3232,44.4423
kyoto_36.tif,train,kyoto,0.3032,Bareland,-38.5247,-32.2106
pomorskie_20.tif,train,pomorskie,0.1067,Road,-15.0543,46.9624
viru_36.tif,train,viru,0.5870,Bareland,-11.9642,12.2907
ulaanbaatar_45.tif,train,ulaanbaatar,0.6291,Rangeland,32.1724,0.0831
koeln_31.tif,train,koeln,0.2091,Bareland,-40.3491,10.1283
duesseldorf_70.tif,train,duesseldorf,0.2570,Water,21.8018,11.7110
tonga_2.tif,train,tonga,0.3820,Bareland,2.0875,25.0095
tokyo_22.tif,train,tokyo,0.3557,Water,-4.2483,-37.6112
viru_35.tif,train,viru,0.2707,Bareland,-14.1521,-31.6166
pisco_4.tif,train,pisco,0.3890,Rangeland,-10.2910,-36.5883
melbourne_47.tif,train,melbourne,0.3169,Rangeland,47.2863,-7.0819
dortmund_37.tif,train,dortmund,0.1198,Water,-38.3750,-20.1705
daressalaam_41.tif,train,daressalaam,0.2887,Water,22.8022,22.5386
rio_3.tif,train,rio,0.4520,Water,23.3650,28.8502
coxsbazar_67.tif,train,coxsbazar,0.2068,Bareland,-31.1553,14.5105
dolnoslaskie_35.tif,train,dolnoslaskie,0.3026,Bareland,-11.5300,42.4681
bielefeld_23.tif,train,bielefeld,0.3385,Rangeland,36.3596,-4.6667
aachen_63.tif,train,aachen,0.2627,Water,-29.8115,-20.9005
kyoto_2.tif,train,kyoto,0.4624,Agriculture,4.5881,-29.4698
lima_42.tif,train,lima,0.8660,Bareland,-9.3828,17.3382
lambayeque_40.tif,train,lambayeque,0.1359,Rangeland,-1.0126,-45.8167
daressalaam_34.tif,train,daressalaam,0.2841,Rangeland,34.0543,-10.6473
maputo_15.tif,train,maputo,0.2497,Rangeland,50.5478,-5.9065
swietokrzyskie_33.tif,train,swietokrzyskie,0.1973,Rangeland,-47.6150,-24.8084
swietokrzyskie_3.tif,train,swietokrzyskie,0.3171,Rangeland,-40.8011,-23.4950
daressalaam_37.tif,train,daressalaam,0.3002,Rangeland,49.6907,0.5724
baybay_56.tif,train,baybay,0.3288,Bareland,-17.7358,34.8880
christchurch_34.tif,train,christchurch,0.2886,Water,14.1051,12.5947
lubuskie_2.tif,train,lubuskie,0.4039,Developed,-14.6881,2.6257
aachen_33.tif,train,aachen,0.2996,Water,18.0452,21.3115
tyrolw_52.tif,train,tyrolw,0.2978,Road,31.8383,-11.4014
dhaka_43.tif,train,dhaka,0.1745,Rangeland,0.6114,45.5101
monrovia_27.tif,train,monrovia,0.4494,Agriculture,-13.7951,-22.7416
dhaka_50.tif,train,dhaka,0.2552,Road,-1.0431,45.9904
duesseldorf_60.tif,train,duesseldorf,0.2641,Bareland,-40.1759,-31.8570
daressalaam_80.tif,train,daressalaam,0.3221,Agriculture,-10.2887,-19.6941
ica_4.tif,train,ica,0.2474,Water,17.2940,32.3830
coxsbazar_37.tif,train,coxsbazar,0.2935,Bareland,-34.0149,11.6429
lima_27.tif,train,lima,0.2968,Water,-10.5885,-34.1726
piura_49.tif,train,piura,0.1958,Bareland,-16.2546,-38.2229
duesseldorf_1.tif,train,duesseldorf,0.3341,Bareland,-5.9054,-11.3682
rotterdam_4.tif,train,rotterdam,0.3510,Water,15.4493,40.1321
abancay_33.tif,train,abancay,0.4166,Agriculture,3.0792,-27.4115
podlaskie_5.tif,train,podlaskie,0.2539,Water,-31.0023,5.7609
piura_33.tif,train,piura,0.2935,Rangeland,-53.1061,-0.3913
monrovia_72.tif,train,monrovia,0.3268,Agriculture,-8.7232,-21.2173
melbourne_1.tif,train,melbourne,0.3663,Water,6.2808,16.5671
rosario_2.tif,train,rosario,0.3554,Water,24.8628,24.7110
rotterdam_33.tif,train,rotterdam,0.3875,Rangeland,34.0281,-16.9041
kyoto_25.tif,train,kyoto,0.3312,Agriculture,-4.0694,37.1685
shanghai_67.tif,train,shanghai,0.2875,Rangeland,43.2946,4.4764
zanzibar_35.tif,train,zanzibar,0.2824,Road,-23.4978,-2.9745
daressalaam_49.tif,train,daressalaam,0.3197,Water,35.1282,27.5068
dowa_2.tif,train,dowa,0.2218,Rangeland,-41.3418,-28.4123
dhaka_2.tif,train,dhaka,0.3528,Rangeland,19.8453,24.2930
monrovia_16.tif,train,monrovia,0.2287,Water,6.2709,8.8300
pointenoire_4.tif,train,pointenoire,0.2366,Rangeland,51.0056,-8.6759
swietokrzyskie_40.tif,train,swietokrzyskie,0.1413,Developed,-47.9260,-17.5183
lima_18.tif,train,lima,0.2222,Agriculture,-10.5568,-41.5483
pomorskie_16.tif,train,pomorskie,0.1653,Developed,-38.5507,13.4010
muenster_19.tif,train,muenster,0.3123,Water,-31.4067,-12.3743
dhaka_26.tif,train,dhaka,0.3222,Rangeland,3.1170,43.8870
ngaoundere_61.tif,train,ngaoundere,0.2823,Tree,-16.0019,-19.8305
mahe_10.tif,train,mahe,0.2173,Water,-3.7127,-26.3785
rotterdam_24.tif,train,rotterdam,0.4010,Road,14.4208,38.9014
koeln_63.tif,train,koeln,0.2914,Water,23.6818,22.4516
chincha_23.tif,train,chincha,0.4106,Water,-12.2023,-35.2828
kyoto_56.tif,train,kyoto,0.3456,Water,-4.5716,-36.0684
ngaoundere_17.tif,train,ngaoundere,0.4339,Bareland,-2.1669,-12.1846
kagera_13.tif,train,kagera,0.4111,Agriculture,-27.4552,3.9113
koeln_53.tif,train,koeln,0.3041,Building,-31.8267,-11.2535
bielefeld_57.tif,train,bielefeld,0.3135,Developed,-1.2060,8.8948
zanzibar_93.tif,train,zanzibar,0.2938,Road,9.0237,-16.5192
pomorskie_36.tif,train,pomorskie,0.1365,Building,-21.8325,11.8378
aachen_43.tif,train,aachen,0.3183,Tree,30.9594,-7.8100
duesseldorf_62.tif,train,duesseldorf,0.4775,Bareland,-12.6679,42.9680
ngaoundere_51.tif,train,ngaoundere,0.2543,Water,-47.2259,-10.0609
tokyo_67.tif,train,tokyo,0.3996,Road,-1.0595,-38.9306
austin_6.tif,train,austin,0.2662,Rangeland,36.3333,11.7101
kagera_37.tif,train,kagera,0.3522,Bareland,-31.6049,4.9381
paris_22.tif,train,paris,0.5850,Rangeland,22.9218,-0.1307
piura_6.tif,train,piura,0.2214,Road,-25.0787,-32.8787
mahe_47.tif,train,mahe,0.2505,Bareland,-12.3455,45.3802
ica_2.tif,train,ica,0.4413,Water,-12.1298,-35.5019
accra_32.tif,train,accra,0.3119,Rangeland,44.3324,0.2428
mazowieckie_34.tif,train,mazowieckie,0.0982,Developed,-23.7218,-0.4636
viru_18.tif,train,viru,0.4850,Water,-16.6303,-33.1974
monrovia_42.tif,train,monrovia,0.5488,Water,-12.8789,42.1799
dortmund_22.tif,train,dortmund,0.2943,Water,11.6453,13.4053
bielefeld_46.tif,train,bielefeld,0.1135,Tree,-32.3968,-27.0190
vienna_19.tif,train,vienna,0.2200,Water,28.7356,19.7706
muenster_49.tif,train,muenster,0.2414,Rangeland,43.7674,-12.9326
podkarpackie_18.tif,train,podkarpackie,0.3617,Water,-22.7215,-16.4993
baybay_24.tif,train,baybay,0.1592,Agriculture,-37.1487,13.5143
christchurch_59.tif,train,christchurch,0.2597,Water,17.6755,9.6318
khartoum_56.tif,train,khartoum,0.4719,Rangeland,56.1682,5.9842
kagera_53.tif,train,kagera,0.2705,Road,-24.4528,-2.4321
sechura_1.tif,train,sechura,0.1523,Rangeland,55.0387,-6.7173
pomorskie_3.tif,train,pomorskie,0.4175,Road,-46.7592,-3.2055
viru_31.tif,train,viru,0.2806,Bareland,-23.4092,25.7569
abancay_27.tif,train,abancay,0.3637,Road,-18.0754,-16.9512
tonga_57.tif,train,tonga,0.3657,Tree,19.2459,-10.5889
tokyo_5.tif,train,tokyo,0.3043,Water,-9.7339,31.6777
dortmund_5.tif,train,dortmund,0.0529,Developed,-35.4571,-10.1636
chisinau_15.tif,train,chisinau,0.2050,Road,41.6820,-16.3004
pisco_45.tif,train,pisco,0.2550,Rangeland,7.9174,44.4353
monrovia_63.tif,train,monrovia,0.2708,Water,16.0998,20.1360
monrovia_58.tif,train,monrovia,0.2093,Water,21.0219,8.5631
chisinau_27.tif,train,chisinau,0.2242,Rangeland,49.5061,-11.0445
kagera_33.tif,train,kagera,0.5179,Water,-21.3485,-11.2789
daressalaam_74.tif,train,daressalaam,0.2088,Rangeland,39.0662,-16.8196
santiago_47.tif,train,santiago,0.4357,Water,10.9785,16.6105
coxsbazar_57.tif,train,coxsbazar,0.2504,Bareland,-37.5225,8.4905
podkarpackie_17.tif,train,podkarpackie,0.1663,Building,-52.4173,-12.5768
chiangmai_15.tif,train,chiangmai,0.1839,Rangeland,-5.4810,38.0300
soriano_11.tif,train,soriano,0.2704,Water,21.1308,11.0318
santiago_4.tif,train,santiago,0.3706,Tree,17.7630,-9.0818
chicago_36.tif,train,chicago,0.2856,Rangeland,46.7899,5.2167
tonga_35.tif,train,tonga,0.3271,Tree,-3.5275,43.1768
rio_14.tif,train,rio,0.1972,Tree,58.6272,-0.7052
tonga_14.tif,train,tonga,0.3687,Tree,18.3219,-10.8654
aachen_9.tif,train,aachen,0.2225,Developed,-0.8901,38.5527
slaskie_25.tif,train,slaskie,0.3769,Water,-1.8021,28.4723
rio_54.tif,train,rio,0.2134,Road,46.2598,12.4181
abancay_43.tif,train,abancay,0.2604,Rangeland,43.0687,-2.8752
accra_28.tif,train,accra,0.2969,Water,3.5679,11.5656
ngaoundere_63.tif,train,ngaoundere,0.7295,Bareland,-13.0484,20.6739
tokyo_58.tif,train,tokyo,0.3443,Agriculture,-1.6585,-38.8105
ngaoundere_59.tif,train,ngaoundere,0.2973,Rangeland,-9.7712,-43.3198
coxsbazar_75.tif,train,coxsbazar,0.1549,Developed,-29.0376,14.0412
slaskie_22.tif,train,slaskie,0.2205,Bareland,-1.4943,27.2227
accra_64.tif,train,accra,0.5714,Agriculture,3.2617,-26.6775
vienna_30.tif,train,vienna,0.1620,Tree,35.9334,-10.9399
aachen_7.tif,train,aachen,0.3896,Water,-9.7833,-17.2340
slaskie_27.tif,train,slaskie,0.2031,Water,9.9017,-2.2269
tonga_51.tif,train,tonga,0.2475,Water,7.4904,29.0685
daressalaam_66.tif,train,daressalaam,0.4060,Developed,17.3355,-13.1458
koeln_2.tif,train,koeln,0.3165,Water,-19.2110,-22.4305
dhaka_47.tif,train,dhaka,0.3123,Rangeland,2.7229,47.6212
piura_43.tif,train,piura,0.3544,Bareland,-4.3172,-9.6014
duesseldorf_50.tif,train,duesseldorf,0.2541,Developed,-42.9476,-1.9406
zanzibar_133.tif,train,zanzibar,0.2853,Tree,10.2258,-14.3798
tyrolw_62.tif,train,tyrolw,0.1041,Road,-32.0190,-28.5287
viru_43.tif,train,viru,0.3506,Water,-13.0611,-35.3073
duesseldorf_16.tif,train,duesseldorf,0.2603,Developed,-17.9066,45.4495
sechura_10.tif,train,sechura,0.1323,Rangeland,56.0794,-7.6361
daressalaam_84.tif,train,daressalaam,0.3260,Water,-12.7505,49.1627
rotterdam_15.tif,train,rotterdam,0.3573,Rangeland,14.8004,39.7372
wielkopolskie_8.tif,train,wielkopolskie,0.0939,Water,-33.0449,-28.5134
kyoto_6.tif,train,kyoto,0.1974,Water,-46.8972,-21.0161
chiclayo_23.tif,train,chiclayo,0.2438,Rangeland,42.2159,-3.7245
koeln_38.tif,train,koeln,0.1557,Rangeland,-4.4976,41.4247
ngaoundere_37.tif,train,ngaoundere,0.3572,Water,-8.0321,-28.2532
baybay_51.tif,train,baybay,0.1891,Rangeland,-39.2238,-17.1091
zanzibar_141.tif,train,zanzibar,0.6078,Bareland,-9.4983,23.9026
paris_28.tif,train,paris,0.4314,Water,19.6841,0.7943
mazowieckie_27.tif,train,mazowieckie,0.2505,Developed,8.0324,-4.2186
monrovia_12.tif,train,monrovia,0.3084,Water,-16.6859,-27.1115
khartoum_40.tif,train,khartoum,0.3241,Developed,59.7878,11.3804
abancay_3.tif,train,abancay,0.2739,Water,15.0906,14.7910
zanzibar_139.tif,train,zanzibar,0.3430,Tree,10.1769,-15.0386
muenster_33.tif,train,muenster,0.2651,Rangeland,38.3953,-13.0065
svaneti_48.tif,train,svaneti,0.2488,Agriculture,-15.8822,-11.1813
lambayeque_13.tif,train,lambayeque,0.3563,Water,35.2128,21.5777
chisinau_2.tif,train,chisinau,0.2666,Rangeland,48.7798,-8.3787
kitsap_10.tif,train,kitsap,0.2818,Water,30.2724,15.4260
pisco_14.tif,train,pisco,0.3729,Water,-52.0981,-19.6745
paris_45.tif,train,paris,0.4593,Water,20.4320,0.4772
duesseldorf_46.tif,train,duesseldorf,0.3208,Water,19.5277,21.4419
khartoum_26.tif,train,khartoum,0.2598,Developed,59.2074,11.1964
abancay_34.tif,train,abancay,0.2532,Bareland,-17.6582,-1.6917
ulaanbaatar_25.tif,train,ulaanbaatar,0.4017,Rangeland,34.5746,0.0083
koeln_64.tif,train,koeln,0.2766,Rangeland,39.0164,-5.9932
dhaka_35.tif,train,dhaka,0.0996,Road,-14.3628,47.7562
wielkopolskie_40.tif,train,wielkopolskie,0.2382,Water,-26.5793,-23.2053
lima_30.tif,train,lima,0.2556,Bareland,-10.5541,-40.6115
vienna_65.tif,train,vienna,0.2417,Rangeland,52.3209,-0.5759
monrovia_53.tif,train,monrovia,0.2665,Water,20.3892,37.4995
malopolskie_21.tif,train,malopolskie,0.2633,Developed,-43.6400,5.9498
shanghai_12.tif,train,shanghai,0.4814,Water,25.5401,30.6456
tonga_5.tif,train,tonga,0.4527,Bareland,1.8617,25.3101
khartoum_29.tif,train,khartoum,0.3541,Building,55.7804,-11.0069
dortmund_12.tif,train,dortmund,0.1776,Water,-39.8591,-20.3672
ica_30.tif,train,ica,0.9248,Bareland,-16.2126,20.7964
aachen_24.tif,train,aachen,0.1744,Road,-42.3029,-2.8517
tyrolw_25.tif,train,tyrolw,0.1864,Bareland,4.1233,6.6147
kampala_1.tif,train,kampala,0.2650,Water,11.0520,-2.0752
melbourne_28.tif,train,melbourne,0.2832,Water,23.7720,13.0772
aachen_70.tif,train,aachen,0.3483,Water,-23.6263,-13.9156
piura_2.tif,train,piura,0.2956,Road,-46.1846,-0.3202
tyrolw_28.tif,train,tyrolw,0.1726,Water,-28.1162,-18.1815
khartoum_27.tif,train,khartoum,0.3024,Developed,59.6630,11.5664
koeln_17.tif,train,koeln,0.2347,Rangeland,43.2312,-8.4743
coxsbazar_25.tif,train,coxsbazar,0.1913,Road,-7.9301,31.9773
austin_27.tif,train,austin,0.2261,Developed,39.3602,-12.1024
kitsap_44.tif,train,kitsap,0.0837,Rangeland,-2.2457,7.4211
lambayeque_1.tif,train,lambayeque,0.1363,Rangeland,-50.2255,-14.8848
malopolskie_11.tif,train,malopolskie,0.1773,Building,-55.2119,-5.7805
duesseldorf_29.tif,train,duesseldorf,0.2860,Water,24.8481,13.9323
kitsap_23.tif,train,kitsap,0.3355,Rangeland,38.2350,8.1123
kitsap_41.tif,train,kitsap,0.3088,Water,-1.1455,10.5571
viru_12.tif,train,viru,0.1879,Water,-17.5571,-40.8069
vienna_31.tif,train,vienna,0.2010,Rangeland,34.2197,7.7647
piura_50.tif,train,piura,0.2533,Rangeland,-6.3618,-44.3324
chincha_22.tif,train,chincha,0.4601,Water,-10.1006,-32.4101
piura_16.tif,train,piura,0.4770,Building,-14.2141,26.3204
khartoum_12.tif,train,khartoum,0.4397,Tree,60.7414,6.5881
daressalaam_113.tif,train,daressalaam,0.2132,Water,21.0605,37.2535
chincha_19.tif,train,chincha,0.3012,Water,-7.6420,-37.9526
warminsko-mazurskie_5.tif,train,warminsko-mazurskie,0.6490,Agriculture,-19.2478,-13.3582
baybay_42.tif,train,baybay,0.2417,Water,-22.1331,-18.8603
mahe_70.tif,train,mahe,0.2443,Rangeland,-0.7138,8.1820
dowa_12.tif,train,dowa,0.1634,Road,-42.2967,-13.1566
duesseldorf_45.tif,train,duesseldorf,0.3228,Tree,42.0264,6.1256
dhaka_32.tif,train,dhaka,0.2558,Road,-5.2803,44.8554
daressalaam_124.tif,train,daressalaam,0.1724,Water,23.8164,10.3388
zanzibar_107.tif,train,zanzibar,0.2271,Developed,9.7289,-13.1883
podlaskie_1.tif,train,podlaskie,0.0737,Developed,-52.4432,-14.3173
baybay_27.tif,train,baybay,0.1959,Rangeland,-6.2972,40.8614
kujawsko-pomorskie_10.tif,train,kujawsko-pomorskie,0.1405,Road,-14.1841,45.8949
dhaka_39.tif,train,dhaka,0.3298,Road,0.9742,49.2546
daressalaam_29.tif,train,daressalaam,0.3416,Water,19.1373,23.2663
muenster_48.tif,train,muenster,0.2844,Developed,37.8190,-12.4413
lima_20.tif,train,lima,0.1363,Tree,62.9673,-2.8853
mahe_1.tif,train,mahe,0.3399,Bareland,-12.4082,35.5237
dhaka_45.tif,train,dhaka,0.2447,Rangeland,0.5265,47.5251
ngaoundere_23.tif,train,ngaoundere,0.3326,Water,-17.6551,-25.2253
daressalaam_55.tif,train,daressalaam,0.3260,Water,35.3166,27.0920
daressalaam_82.tif,train,daressalaam,0.2714,Water,12.6331,3.3316
kyoto_23.tif,train,kyoto,0.3388,Water,-8.1809,-29.4049
lambayeque_36.tif,train,lambayeque,0.3469,Bareland,-53.4196,0.1588
rio_47.tif,train,rio,0.2603,Water,21.4302,19.8570
chincha_43.tif,train,chincha,0.2948,Rangeland,47.5507,-0.1214
kyoto_12.tif,train,kyoto,0.2648,Bareland,-38.6826,-32.5127
santiago_61.tif,train,santiago,0.4024,Water,24.9439,28.0710
koeln_34.tif,train,koeln,0.3191,Water,21.4617,22.1676
lohur_18.tif,train,lohur,0.4331,Water,-32.6589,-16.0493
shanghai_1.tif,train,shanghai,0.1504,Tree,51.2416,15.7371
muenster_10.tif,train,muenster,0.3123,Water,12.6369,9.4977
kujawsko-pomorskie_17.tif,train,kujawsko-pomorskie,0.2534,Developed,9.3498,-4.9172
dortmund_70.tif,train,dortmund,0.2001,Rangeland,-27.3014,-33.3918
monrovia_26.tif,train,monrovia,0.2974,Water,-9.5902,-24.2748
mazowieckie_13.tif,train,mazowieckie,0.2064,Water,-21.5620,-2.1750
tyrolw_19.tif,train,tyrolw,0.3570,Bareland,11.9545,27.6594
tokyo_40.tif,train,tokyo,0.3685,Agriculture,-1.2397,-37.9745
rotterdam_18.tif,train,rotterdam,0.2581,Road,33.3545,-16.2503
chiclayo_14.tif,train,chiclayo,0.2641,Water,-21.3822,30.1529
kyoto_42.tif,train,kyoto,0.6166,Water,-5.6077,-32.7958
chicago_20.tif,train,chicago,0.2932,Rangeland,42.6142,-0.7821
daressalaam_59.tif,train,daressalaam,0.2706,Bareland,11.3395,21.5620
maputo_4.tif,train,maputo,0.2240,Rangeland,44.7926,-7.3281
tyrolw_29.tif,train,tyrolw,0.2697,Road,33.2341,-10.9781
kyoto_69.tif,train,kyoto,0.2803,Road,-30.5047,28.0578
lubuskie_22.tif,train,lubuskie,0.0650,Water,0.8538,7.8231
piura_20.tif,train,piura,0.3529,Rangeland,-17.2500,-29.3817
chisinau_55.tif,train,chisinau,0.1926,Rangeland,46.9582,-9.8062
coxsbazar_61.tif,train,coxsbazar,0.1194,Developed,-33.1820,9.6494
zanzibar_112.tif,train,zanzibar,0.4500,Tree,10.8545,-15.5597
bielefeld_60.tif,train,bielefeld,0.3239,Rangeland,30.4727,-7.0227
rio_68.tif,train,rio,0.2296,Rangeland,-23.0817,8.8971
aachen_22.tif,train,aachen,0.2543,Water,-37.4794,-26.9081
zanzibar_37.tif,train,zanzibar,0.4547,Road,-27.0146,-1.6507
niamey_7.tif,train,niamey,0.3785,Rangeland,36.2099,-15.8638
chincha_10.tif,train,chincha,0.2632,Water,-11.1206,-38.7093
daressalaam_43.tif,train,daressalaam,0.3437,Water,35.8620,29.0152
shanghai_59.tif,train,shanghai,0.4024,Road,50.7602,12.5524
lima_7.tif,train,lima,0.2495,Agriculture,0.6954,-20.6895
khartoum_15.tif,train,khartoum,0.3311,Developed,59.5023,10.5960
tyrolw_6.tif,train,tyrolw,0.8526,Bareland,-15.0436,20.9341
tyrolw_5.tif,train,tyrolw,0.4168,Rangeland,-45.2302,4.6367
christchurch_44.tif,train,christchurch,0.3412,Water,-6.2077,-5.2825
melbourne_27.tif,train,melbourne,0.2982,Rangeland,46.0564,-0.4554
muenster_56.tif,train,muenster,0.2819,Water,-30.5905,-19.2418
kitsap_40.tif,train,kitsap,0.2050,Rangeland,-26.5542,13.4951
kyoto_39.tif,train,kyoto,0.2485,Bareland,-38.0741,-31.6518
baybay_16.tif,train,baybay,0.3325,Water,-16.8636,-27.4521
monrovia_75.tif,train,monrovia,0.2575,Agriculture,-7.8035,-21.5275
lambayeque_38.tif,train,lambayeque,0.3240,Bareland,-50.6968,-5.4033
daressalaam_47.tif,train,daressalaam,0.3640,Water,35.4451,28.3979
accra_49.tif,train,accra,0.2554,Rangeland,-48.9029,-22.7519
soriano_4.tif,train,soriano,0.2146,Tree,-26.0847,-24.2124
chiclayo_9.tif,train,chiclayo,0.3026,Water,-47.8883,-11.3357
christchurch_6.tif,train,christchurch,0.1721,Water,7.8542,0.7047
zachodniopomorskie_1.tif,train,zachodniopomorskie,0.1354,Road,-17.1391,48.5452
dortmund_47.tif,train,dortmund,0.3360,Water,-25.7446,-19.7140
paris_53.tif,train,paris,0.5375,Rangeland,22.5856,-0.7702
tonga_68.tif,train,tonga,0.3622,Rangeland,18.5744,-8.1051
rio_70.tif,train,rio,0.4066,Water,-48.8534,-6.6541
ulaanbaatar_35.tif,train,ulaanbaatar,0.4122,Agriculture,31.9735,1.0777
duesseldorf_43.tif,train,duesseldorf,0.2999,Water,-29.4179,-20.6786
tonga_52.tif,train,tonga,0.2955,Bareland,-3.6560,24.6641
ngaoundere_10.tif,train,ngaoundere,0.3759,Bareland,-7.1997,-14.9681
paris_3.tif,train,paris,0.4778,Rangeland,22.3822,-2.4326
lubuskie_12.tif,train,lubuskie,0.2897,Building,-20.3278,17.1307
dhaka_62.tif,train,dhaka,0.2496,Road,-5.4145,45.5361
baybay_54.tif,train,baybay,0.2008,Developed,-27.6303,-11.0889
vienna_11.tif,train,vienna,0.2025,Developed,40.3565,-10.2733
chisinau_34.tif,train,chisinau,0.2149,Rangeland,45.6775,-12.5229
rio_21.tif,train,rio,0.5170,Rangeland,21.9542,4.2166
lambayeque_32.tif,train,lambayeque,0.1723,Rangeland,-42.5515,-28.9456
lohur_37.tif,train,lohur,0.2158,Water,-28.3713,-23.3994
ulaanbaatar_21.tif,train,ulaanbaatar,0.7508,Road,-15.9920,27.6148
paris_66.tif,train,paris,0.4760,Developed,18.5533,-0.5177
kujawsko-pomorskie_16.tif,train,kujawsko-pomorskie,0.3215,Bareland,-50.4862,-5.3816
tonga_7.tif,train,tonga,0.2845,Tree,3.8590,31.1912
zanzibar_74.tif,train,zanzibar,0.4936,Bareland,-11.1381,-0.3116
dowa_19.tif,train,dowa,0.2751,Rangeland,-9.9472,-41.9251
niamey_13.tif,train,niamey,0.2334,Rangeland,-1.3183,44.3399
viru_47.tif,train,viru,0.4096,Bareland,-4.8133,-9.6615
melbourne_40.tif,train,melbourne,0.2922,Water,26.1755,24.5102
svaneti_5.tif,train,svaneti,0.3010,Water,-21.3436,-13.5175
svaneti_4.tif,train,svaneti,0.2779,Water,1.7645,9.6471
dolnoslaskie_13.tif,train,dolnoslaskie,0.2579,Rangeland,-28.1710,-11.0996
dortmund_29.tif,train,dortmund,0.1921,Water,-31.5214,-18.3021
aachen_1.tif,train,aachen,0.1387,Water,-46.5342,-11.6328
malopolskie_29.tif,train,malopolskie,0.3975,Tree,-49.0438,-22.3485
kitsap_17.tif,train,kitsap,0.1010,Agriculture,-22.4705,16.8598
dortmund_20.tif,train,dortmund,0.1632,Water,-34.7197,-9.3614
mazowieckie_6.tif,train,mazowieckie,0.2445,Water,-21.0708,-19.8279
muenster_16.tif,train,muenster,0.0960,Water,-46.3801,-11.9087
zanzibar_86.tif,train,zanzibar,0.5707,Tree,10.4956,-16.9727
rio_6.tif,train,rio,0.7091,Bareland,-10.6557,21.9688
paris_9.tif,train,paris,0.4756,Rangeland,22.7611,-1.6841
ulaanbaatar_13.tif,train,ulaanbaatar,0.4531,Rangeland,22.9259,-13.9150
paris_33.tif,train,paris,0.5492,Tree,13.9407,-14.8951
koeln_18.tif,train,koeln,0.2643,Rangeland,33.1763,-12.4673
vegas_3.tif,train,vegas,0.2318,Water,35.3017,15.7603
wielkopolskie_37.tif,train,wielkopolskie,0.2134,Rangeland,-42.4186,-0.9048
warminsko-mazurskie_7.tif,train,warminsko-mazurskie,0.2400,Road,-23.3583,2.2333
dolnoslaskie_39.tif,train,dolnoslaskie,0.1849,Developed,-56.4318,-8.8502
piura_23.tif,train,piura,0.2363,Bareland,-52.3887,-1.5568
vegas_38.tif,train,vegas,0.3451,Water,35.2836,18.2788
duesseldorf_12.tif,train,duesseldorf,0.3296,Rangeland,-22.0639,-29.9538
kitsap_25.tif,train,kitsap,0.3537,Rangeland,38.5220,8.5364
svaneti_36.tif,train,svaneti,0.2920,Agriculture,-17.1039,-18.0101
dortmund_45.tif,train,dortmund,0.1878,Water,-27.9881,-17.1789
lohur_25.tif,train,lohur,0.0983,Building,-56.3503,-9.9875
dortmund_19.tif,train,dortmund,0.2476,Water,-25.6898,-15.3448
pomorskie_14.tif,train,pomorskie,0.2512,Water,-46.8407,-9.6817
chicago_30.tif,train,chicago,0.3638,Water,24.4116,26.1536
tokyo_35.tif,train,tokyo,0.3214,Agriculture,-2.3872,-28.9859
shanghai_38.tif,train,shanghai,0.4241,Water,16.7218,0.0476
muenster_36.tif,train,muenster,0.2192,Road,37.2132,-10.3480
vienna_42.tif,train,vienna,0.2272,Water,22.1540,14.5859
paris_31.tif,train,paris,0.5626,Tree,14.3007,-14.5845
austin_9.tif,train,austin,0.2602,Water,31.7207,16.0404
koeln_44.tif,train,koeln,0.3133,Water,9.4801,13.5637
kagera_21.tif,train,kagera,0.3933,Road,-16.6548,2.5993
christchurch_51.tif,train,christchurch,0.2566,Water,17.8456,9.2114
paris_5.tif,train,paris,0.4094,Tree,22.1992,-4.9707
rio_23.tif,train,rio,0.2975,Tree,59.1031,0.3484
rio_39.tif,train,rio,0.3975,Bareland,5.8131,4.7391
pomorskie_10.tif,train,pomorskie,0.3476,Water,-47.4429,-6.3413
pisco_41.tif,train,pisco,0.2406,Rangeland,34.2122,-8.0386
mahe_63.tif,train,mahe,0.2106,Agriculture,-2.5494,36.5462
lubuskie_6.tif,train,lubuskie,0.4467,Water,-32.3712,-16.2104
aachen_13.tif,train,aachen,0.2845,Water,-20.0498,-28.7008
shanghai_37.tif,train,shanghai,0.4726,Water,1.7737,-34.2053
podkarpackie_15.tif,train,podkarpackie,0.4162,Water,-44.2443,-7.2014
swietokrzyskie_20.tif,train,swietokrzyskie,0.0768,Tree,-45.0319,-25.0824
daressalaam_71.tif,train,daressalaam,0.2847,Agriculture,-7.2625,-22.4252
vegas_28.tif,train,vegas,0.2915,Water,35.9025,20.8976
vienna_21.tif,train,vienna,0.2803,Developed,26.9909,-15.2590
khartoum_17.tif,train,khartoum,0.3273,Rangeland,55.2929,5.4814
shanghai_53.tif,train,shanghai,0.5382,Tree,25.4866,-0.2247
lohur_38.tif,train,lohur,0.2599,Water,-46.0152,-20.2701
monrovia_59.tif,train,monrovia,0.3096,Agriculture,-5.9590,-26.0954
koeln_67.tif,train,koeln,0.3662,Road,34.1082,-4.3789
tyrolw_31.tif,train,tyrolw,0.2556,Bareland,-40.9445,8.5824
santiago_60.tif,train,santiago,0.3717,Water,24.8603,27.3731
pomorskie_4.tif,train,pomorskie,0.4415,Water,-48.6688,-4.0464
ica_11.tif,train,ica,0.2143,Rangeland,47.6794,-4.4973
koeln_55.tif,train,koeln,0.1645,Road,-39.9971,11.7769
monrovia_3.tif,train,monrovia,0.3179,Water,-14.1741,-25.1358
bielefeld_64.tif,train,bielefeld,0.2107,Developed,-34.2288,-21.2632
accra_18.tif,train,accra,0.2017,Developed,-46.3565,-17.8435
tokyo_62.tif,train,tokyo,0.3845,Road,46.0342,9.9769
melbourne_44.tif,train,melbourne,0.2884,Water,27.7290,27.4801
chisinau_60.tif,train,chisinau,0.2459,Rangeland,48.5030,-11.3903
vienna_46.tif,train,vienna,0.2896,Bareland,28.8792,11.3891
tokyo_56.tif,train,tokyo,0.4592,Road,-0.8497,-37.3840
abancay_30.tif,train,abancay,0.2742,Water,19.4681,12.8427
duesseldorf_3.tif,train,duesseldorf,0.1126,Water,-42.1534,-20.5081
vegas_26.tif,train,vegas,0.2854,Water,18.9969,31.3385
pisco_15.tif,train,pisco,0.2998,Bareland,-19.0448,22.5086
khartoum_62.tif,train,khartoum,0.3470,Tree,60.9770,6.5599
lohur_33.tif,train,lohur,0.2764,Water,-22.0227,-23.0989
ngaoundere_33.tif,train,ngaoundere,0.3135,Water,-18.4689,-36.7911
ica_3.tif,train,ica,0.2382,Rangeland,47.2239,-2.7140
zanzibar_102.tif,train,zanzibar,0.4139,Tree,18.7903,-11.6841
santiago_19.tif,train,santiago,0.3043,Rangeland,52.4490,6.5653
austin_8.tif,train,austin,0.3337,Rangeland,38.4956,-2.2142
vegas_17.tif,train,vegas,0.2278,Rangeland,35.6396,15.0723
duesseldorf_19.tif,train,duesseldorf,0.1432,Road,-40.0096,11.4797
khartoum_60.tif,train,khartoum,0.2932,Road,58.3511,10.5081
christchurch_4.tif,train,christchurch,0.2479,Bareland,-16.4902,37.2686
paris_19.tif,train,paris,0.4788,Tree,25.3770,-4.6533
abancay_20.tif,train,abancay,0.2410,Rangeland,48.0475,-2.9804
wielkopolskie_24.tif,train,wielkopolskie,0.3569,Road,-24.7006,-28.0794
daressalaam_100.tif,train,daressalaam,0.2649,Road,7.6737,-8.0952
sechura_27.tif,train,sechura,0.2268,Rangeland,53.5851,-8.8896
shanghai_58.tif,train,shanghai,0.2530,Road,36.4023,-7.8239
dortmund_32.tif,train,dortmund,0.2454,Water,19.4195,18.3897
ica_25.tif,train,ica,0.5708,Road,-11.8117,11.9430
kyoto_57.tif,train,kyoto,0.3652,Water,-4.5804,-37.1626
shanghai_49.tif,train,shanghai,0.4381,Rangeland,24.8421,-1.6517
christchurch_63.tif,train,christchurch,0.3490,Water,4.8145,13.1111
coxsbazar_69.tif,train,coxsbazar,0.1800,Developed,-34.7129,10.0257
lambayeque_24.tif,train,lambayeque,0.6655,Agriculture,-18.6586,28.1675
western_18.tif,train,western,0.4695,Bareland,11.0376,23.1906
khartoum_1.tif,train,khartoum,0.4041,Developed,40.6316,5.6530
bielefeld_63.tif,train,bielefeld,0.3090,Water,-26.0694,-20.0826
piura_35.tif,train,piura,0.2855,Tree,-52.9891,-0.6784
santiago_64.tif,train,santiago,0.4523,Bareland,6.0325,34.2844
zanzibar_2.tif,train,zanzibar,0.2321,Developed,-22.8017,-0.9241
dhaka_14.tif,train,dhaka,0.2913,Bareland,-4.6787,47.8984
daressalaam_57.tif,train,daressalaam,0.2769,Rangeland,49.0288,1.9209
soriano_7.tif,train,soriano,0.2669,Water,15.5766,10.8770
rio_19.tif,train,rio,0.3107,Rangeland,49.5345,9.3207
tonga_38.tif,train,tonga,0.2338,Tree,12.6777,-9.3110
sechura_46.tif,train,sechura,0.2800,Rangeland,-27.4886,-30.9303
kitsap_32.tif,train,kitsap,0.1727,Developed,-1.9683,7.6837
santiago_48.tif,train,santiago,0.4242,Water,1.8504,14.2884
duesseldorf_32.tif,train,duesseldorf,0.2383,Water,24.8201,13.9174
rio_22.tif,train,rio,0.3685,Agriculture,-38.5073,14.0742
chisinau_62.tif,train,chisinau,0.2236,Rangeland,47.5455,-10.1684
abancay_23.tif,train,abancay,0.2072,Rangeland,44.1780,-4.2166
kitsap_34.tif,train,kitsap,0.0831,Water,-25.2041,10.5551
chisinau_57.tif,train,chisinau,0.2391,Rangeland,47.5485,-11.2222
shanghai_3.tif,train,shanghai,0.4332,Road,38.4339,1.1743
sechura_39.tif,train,sechura,0.1910,Bareland,56.1860,-6.0543
chisinau_1.tif,train,chisinau,0.2389,Rangeland,51.0381,-5.2820
ulaanbaatar_29.tif,train,ulaanbaatar,0.2518,Bareland,-15.0754,18.7764
chincha_3.tif,train,chincha,0.3135,Water,-8.3738,-38.5981
rio_64.tif,train,rio,0.4577,Water,3.2212,16.0482
muenster_30.tif,train,muenster,0.3771,Water,-23.7026,-16.8943
ulaanbaatar_26.tif,train,ulaanbaatar,0.3238,Bareland,6.7508,23.5691
mazowieckie_17.tif,train,mazowieckie,0.4007,Building,-27.8579,6.9766
santiago_43.tif,train,santiago,0.4305,Bareland,8.5189,4.7842
ica_36.tif,train,ica,0.2953,Rangeland,47.2391,4.4758
bielefeld_48.tif,train,bielefeld,0.2680,Water,22.3979,11.5732
paris_41.tif,train,paris,0.6283,Developed,21.1726,-4.3284
vegas_13.tif,train,vegas,0.5526,Water,18.7398,2.6205
pisco_24.tif,train,pisco,0.5286,Road,-53.6291,-2.6699
coxsbazar_32.tif,train,coxsbazar,0.2552,Road,-22.1300,-6.1787
ica_47.tif,train,ica,0.7594,Bareland,-9.7864,15.7585
tonga_53.tif,train,tonga,0.2282,Bareland,-1.9789,26.0729
sechura_29.tif,train,sechura,0.3986,Agriculture,7.0760,-34.9114
kagera_22.tif,train,kagera,0.5233,Agriculture,-28.0508,-3.0193
dortmund_41.tif,train,dortmund,0.2568,Water,-3.9608,-23.1450
accra_33.tif,train,accra,0.3540,Developed,9.0682,6.8253
chicago_4.tif,train,chicago,0.4415,Bareland,29.8601,5.9263
koeln_40.tif,train,koeln,0.3646,Rangeland,48.0999,9.0780
chincha_11.tif,train,chincha,0.3122,Water,-12.2630,-39.1726
malopolskie_6.tif,train,malopolskie,0.1985,Agriculture,-20.0983,-2.6602
melbourne_48.tif,val,melbourne,0.3152,Water,18.0104,12.7696
tokyo_53.tif,val,tokyo,0.4677,Water,0.4388,-35.7173
slaskie_35.tif,val,slaskie,0.2174,Bareland,-0.3286,36.6705
accra_12.tif,val,accra,0.4336,Water,30.0104,25.6657
malopolskie_2.tif,val,malopolskie,0.0470,Developed,-9.7970,-7.9854
chincha_14.tif,val,chincha,0.1842,Water,25.8407,8.8659
pisco_6.tif,val,pisco,0.0966,Water,-45.0585,-22.7310
ulaanbaatar_9.tif,val,ulaanbaatar,0.2928,Water,33.8903,2.5894
zanzibar_124.tif,val,zanzibar,0.4329,Road,10.0068,-16.0400
tonga_17.tif,val,tonga,0.2345,Tree,12.4716,-8.2030
mazowieckie_19.tif,val,mazowieckie,0.1637,Developed,-43.4793,-23.6235
koeln_36.tif,val,koeln,0.3363,Rangeland,48.0388,8.7049
piura_5.tif,val,piura,0.1307,Rangeland,58.0385,-8.7744
malopolskie_38.tif,val,malopolskie,0.2522,Rangeland,-25.0616,-6.3265
kujawsko-pomorskie_15.tif,val,kujawsko-pomorskie,0.2484,Bareland,8.1323,19.6233
rio_38.tif,val,rio,0.3309,Road,46.8174,11.3209
chincha_6.tif,val,chincha,0.3926,Agriculture,-8.0672,-39.9447
daressalaam_93.tif,val,daressalaam,0.2438,Water,-3.7425,-26.3634
ngaoundere_22.tif,val,ngaoundere,0.4795,Bareland,-4.3788,-14.0884
chicago_49.tif,val,chicago,0.2765,Water,3.6999,41.2725
santiago_15.tif,val,santiago,0.3863,Water,23.3943,30.2061
duesseldorf_39.tif,val,duesseldorf,0.1620,Rangeland,-0.6289,39.6005
aachen_18.tif,val,aachen,0.2645,Developed,-28.3182,-13.2674
accra_42.tif,val,accra,0.3473,Water,11.8078,15.6725
zachodniopomorskie_3.tif,val,zachodniopomorskie,0.1074,Developed,-19.8672,41.5607
slaskie_21.tif,val,slaskie,0.1326,Road,9.0322,-7.4360
viru_45.tif,val,viru,0.1484,Rangeland,-15.9670,-41.7219
ngaoundere_14.tif,val,ngaoundere,0.3467,Water,-13.5735,-31.7847
bielefeld_22.tif,val,bielefeld,0.3005,Water,-26.8178,-20.9693
accra_62.tif,val,accra,0.3112,Rangeland,45.2378,0.8472
svaneti_22.tif,val,svaneti,0.3660,Bareland,0.0752,18.9556
daressalaam_63.tif,val,daressalaam,0.3233,Rangeland,-6.5615,-45.2236
lima_32.tif,val,lima,0.3577,Bareland,-6.0748,48.6741
lohur_21.tif,val,lohur,0.2373,Rangeland,-27.8164,-30.8708
daressalaam_97.tif,val,daressalaam,0.2537,Water,6.1365,9.7876
tyrolw_2.tif,val,tyrolw,0.3285,Water,-18.3429,-25.8505
ngaoundere_12.tif,val,ngaoundere,0.3132,Water,-17.8437,-34.9340
pisco_42.tif,val,pisco,0.1749,Road,59.5245,-7.7436
coxsbazar_12.tif,val,coxsbazar,0.5574,Developed,-35.8940,5.2825
duesseldorf_68.tif,val,duesseldorf,0.3036,Water,-0.6662,40.8866
pointenoire_5.tif,val,pointenoire,0.2679,Rangeland,-6.0840,36.3664
coxsbazar_33.tif,val,coxsbazar,0.3326,Water,0.4192,28.5601
monrovia_56.tif,val,monrovia,0.3401,Agriculture,-10.5771,-26.0116
dhaka_57.tif,val,dhaka,0.2928,Road,-4.7136,45.1677
dhaka_33.tif,val,dhaka,0.2222,Developed,0.0329,47.7703
chincha_31.tif,val,chincha,0.1822,Rangeland,-24.9053,-34.2056
maputo_1.tif,val,maputo,0.2587,Water,23.4304,11.9372
rio_4.tif,val,rio,0.4193,Bareland,19.6035,27.6689
bielefeld_61.tif,val,bielefeld,0.2684,Water,-25.5183,-16.1644
chiangmai_2.tif,val,chiangmai,0.2552,Rangeland,-10.8172,39.3467
daressalaam_98.tif,val,daressalaam,0.2368,Water,6.5814,9.8565
chiclayo_17.tif,val,chiclayo,0.3461,Road,-22.5518,29.1029
tokyo_23.tif,val,tokyo,0.2909,Rangeland,-1.0104,44.6582
bielefeld_52.tif,val,bielefeld,0.2554,Water,20.6774,10.4430
paris_29.tif,val,paris,0.5316,Tree,25.4645,-4.0031
dortmund_15.tif,val,dortmund,0.1675,Water,-28.1472,-15.9202
maputo_13.tif,val,maputo,0.2662,Water,26.1916,19.8931
shanghai_5.tif,val,shanghai,0.5640,Building,59.3572,7.2088
paris_43.tif,val,paris,0.4583,Water,18.4548,1.0820
aachen_29.tif,val,aachen,0.2622,Rangeland,-30.2085,8.9820
zanzibar_36.tif,val,zanzibar,0.4508,Road,-22.9290,4.7972
niamey_11.tif,val,niamey,0.2402,Water,22.5888,19.0377
shanghai_19.tif,val,shanghai,0.2889,Tree,4.9116,28.7449
monrovia_8.tif,val,monrovia,0.2807,Rangeland,-12.3794,31.2067
dortmund_25.tif,val,dortmund,0.2230,Water,-32.0527,-18.9089
piura_41.tif,val,piura,0.1125,Road,62.2890,-7.4577
malopolskie_14.tif,val,malopolskie,0.2873,Building,-57.0273,-6.7389
slaskie_31.tif,val,slaskie,0.2080,Developed,-1.4162,30.1389
viru_22.tif,val,viru,0.3789,Road,-16.3166,-31.0468
chincha_4.tif,val,chincha,0.2390,Agriculture,-8.7222,-38.1509
dhaka_66.tif,val,dhaka,0.1939,Road,-7.8574,45.2976
kagera_34.tif,val,kagera,0.3830,Agriculture,-18.4935,-10.0342
daressalaam_46.tif,val,daressalaam,0.3303,Water,35.7865,29.1880
tokyo_3.tif,val,tokyo,0.4031,Water,-1.4206,-34.5082
tyrolw_1.tif,val,tyrolw,0.3487,Rangeland,-25.8735,12.7863
tokyo_34.tif,val,tokyo,0.3665,Water,-11.6432,-31.0824
ica_22.tif,val,ica,0.7041,Agriculture,-12.0794,-23.0590
zanzibar_116.tif,val,zanzibar,0.5845,Bareland,-10.7596,21.9765
ulaanbaatar_19.tif,val,ulaanbaatar,0.3678,Water,34.7488,2.0296
lohur_22.tif,val,lohur,0.2975,Water,-15.7726,-25.8699
coxsbazar_43.tif,val,coxsbazar,0.1834,Rangeland,-34.5021,9.9564
mahe_62.tif,val,mahe,0.2801,Water,3.9915,11.1872
baybay_18.tif,val,baybay,0.3999,Bareland,-32.3701,14.7452
bielefeld_40.tif,val,bielefeld,0.2249,Road,35.2932,-9.5520
mazowieckie_25.tif,val,mazowieckie,0.1576,Developed,-13.6751,-7.8162
muenster_31.tif,val,muenster,0.0789,Water,-45.5238,-13.1858
zanzibar_123.tif,val,zanzibar,0.0859,Building,7.6826,-15.7545
aachen_32.tif,val,aachen,0.2836,Rangeland,45.9778,2.1727
baybay_14.tif,val,baybay,0.2089,Rangeland,-33.8273,-8.9892
rosario_1.tif,val,rosario,0.4024,Rangeland,1.6293,42.8645
tonga_42.tif,val,tonga,0.3713,Tree,20.1025,-10.3463
kyoto_48.tif,val,kyoto,0.3116,Rangeland,-4.3549,-40.6420
dortmund_16.tif,val,dortmund,0.2560,Water,-4.1613,-23.2489
ngaoundere_43.tif,val,ngaoundere,0.6201,Bareland,-13.5984,20.9791
viru_3.tif,val,viru,0.3016,Bareland,-14.7254,-36.5692
chicago_50.tif,val,chicago,0.1685,Building,30.7924,-13.0115
khartoum_48.tif,val,khartoum,0.3450,Rangeland,57.0291,4.9644
vienna_26.tif,val,vienna,0.2349,Water,29.5025,20.6582
daressalaam_28.tif,val,daressalaam,0.3679,Agriculture,-2.0656,-7.4109
dortmund_56.tif,val,dortmund,0.2437,Water,10.3593,10.1917
podlaskie_8.tif,val,podlaskie,0.3807,Rangeland,-39.1494,-24.5640
paris_48.tif,val,paris,0.5583,Rangeland,24.0894,-2.8330
zanzibar_52.tif,val,zanzibar,0.2356,Agriculture,-20.2845,-2.5354
daressalaam_89.tif,val,daressalaam,0.2155,Water,-17.6381,-22.9390
wielkopolskie_20.tif,val,wielkopolskie,0.2485,Tree,-26.6535,-25.9344
mahe_13.tif,val,mahe,0.3297,Water,16.5198,34.4099
mazowieckie_30.tif,val,mazowieckie,0.1987,Water,-36.8459,18.1768
melbourne_50.tif,val,melbourne,0.2765,Tree,-31.4472,26.9601
paris_1.tif,val,paris,0.4218,Road,-3.1864,45.2692
zanzibar_140.tif,val,zanzibar,0.6339,Bareland,-9.6421,23.9784
baybay_44.tif,val,baybay,0.0086,Water,-50.3883,-13.5095
muenster_26.tif,val,muenster,0.3200,Water,13.8863,9.1802
accra_23.tif,val,accra,0.3645,Rangeland,37.4923,-3.2278
monrovia_23.tif,val,monrovia,0.2755,Water,-6.4983,-25.5423
zanzibar_21.tif,val,zanzibar,0.2693,Water,-30.9913,4.9185
daressalaam_52.tif,val,daressalaam,0.2964,Water,34.8340,28.3499
mazowieckie_7.tif,val,mazowieckie,0.2036,Developed,-42.2748,-15.3301
tokyo_54.tif,val,tokyo,0.4288,Bareland,-2.4709,-6.9571
chicago_17.tif,val,chicago,0.1722,Rangeland,48.0871,-18.1521
kinshasa_3.tif,val,kinshasa,0.2478,Water,16.6932,21.1950
daressalaam_127.tif,val,daressalaam,0.2113,Water,22.6297,19.1272
svaneti_7.tif,val,svaneti,0.3573,Water,-4.6029,-22.6668
paris_65.tif,val,paris,0.5282,Rangeland,22.2612,-1.4317
austin_49.tif,val,austin,0.2770,Water,7.4919,14.2583
monrovia_24.tif,val,monrovia,0.1388,Road,-39.7980,13.6364
austin_50.tif,val,austin,0.2361,Water,31.1294,15.8137
christchurch_2.tif,val,christchurch,0.3686,Water,1.6310,26.6708
svaneti_43.tif,val,svaneti,0.1571,Developed,-10.7485,-8.1178
baybay_41.tif,val,baybay,0.1685,Rangeland,-9.7909,40.1929
lohur_3.tif,val,lohur,0.0337,Developed,-43.3171,-18.0200
austin_12.tif,val,austin,0.2654,Rangeland,50.4632,5.5643
warminsko-mazurskie_9.tif,val,warminsko-mazurskie,0.1332,Road,-15.2513,49.3483
mahe_41.tif,val,mahe,0.2513,Bareland,-0.7030,19.6012
svaneti_46.tif,val,svaneti,0.1138,Road,-25.1749,15.7806
tyrolw_18.tif,val,tyrolw,0.3310,Road,-20.1048,8.4916
wielkopolskie_32.tif,val,wielkopolskie,0.2337,Agriculture,-15.8698,-20.1103
lambayeque_45.tif,val,lambayeque,0.1963,Rangeland,48.4681,-3.1677
melbourne_53.tif,val,melbourne,0.2899,Water,32.3290,14.8007
zanzibar_97.tif,val,zanzibar,0.3595,Bareland,-12.7654,47.5161
austin_17.tif,val,austin,0.2666,Water,26.2904,23.3758
dortmund_55.tif,val,dortmund,0.2723,Road,37.7377,-12.7751
western_23.tif,val,western,0.6249,Water,-11.9513,21.3051
vegas_39.tif,val,vegas,0.5756,Bareland,7.7429,34.1959
malopolskie_10.tif,val,malopolskie,0.3614,Water,-25.5834,-21.1762
rio_20.tif,val,rio,0.4272,Bareland,-1.4483,23.7440
melbourne_37.tif,val,melbourne,0.2664,Rangeland,43.6210,2.9124
austin_19.tif,val,austin,0.1004,Developed,-9.7144,43.3629
coxsbazar_56.tif,val,coxsbazar,0.3554,Water,-20.3029,-30.0746
dolnoslaskie_7.tif,val,dolnoslaskie,0.1445,Developed,-25.6671,7.3304
christchurch_30.tif,val,christchurch,0.2392,Water,17.3981,9.4136
chincha_30.tif,val,chincha,0.2832,Agriculture,1.2011,-29.5271
lima_24.tif,val,lima,0.4285,Bareland,-6.1090,16.3702
pointenoire_8.tif,val,pointenoire,0.2526,Water,25.1870,19.8895
paris_24.tif,val,paris,0.3889,Water,9.8268,8.0022
zanzibar_16.tif,val,zanzibar,0.1518,Road,-20.6693,8.6249
santiago_50.tif,val,santiago,0.2995,Water,0.0040,11.5414
pomorskie_9.tif,val,pomorskie,0.2919,Road,-38.5732,13.4101
piura_21.tif,val,piura,0.2271,Rangeland,48.8143,-4.8727
viru_46.tif,val,viru,0.3624,Bareland,-5.4635,-10.9167
dhaka_7.tif,val,dhaka,0.3514,Bareland,-16.7551,38.8766
kyoto_38.tif,val,kyoto,0.2269,Water,-37.8542,-28.5131
santiago_57.tif,val,santiago,0.4375,Tree,24.7573,-4.7107
santiago_51.tif,val,santiago,0.3646,Rangeland,40.3039,2.5488
ulaanbaatar_34.tif,val,ulaanbaatar,0.4516,Bareland,6.3352,23.4018
dhaka_1.tif,val,dhaka,0.3352,Rangeland,3.3119,48.4757
khartoum_33.tif,val,khartoum,0.3624,Bareland,40.2576,18.8450
aachen_14.tif,val,aachen,0.2841,Water,-26.7022,-19.3123
kagera_69.tif,val,kagera,0.2438,Water,15.1034,11.8275
chisinau_18.tif,val,chisinau,0.2286,Agriculture,0.4582,-26.5689
vienna_51.tif,val,vienna,0.2019,Rangeland,40.6369,-10.7400
tonga_34.tif,val,tonga,0.3699,Bareland,0.3227,23.6970
khartoum_68.tif,val,khartoum,0.4173,Rangeland,59.7097,2.6449
swietokrzyskie_15.tif,val,swietokrzyskie,0.2822,Rangeland,-46.0593,-24.8465
coxsbazar_44.tif,val,coxsbazar,0.2266,Bareland,-40.2375,9.1461
lima_10.tif,val,lima,0.2949,Bareland,-8.7244,-32.2070
vienna_33.tif,val,vienna,0.3816,Building,1.0568,40.2919
kitsap_19.tif,val,kitsap,0.1560,Bareland,4.2074,6.6039
chisinau_24.tif,val,chisinau,0.1824,Rangeland,47.3027,-10.3621
daressalaam_19.tif,val,daressalaam,0.3373,Developed,-7.0427,35.1604
svaneti_37.tif,val,svaneti,0.2205,Water,-40.2464,-10.9383
rosario_6.tif,val,rosario,0.3604,Rangeland,1.1587,42.7881
tyrolw_41.tif,val,tyrolw,0.1998,Developed,-36.6136,-13.4157
bielefeld_24.tif,val,bielefeld,0.3822,Bareland,27.7838,3.4060
aachen_52.tif,val,aachen,0.2501,Tree,-25.7141,-25.5980
slaskie_39.tif,val,slaskie,0.5142,Agriculture,-32.8742,25.1239
mahe_8.tif,val,mahe,0.2612,Rangeland,-1.6199,43.6507
ngaoundere_64.tif,val,ngaoundere,0.5365,Bareland,-6.0370,-13.7203
accra_6.tif,val,accra,0.2950,Rangeland,48.7036,2.2245
bielefeld_35.tif,val,bielefeld,0.3526,Water,4.1749,11.9877
malopolskie_36.tif,val,malopolskie,0.3315,Water,-38.0521,-28.2179
svaneti_55.tif,val,svaneti,0.2540,Developed,-11.0879,-8.2579
vegas_32.tif,val,vegas,0.8821,Bareland,-10.2234,17.5911
shanghai_20.tif,val,shanghai,0.5707,Water,1.9518,-33.5338
kujawsko-pomorskie_19.tif,val,kujawsko-pomorskie,0.2451,Agriculture,-41.9465,11.9605
baybay_22.tif,val,baybay,0.3361,Rangeland,-24.6577,-10.0538
tyrolw_3.tif,val,tyrolw,0.1612,Water,6.6036,-1.7038
swietokrzyskie_7.tif,val,swietokrzyskie,0.2130,Building,-55.1044,-7.9558
zanzibar_32.tif,val,zanzibar,0.2878,Agriculture,-19.1448,-1.5177
kyoto_61.tif,val,kyoto,0.3299,Water,-3.7940,-29.2508
vienna_38.tif,val,vienna,0.4186,Road,38.0766,3.8845
christchurch_11.tif,val,christchurch,0.2300,Developed,34.5561,7.5535
zanzibar_115.tif,val,zanzibar,0.7218,Bareland,-10.7205,24.6267
chiclayo_35.tif,val,chiclayo,0.9756,Road,9.7116,-33.9037
kyoto_20.tif,val,kyoto,0.3544,Water,-5.7935,-37.6901
mahe_59.tif,val,mahe,0.1968,Water,-13.6178,6.8804
vienna_14.tif,val,vienna,0.2303,Water,28.7967,20.2695
christchurch_35.tif,val,christchurch,0.2690,Water,13.2395,13.2455
daressalaam_58.tif,val,daressalaam,0.3301,Developed,51.0217,1.4143
bielefeld_66.tif,val,bielefeld,0.1894,Water,1.2028,7.9010
svaneti_69.tif,val,svaneti,0.1525,Road,7.1759,-13.5377
sechura_42.tif,val,sechura,0.1251,Rangeland,57.7961,-8.9276
duesseldorf_54.tif,val,duesseldorf,0.3033,Water,25.7810,26.1414
pomorskie_39.tif,val,pomorskie,0.6181,Road,-38.0203,4.3664
khartoum_9.tif,val,khartoum,0.4195,Developed,60.4870,11.8607
austin_24.tif,val,austin,0.2863,Rangeland,36.1952,8.1766
bielefeld_38.tif,val,bielefeld,0.2434,Road,35.3705,-9.2188
ngaoundere_47.tif,val,ngaoundere,0.3803,Rangeland,-16.9194,-30.2763
niamey_10.tif,val,niamey,0.2451,Agriculture,-8.8524,40.0842
paris_6.tif,test,paris,0.4572,Rangeland,25.8790,-2.5842
accra_68.tif,test,accra,0.3424,Water,28.2257,24.1814
pomorskie_40.tif,test,pomorskie,0.2908,Water,-39.1559,-0.2410
swietokrzyskie_11.tif,test,swietokrzyskie,0.2896,Water,-50.3904,-20.0261
lambayeque_12.tif,test,lambayeque,0.2814,Tree,31.8259,-4.5158
kitsap_3.tif,test,kitsap,0.2810,Bareland,-7.7957,46.6469
koeln_28.tif,test,koeln,0.2741,Water,12.6338,11.0984
ica_37.tif,test,ica,0.3240,Bareland,32.2604,22.9593
koeln_43.tif,test,koeln,0.1565,Rangeland,-6.5938,41.7339
paris_13.tif,test,paris,0.5163,Rangeland,21.8246,-1.3320
bielefeld_33.tif,test,bielefeld,0.3496,Water,12.3973,8.7851
bielefeld_27.tif,test,bielefeld,0.2680,Road,-7.5707,36.9167
christchurch_32.tif,test,christchurch,0.2624,Water,14.7588,13.3727
kitsap_20.tif,test,kitsap,0.2356,Water,16.6942,17.2972
shanghai_2.tif,test,shanghai,0.3497,Road,-9.7456,31.3669
vienna_2.tif,test,vienna,0.2608,Rangeland,53.4914,-0.5915
santiago_54.tif,test,santiago,0.2526,Road,8.2431,-15.2569
daressalaam_40.tif,test,daressalaam,0.2898,Agriculture,-10.8146,-21.7164
lambayeque_31.tif,test,lambayeque,0.1949,Rangeland,-27.4963,-33.3095
melbourne_29.tif,test,melbourne,0.2169,Rangeland,45.3363,-2.1748
melbourne_13.tif,test,melbourne,0.2929,Developed,26.1125,-12.5937
tokyo_38.tif,test,tokyo,0.3488,Water,0.9281,-36.1558
tyrolw_7.tif,test,tyrolw,0.3391,Bareland,-22.1100,-21.7980
zanzibar_28.tif,test,zanzibar,0.2780,Developed,-27.0610,-5.5376
chicago_8.tif,test,chicago,0.2781,Rangeland,43.4328,-1.8886
viru_39.tif,test,viru,0.2737,Road,-22.1453,28.2958
coxsbazar_46.tif,test,coxsbazar,0.2536,Bareland,-37.9321,8.4146
lima_22.tif,test,lima,0.1397,Tree,61.5488,-4.1330
paris_46.tif,test,paris,0.4297,Water,18.5254,1.1846
dhaka_48.tif,test,dhaka,0.1696,Road,-14.6141,48.2149
daressalaam_24.tif,test,daressalaam,0.3571,Agriculture,-6.8092,35.2053
lohur_9.tif,test,lohur,0.3517,Water,-16.6465,-25.8054
vienna_58.tif,test,vienna,0.2705,Water,9.5015,10.8885
viru_6.tif,test,viru,0.3601,Rangeland,5.1200,-26.9705
svaneti_63.tif,test,svaneti,0.2554,Road,-41.2946,-13.0205
abancay_45.tif,test,abancay,0.3182,Agriculture,-17.2842,-18.4053
tonga_4.tif,test,tonga,0.2673,Tree,22.3767,-9.8688
austin_48.tif,test,austin,0.2933,Water,6.9594,13.0558
daressalaam_104.tif,test,daressalaam,0.2569,Road,-24.3597,-31.4356
austin_20.tif,test,austin,0.2821,Rangeland,50.5000,5.6510
zanzibar_120.tif,test,zanzibar,0.3902,Tree,9.7954,-15.9017
podkarpackie_13.tif,test,podkarpackie,0.4937,Agriculture,-17.8652,-14.6774
baybay_11.tif,test,baybay,0.2177,Bareland,-18.1834,36.1214
aachen_27.tif,test,aachen,0.2719,Water,-30.4163,-20.0109
coxsbazar_65.tif,test,coxsbazar,0.1753,Water,-32.2877,7.5312
melbourne_62.tif,test,melbourne,0.2546,Developed,26.0744,-12.8798
daressalaam_108.tif,test,daressalaam,0.2750,Agriculture,-8.9684,-22.8856
maputo_11.tif,test,maputo,0.2325,Water,23.7266,17.5754
melbourne_61.tif,test,melbourne,0.2822,Road,33.1279,-10.1020
abancay_11.tif,test,abancay,0.3536,Agriculture,-10.3895,-19.7752
duesseldorf_51.tif,test,duesseldorf,0.2448,Water,-32.5099,-20.2710
zanzibar_122.tif,test,zanzibar,0.8119,Bareland,-9.9272,25.4932
coxsbazar_76.tif,test,coxsbazar,0.0910,Rangeland,-27.9699,13.2539
daressalaam_56.tif,test,daressalaam,0.3069,Rangeland,50.9825,1.4472
chicago_2.tif,test,chicago,0.2545,Bareland,34.5043,10.3148
kyoto_27.tif,test,kyoto,0.4347,Water,-37.3503,-29.4126
lubuskie_21.tif,test,lubuskie,0.1525,Developed,-9.2308,42.7992
tonga_22.tif,test,tonga,0.3689,Tree,-31.1210,28.4223
koeln_8.tif,test,koeln,0.2285,Rangeland,-35.3836,-19.1439
kagera_44.tif,test,kagera,0.3446,Developed,-19.0844,-10.0624
ngaoundere_56.tif,test,ngaoundere,0.4520,Water,-10.7126,3.6286
paris_51.tif,test,paris,0.4216,Developed,18.8076,-3.6394
khartoum_61.tif,test,khartoum,0.4795,Road,60.9595,10.6277
dortmund_50.tif,test,dortmund,0.2718,Water,-21.0596,-26.5025
podkarpackie_9.tif,test,podkarpackie,0.3187,Developed,-42.8362,1.3215
christchurch_66.tif,test,christchurch,0.1243,Road,-14.6280,46.7121
pisco_49.tif,test,pisco,0.1969,Rangeland,33.6868,-6.9514
zanzibar_146.tif,test,zanzibar,0.4579,Tree,11.1970,-15.4973
rotterdam_13.tif,test,rotterdam,0.3674,Water,16.9076,39.7701
mahe_67.tif,test,mahe,0.2282,Water,-0.0427,9.6489
tyrolw_49.tif,test,tyrolw,0.2714,Road,-23.6291,-32.2029
coxsbazar_36.tif,test,coxsbazar,0.3188,Water,-37.8958,6.4372
vegas_7.tif,test,vegas,0.3340,Water,35.0349,17.3024
koeln_27.tif,test,koeln,0.2822,Developed,20.5358,-15.6551
monrovia_60.tif,test,monrovia,0.2403,Rangeland,43.2813,-13.8035
swietokrzyskie_37.tif,test,swietokrzyskie,0.0945,Rangeland,-50.5684,-14.6882
mahe_30.tif,test,mahe,0.1681,Bareland,-10.9105,43.9768
daressalaam_99.tif,test,daressalaam,0.1797,Water,-4.5702,-24.4490
duesseldorf_28.tif,test,duesseldorf,0.3040,Water,14.2706,10.3768
vegas_10.tif,test,vegas,0.3066,Water,36.1883,19.3792
daressalaam_75.tif,test,daressalaam,0.2326,Tree,10.5893,-7.3233
daressalaam_65.tif,test,daressalaam,0.3396,Bareland,35.5277,30.1361
chiclayo_30.tif,test,chiclayo,0.3209,Building,-46.1566,-6.6668
vienna_25.tif,test,vienna,0.2235,Rangeland,53.1823,-0.5396
chisinau_4.tif,test,chisinau,0.2166,Rangeland,45.3007,-14.5644
zanzibar_30.tif,test,zanzibar,0.3075,Road,-22.0133,0.4974
lima_12.tif,test,lima,0.9002,Bareland,-9.1479,19.3944
chiangmai_3.tif,test,chiangmai,0.2718,Water,-0.1453,32.3023
lambayeque_6.tif,test,lambayeque,0.1716,Rangeland,48.8890,-1.9848
muenster_15.tif,test,muenster,0.2627,Water,-15.4680,-23.7120
pomorskie_33.tif,test,pomorskie,0.2313,Water,-43.9169,-2.5708
coxsbazar_73.tif,test,coxsbazar,0.0765,Bareland,-29.7871,14.0899
accra_20.tif,test,accra,0.3309,Road,17.5560,-8.0249
vienna_41.tif,test,vienna,0.3017,Road,31.8989,-14.3997
ngaoundere_52.tif,test,ngaoundere,0.4374,Rangeland,3.6949,-27.4991
aachen_12.tif,test,aachen,0.2976,Water,-25.3688,-18.2000
dowa_20.tif,test,dowa,0.2445,Water,-45.3889,-21.8840
rio_59.tif,test,rio,0.3323,Rangeland,46.4236,2.2685
wielkopolskie_4.tif,test,wielkopolskie,0.0944,Road,-55.4097,-1.4106
zanzibar_69.tif,test,zanzibar,0.3023,Developed,-21.4547,0.4768
monrovia_31.tif,test,monrovia,0.3685,Agriculture,-7.2270,-22.8898
coxsbazar_38.tif,test,coxsbazar,0.5141,Bareland,-33.7517,12.2444
ica_46.tif,test,ica,0.3649,Bareland,-14.6579,-37.0367
warminsko-mazurskie_4.tif,test,warminsko-mazurskie,0.1372,Road,-20.7532,8.8811
mahe_28.tif,test,mahe,0.2149,Bareland,-16.1855,38.3416
aachen_26.tif,test,aachen,0.3027,Rangeland,45.5495,1.7579
tonga_46.tif,test,tonga,0.4266,Water,17.3089,-13.9977
dortmund_68.tif,test,dortmund,0.3323,Water,10.6193,14.9283
swietokrzyskie_27.tif,test,swietokrzyskie,0.1393,Road,-49.8217,-28.6067
melbourne_6.tif,test,melbourne,0.2845,Water,17.7279,12.9610
zanzibar_98.tif,test,zanzibar,0.4601,Bareland,8.2374,36.2420
zanzibar_57.tif,test,zanzibar,0.3440,Agriculture,-26.7915,-4.6814
mahe_48.tif,test,mahe,0.2308,Rangeland,-0.7582,39.4403
daressalaam_105.tif,test,daressalaam,0.2048,Rangeland,44.9726,-6.3935
abancay_19.tif,test,abancay,0.2593,Rangeland,47.0141,-1.2086
lohur_10.tif,test,lohur,0.2484,Rangeland,-34.8125,-26.4253
tyrolw_8.tif,test,tyrolw,0.6872,Bareland,-10.5825,16.0096
rotterdam_40.tif,test,rotterdam,0.3743,Water,16.1285,38.7888
santiago_10.tif,test,santiago,0.3782,Water,3.0481,13.1654
chicago_39.tif,test,chicago,0.3532,Rangeland,52.2340,7.4597
svaneti_19.tif,test,svaneti,0.2877,Road,-29.6521,-24.7745
dowa_14.tif,test,dowa,0.2972,Bareland,-14.1416,-37.7078
dortmund_35.tif,test,dortmund,0.1582,Rangeland,-7.9724,-1.7793
coxsbazar_62.tif,test,coxsbazar,0.3486,Water,-20.3249,-30.1660
bielefeld_26.tif,test,bielefeld,0.2930,Water,20.5303,10.5798
chisinau_8.tif,test,chisinau,0.1872,Rangeland,42.4642,-10.7388
viru_14.tif,test,viru,0.1003,Water,-43.3853,-20.4850
wielkopolskie_35.tif,test,wielkopolskie,0.1769,Developed,-28.4259,-8.9169
dhaka_44.tif,test,dhaka,0.3078,Road,-6.5299,45.6495
koeln_9.tif,test,koeln,0.2637,Road,-1.4600,41.2688
pomorskie_29.tif,test,pomorskie,0.1740,Rangeland,-44.6951,-0.0358
sechura_34.tif,test,sechura,0.2027,Rangeland,56.9344,-7.9636
svaneti_56.tif,test,svaneti,0.2294,Bareland,-10.1936,-9.9399
mahe_26.tif,test,mahe,0.2123,Rangeland,-5.8393,43.3605
lima_47.tif,test,lima,0.5326,Agriculture,-29.6080,1.2430
zanzibar_90.tif,test,zanzibar,0.5454,Bareland,-7.6096,23.8927
mahe_39.tif,test,mahe,0.2115,Bareland,-0.3196,36.7677
dolnoslaskie_1.tif,test,dolnoslaskie,0.1742,Bareland,2.1845,5.3211
tyrolw_14.tif,test,tyrolw,0.2188,Road,-17.5422,5.8105
sechura_13.tif,test,sechura,0.1467,Rangeland,58.5658,-7.3631
viru_48.tif,test,viru,0.1776,Water,-16.0022,-41.5065
koeln_30.tif,test,koeln,0.1462,Rangeland,-42.9273,-28.1766
muenster_55.tif,test,muenster,0.2637,Water,10.4102,11.0838
koeln_23.tif,test,koeln,0.2285,Water,-40.5437,-21.9146
chicago_9.tif,test,chicago,0.3215,Rangeland,42.5357,-0.6710
mahe_55.tif,test,mahe,0.2345,Bareland,-14.5597,38.7453
sechura_47.tif,test,sechura,0.3371,Agriculture,1.6677,-27.4749
muenster_66.tif,test,muenster,0.2162,Water,-29.0001,-16.7156
austin_33.tif,test,austin,0.2759,Water,16.5242,15.0104
kyoto_5.tif,test,kyoto,0.3304,Water,-6.9771,-35.2201
bogota_6.tif,test,bogota,0.2940,Rangeland,39.1570,-13.5989
ngaoundere_53.tif,test,ngaoundere,0.3317,Rangeland,36.1028,0.5525
kujawsko-pomorskie_1.tif,test,kujawsko-pomorskie,0.0655,Developed,-20.7494,45.3542
mahe_68.tif,test,mahe,0.2554,Rangeland,0.1649,9.0325
rotterdam_27.tif,test,rotterdam,0.1056,Road,-14.3499,47.5853
tyrolw_37.tif,test,tyrolw,0.2222,Road,-29.2069,-28.5487
duesseldorf_13.tif,test,duesseldorf,0.1848,Road,-29.8695,-28.5992
lima_34.tif,test,lima,0.4785,Bareland,-1.4099,-18.9497
duesseldorf_64.tif,test,duesseldorf,0.3058,Rangeland,31.2137,-7.5472
chiclayo_41.tif,test,chiclayo,0.3435,Bareland,0.4527,-9.8612
mahe_49.tif,test,mahe,0.2864,Bareland,-12.3276,45.2162
koeln_14.tif,test,koeln,0.3535,Water,18.9308,19.9368
podkarpackie_20.tif,test,podkarpackie,0.1671,Developed,-31.4864,-24.2650
rio_34.tif,test,rio,0.3801,Road,45.3223,11.6681
duesseldorf_10.tif,test,duesseldorf,0.2904,Bareland,9.8891,27.0154
pomorskie_7.tif,test,pomorskie,0.4129,Water,-47.3988,-5.0905
tonga_45.tif,test,tonga,0.4449,Bareland,0.8391,23.0303
zanzibar_56.tif,test,zanzibar,0.4723,Rangeland,-19.7930,-8.4321
zanzibar_46.tif,test,zanzibar,0.3326,Agriculture,-23.0886,-3.6041
christchurch_68.tif,test,christchurch,0.5365,Water,-33.6610,-0.8779
kyoto_9.tif,test,kyoto,0.3730,Bareland,-2.0654,-17.8504
chincha_45.tif,test,chincha,0.3099,Water,25.8917,16.7532
melbourne_36.tif,test,melbourne,0.2208,Water,31.9151,11.7986
kyoto_4.tif,test,kyoto,0.3713,Water,-13.2140,-40.3745
bielefeld_20.tif,test,bielefeld,0.4037,Water,12.5543,17.2097
chiclayo_32.tif,test,chiclayo,0.3553,Water,-48.5099,-12.4007
khartoum_16.tif,test,khartoum,0.3463,Tree,60.0976,0.6855
pomorskie_26.tif,test,pomorskie,0.1156,Building,-20.9713,45.0030
melbourne_58.tif,test,melbourne,0.3182,Water,3.3070,13.8396
chincha_39.tif,test,chincha,0.8039,Building,-10.3564,13.7045
rotterdam_20.tif,test,rotterdam,0.4058,Water,16.3536,38.0699
daressalaam_6.tif,test,daressalaam,0.3131,Rangeland,0.7247,41.4124
tyrolw_17.tif,test,tyrolw,0.3266,Bareland,11.9566,27.6238
baybay_59.tif,test,baybay,0.1465,Water,-32.0316,6.9556
mahe_36.tif,test,mahe,0.3271,Bareland,-17.2709,38.6095
pisco_43.tif,test,pisco,0.2194,Bareland,1.5983,44.3664
pointenoire_6.tif,test,pointenoire,0.2371,Rangeland,51.0110,-8.5888
christchurch_40.tif,test,christchurch,0.3179,Rangeland,38.6119,-2.6699
rotterdam_29.tif,test,rotterdam,0.3532,Water,15.1616,39.4556
christchurch_19.tif,test,christchurch,0.2680,Water,16.7074,11.1451
coxsbazar_14.tif,test,coxsbazar,0.2436,Rangeland,-50.6867,-10.9344
paris_59.tif,test,paris,0.5317,Rangeland,22.9047,-1.2201
koeln_41.tif,test,koeln,0.1897,Rangeland,-35.8608,-20.4160
dortmund_48.tif,test,dortmund,0.3017,Rangeland,47.9482,-12.5645
maputo_17.tif,test,maputo,0.3088,Water,28.8040,21.9493
pisco_17.tif,test,pisco,0.2336,Rangeland,-40.9096,-29.0535
svaneti_21.tif,test,svaneti,0.3224,Bareland,-8.3717,-14.1412
dowa_11.tif,test,dowa,0.2580,Rangeland,-5.8074,-41.4638
aachen_46.tif,test,aachen,0.3607,Water,-4.8324,-28.2490
maputo_2.tif,test,maputo,0.2401,Water,22.6652,16.4675
tonga_18.tif,test,tonga,0.5671,Water,16.8387,-14.3097
kujawsko-pomorskie_12.tif,test,kujawsko-pomorskie,0.2219,Developed,-28.3192,-27.0985
soriano_16.tif,test,soriano,0.4744,Bareland,61.7279,6.4232
khartoum_58.tif,test,khartoum,0.3480,Rangeland,56.7326,4.9587
accra_66.tif,test,accra,0.1533,Developed,-0.2196,28.2748
western_3.tif,test,western,0.6874,Road,-16.9412,26.4371
kyoto_7.tif,test,kyoto,0.3548,Water,-12.7128,-33.1448
koeln_7.tif,test,koeln,0.2701,Water,10.3428,13.2528
christchurch_25.tif,test,christchurch,0.2064,Developed,-13.7117,-7.8355
austin_22.tif,test,austin,0.2016,Water,32.6828,16.6527
austin_32.tif,test,austin,0.2133,Water,30.5851,10.9072
svaneti_14.tif,test,svaneti,0.3013,Rangeland,-35.2779,-18.3706
chisinau_48.tif,test,chisinau,0.1767,Rangeland,-7.1746,43.1631
coxsbazar_16.tif,test,coxsbazar,0.2586,Developed,-55.2692,-2.4821
dhaka_5.tif,test,dhaka,0.2878,Agriculture,-8.2948,36.3516
kyoto_14.tif,test,kyoto,0.4129,Water,-5.2063,-36.5276
lima_37.tif,test,lima,0.5808,Bareland,-7.4647,15.6849
malopolskie_34.tif,test,malopolskie,0.1022,Developed,-25.6027,8.3575
accra_59.tif,test,accra,0.1834,Agriculture,-2.5895,31.8550
coxsbazar_7.tif,test,coxsbazar,0.4032,Road,-23.5218,2.3368
